{"type":"FeatureCollection","features":[{"type":"Feature","geometry":{"type":"MultiPolygon","coordinates":[[[[-73.863,40.584],[-73.864,40.584],[-73.865,40.584],[-73.865,40.583],[-73.866,40.583],[-73.867,40.582],[-73.868,40.582],[-73.869,40.582],[-73.87,40.582],[-73.87,40.583],[-73.871,40.583],[-73.871,40.584],[-73.871,40.585],[-73.871,40.586],[-73.871,40.587],[-73.87,40.59],[-73.868,40.59],[-73.868,40.591],[-73.867,40.592],[-73.866,40.592],[-73.865,40.592],[-73.864,40.591],[-73.863,40.591],[-73.863,40.59],[-73.862,40.59],[-73.862,40.589],[-73.861,40.588],[-73.861,40.587],[-73.862,40.587],[-73.862,40.586],[-73.862,40.585],[-73.863,40.584]]],[[[-73.87,40.599],[-73.87,40.597],[-73.87,40.599]]],[[[-73.87,40.599],[-73.871,40.599],[-73.871,40.603],[-73.87,40.602],[-73.87,40.599]]],[[[-73.852,40.597],[-73.853,40.597],[-73.854,40.597],[-73.855,40.597],[-73.855,40.596],[-73.856,40.596],[-73.857,40.596],[-73.858,40.596],[-73.86,40.596],[-73.861,40.597],[-73.861,40.598],[-73.862,40.598],[-73.863,40.599],[-73.863,40.6],[-73.863,40.601],[-73.862,40.602],[-73.861,40.602],[-73.861,40.603],[-73.861,40.602],[-73.859,40.602],[-73.855,40.602],[-73.854,40.601],[-73.853,40.601],[-73.852,40.6],[-73.851,40.599],[-73.852,40.598],[-73.852,40.597]]],[[[-73.867,40.604],[-73.868,40.603],[-73.868,40.604],[-73.867,40.604]]],[[[-73.847,40.605],[-73.846,40.605],[-73.846,40.604],[-73.846,40.605],[-73.845,40.605],[-73.846,40.605],[-73.845,40.605],[-73.846,40.605],[-73.845,40.605],[-73.844,40.605],[-73.845,40.605],[-73.845,40.604],[-73.846,40.604],[-73.845,40.604],[-73.846,40.604],[-73.846,40.603],[-73.846,40.604],[-73.847,40.604],[-73.846,40.604],[-73.847,40.604],[-73.847,40.605],[-73.848,40.605],[-73.847,40.605]]],[[[-73.848,40.605]]],[[[-73.848,40.606],[-73.849,40.606],[-73.848,40.606]]],[[[-73.835,40.607],[-73.836,40.606],[-73.835,40.607],[-73.835,40.608],[-73.834,40.608],[-73.835,40.607]]],[[[-73.867,40.608],[-73.869,40.607],[-73.869,40.608],[-73.868,40.608],[-73.867,40.608]]],[[[-73.87,40.606],[-73.871,40.605],[-73.871,40.606],[-73.873,40.608],[-73.873,40.609],[-73.873,40.611],[-73.872,40.61],[-73.871,40.61],[-73.871,40.609],[-73.87,40.606]]],[[[-73.85,40.612],[-73.85,40.611],[-73.85,40.61],[-73.849,40.61],[-73.85,40.61],[-73.85,40.609],[-73.85,40.61],[-73.851,40.609],[-73.852,40.609],[-73.851,40.609],[-73.852,40.609],[-73.852,40.608],[-73.853,40.608],[-73.854,40.608],[-73.855,40.608],[-73.854,40.608],[-73.854,40.607],[-73.855,40.607],[-73.855,40.608],[-73.855,40.609],[-73.856,40.609],[-73.855,40.609],[-73.855,40.61],[-73.856,40.609],[-73.856,40.61],[-73.856,40.611],[-73.856,40.61],[-73.856,40.611],[-73.857,40.611],[-73.856,40.611],[-73.856,40.61],[-73.855,40.61],[-73.856,40.61],[-73.855,40.61],[-73.854,40.61],[-73.853,40.61],[-73.852,40.61],[-73.852,40.611],[-73.853,40.611],[-73.852,40.611],[-73.852,40.612],[-73.851,40.612],[-73.851,40.611],[-73.851,40.612],[-73.85,40.612]]],[[[-73.845,40.614],[-73.844,40.614],[-73.844,40.613],[-73.843,40.613],[-73.842,40.613],[-73.842,40.612],[-73.841,40.612],[-73.842,40.612],[-73.841,40.612],[-73.841,40.611],[-73.841,40.612],[-73.84,40.612],[-73.839,40.612],[-73.839,40.613],[-73.838,40.613],[-73.837,40.613],[-73.836,40.612],[-73.837,40.612],[-73.837,40.611],[-73.838,40.611],[-73.838,40.61],[-73.838,40.609],[-73.839,40.609],[-73.839,40.608],[-73.84,40.608],[-73.84,40.609],[-73.841,40.609],[-73.841,40.608],[-73.84,40.608],[-73.839,40.608],[-73.84,40.608],[-73.84,40.607],[-73.841,40.607],[-73.841,40.606],[-73.84,40.606],[-73.841,40.606],[-73.84,40.606],[-73.841,40.606],[-73.841,40.605],[-73.841,40.606],[-73.841,40.605],[-73.842,40.605],[-73.842,40.604],[-73.843,40.604],[-73.843,40.605],[-73.843,40.604],[-73.844,40.604],[-73.844,40.605],[-73.843,40.605],[-73.842,40.605],[-73.843,40.605],[-73.844,40.605],[-73.844,40.606],[-73.844,40.605],[-73.845,40.605],[-73.844,40.605],[-73.845,40.605],[-73.845,40.606],[-73.844,40.606],[-73.844,40.607],[-73.845,40.607],[-73.845,40.606],[-73.845,40.605],[-73.846,40.605],[-73.847,40.605],[-73.847,40.606],[-73.846,40.606],[-73.846,40.607],[-73.847,40.607],[-73.846,40.607],[-73.847,40.607],[-73.846,40.607],[-73.847,40.607],[-73.846,40.607],[-73.847,40.607],[-73.846,40.607],[-73.847,40.607],[-73.847,40.606],[-73.847,40.607],[-73.847,40.606],[-73.847,40.607],[-73.846,40.607],[-73.846,40.606],[-73.847,40.606],[-73.848,40.606],[-73.849,40.606],[-73.85,40.606],[-73.85,40.607],[-73.849,40.607],[-73.849,40.606],[-73.849,40.607],[-73.849,40.606],[-73.849,40.607],[-73.848,40.607],[-73.847,40.607],[-73.848,40.607],[-73.847,40.607],[-73.847,40.608],[-73.846,40.608],[-73.845,40.608],[-73.846,40.608],[-73.846,40.609],[-73.846,40.61],[-73.845,40.61],[-73.846,40.61],[-73.845,40.61],[-73.846,40.61],[-73.846,40.611],[-73.845,40.611],[-73.845,40.612],[-73.845,40.613],[-73.846,40.613],[-73.845,40.613],[-73.845,40.614],[-73.846,40.614],[-73.845,40.614]]],[[[-73.834,40.621],[-73.834,40.619],[-73.834,40.616],[-73.834,40.614],[-73.835,40.614],[-73.835,40.615],[-73.836,40.615],[-73.837,40.615],[-73.838,40.615],[-73.838,40.616],[-73.837,40.616],[-73.836,40.616],[-73.836,40.617],[-73.835,40.617],[-73.835,40.618],[-73.835,40.619],[-73.836,40.619],[-73.836,40.62],[-73.835,40.62],[-73.834,40.62],[-73.835,40.62],[-73.834,40.62],[-73.834,40.621]]],[[[-73.835,40.623],[-73.834,40.623],[-73.834,40.622],[-73.834,40.623],[-73.834,40.621],[-73.835,40.621],[-73.835,40.622],[-73.835,40.623]]],[[[-73.85,40.623],[-73.849,40.623],[-73.849,40.622],[-73.849,40.623],[-73.849,40.622],[-73.849,40.621],[-73.85,40.621],[-73.851,40.621],[-73.851,40.62],[-73.852,40.62],[-73.853,40.62],[-73.854,40.62],[-73.855,40.62],[-73.856,40.62],[-73.857,40.62],[-73.858,40.62],[-73.857,40.62],[-73.857,40.621],[-73.856,40.621],[-73.856,40.622],[-73.855,40.622],[-73.855,40.621],[-73.854,40.621],[-73.854,40.62],[-73.853,40.62],[-73.853,40.621],[-73.853,40.62],[-73.852,40.62],[-73.852,40.621],[-73.851,40.621],[-73.851,40.622],[-73.852,40.622],[-73.852,40.623],[-73.851,40.623],[-73.85,40.623],[-73.85,40.624],[-73.85,40.623]]],[[[-73.834,40.624]]],[[[-73.862,40.624],[-73.863,40.624],[-73.863,40.623],[-73.864,40.623],[-73.864,40.624],[-73.863,40.624],[-73.864,40.624],[-73.863,40.624],[-73.862,40.624]]],[[[-73.846,40.625],[-73.845,40.625],[-73.845,40.624],[-73.844,40.624],[-73.843,40.624],[-73.843,40.623],[-73.844,40.623],[-73.845,40.623],[-73.846,40.623],[-73.845,40.623],[-73.845,40.624],[-73.846,40.624],[-73.845,40.624],[-73.846,40.624],[-73.846,40.625]]],[[[-73.858,40.625],[-73.857,40.625],[-73.858,40.625]]],[[[-73.841,40.627],[-73.84,40.627],[-73.84,40.626],[-73.841,40.626],[-73.842,40.626],[-73.842,40.627],[-73.841,40.627],[-73.842,40.627],[-73.841,40.627],[-73.84,40.627],[-73.841,40.627]]],[[[-73.869,40.617],[-73.87,40.617],[-73.871,40.617],[-73.872,40.617],[-73.872,40.616],[-73.873,40.616],[-73.874,40.616],[-73.875,40.616],[-73.876,40.616],[-73.877,40.616],[-73.878,40.616],[-73.879,40.616],[-73.879,40.617],[-73.88,40.617],[-73.88,40.618],[-73.88,40.619],[-73.879,40.62],[-73.879,40.621],[-73.878,40.621],[-73.878,40.622],[-73.877,40.622],[-73.876,40.622],[-73.876,40.623],[-73.875,40.623],[-73.875,40.624],[-73.867,40.628],[-73.866,40.628],[-73.865,40.628],[-73.865,40.627],[-73.865,40.626],[-73.865,40.625],[-73.866,40.625],[-73.866,40.624],[-73.867,40.624],[-73.867,40.623],[-73.866,40.623],[-73.865,40.622],[-73.865,40.621],[-73.865,40.62],[-73.865,40.619],[-73.866,40.619],[-73.866,40.618],[-73.867,40.618],[-73.868,40.618],[-73.868,40.617],[-73.869,40.617]]],[[[-73.848,40.629],[-73.849,40.629],[-73.848,40.629]]],[[[-73.849,40.631],[-73.848,40.631],[-73.848,40.63],[-73.849,40.63],[-73.849,40.631]]],[[[-73.853,40.632],[-73.853,40.631],[-73.852,40.631],[-73.852,40.63],[-73.853,40.63],[-73.853,40.631],[-73.854,40.631],[-73.854,40.63],[-73.855,40.63],[-73.856,40.63],[-73.857,40.63],[-73.858,40.63],[-73.859,40.63],[-73.859,40.631],[-73.858,40.631],[-73.858,40.632],[-73.858,40.633],[-73.857,40.633],[-73.856,40.633],[-73.855,40.633],[-73.855,40.634],[-73.854,40.634],[-73.853,40.634],[-73.852,40.634],[-73.852,40.633],[-73.853,40.633],[-73.853,40.632]]],[[[-73.846,40.635],[-73.847,40.635],[-73.847,40.634],[-73.848,40.633],[-73.849,40.633],[-73.849,40.632],[-73.85,40.632],[-73.85,40.633],[-73.85,40.634],[-73.85,40.635],[-73.849,40.635],[-73.849,40.636],[-73.849,40.637],[-73.848,40.637],[-73.848,40.638],[-73.847,40.638],[-73.847,40.639],[-73.846,40.639],[-73.846,40.638],[-73.846,40.637],[-73.845,40.637],[-73.844,40.637],[-73.845,40.636],[-73.846,40.636],[-73.846,40.635]]],[[[-73.888,40.647],[-73.889,40.647],[-73.888,40.647]]],[[[-73.861,40.673],[-73.86,40.671],[-73.859,40.671],[-73.859,40.672],[-73.858,40.672],[-73.857,40.67],[-73.857,40.669],[-73.857,40.668],[-73.856,40.667],[-73.856,40.666],[-73.856,40.664],[-73.857,40.664],[-73.858,40.664],[-73.858,40.663],[-73.858,40.662],[-73.858,40.661],[-73.858,40.66],[-73.859,40.66],[-73.86,40.66],[-73.861,40.659],[-73.862,40.659],[-73.863,40.658],[-73.863,40.657],[-73.863,40.656],[-73.862,40.655],[-73.861,40.655],[-73.86,40.654],[-73.859,40.653],[-73.857,40.65],[-73.858,40.65],[-73.858,40.649],[-73.858,40.648],[-73.858,40.647],[-73.857,40.644],[-73.858,40.644],[-73.858,40.643],[-73.859,40.643],[-73.86,40.643],[-73.861,40.643],[-73.862,40.643],[-73.863,40.643],[-73.863,40.642],[-73.864,40.642],[-73.864,40.641],[-73.865,40.641],[-73.867,40.64],[-73.866,40.639],[-73.867,40.64],[-73.869,40.641],[-73.87,40.643],[-73.87,40.644],[-73.871,40.645],[-73.872,40.645],[-73.873,40.646],[-73.873,40.647],[-73.874,40.647],[-73.876,40.65],[-73.876,40.651],[-73.879,40.655],[-73.88,40.654],[-73.879,40.654],[-73.877,40.651],[-73.877,40.65],[-73.874,40.646],[-73.873,40.646],[-73.873,40.645],[-73.873,40.644],[-73.873,40.643],[-73.872,40.642],[-73.871,40.641],[-73.871,40.64],[-73.87,40.64],[-73.87,40.639],[-73.869,40.638],[-73.868,40.638],[-73.869,40.638],[-73.869,40.637],[-73.87,40.637],[-73.869,40.638],[-73.87,40.638],[-73.871,40.638],[-73.871,40.637],[-73.872,40.637],[-73.872,40.636],[-73.873,40.636],[-73.874,40.636],[-73.874,40.637],[-73.875,40.637],[-73.876,40.637],[-73.876,40.638],[-73.877,40.639],[-73.878,40.639],[-73.879,40.639],[-73.879,40.64],[-73.88,40.64],[-73.88,40.641],[-73.881,40.641],[-73.881,40.642],[-73.88,40.641],[-73.88,40.642],[-73.88,40.641],[-73.88,40.642],[-73.881,40.642],[-73.882,40.642],[-73.882,40.643],[-73.882,40.644],[-73.883,40.644],[-73.883,40.645],[-73.884,40.645],[-73.884,40.644],[-73.885,40.644],[-73.886,40.644],[-73.886,40.645],[-73.887,40.645],[-73.887,40.646],[-73.888,40.646],[-73.888,40.647],[-73.888,40.648],[-73.889,40.648],[-73.889,40.649],[-73.89,40.649],[-73.891,40.649],[-73.891,40.65],[-73.892,40.65],[-73.893,40.649],[-73.893,40.648],[-73.894,40.648],[-73.895,40.648],[-73.895,40.647],[-73.896,40.647],[-73.897,40.646],[-73.899,40.648],[-73.9,40.649],[-73.901,40.649],[-73.902,40.648],[-73.903,40.647],[-73.904,40.647],[-73.905,40.646],[-73.906,40.645],[-73.907,40.645],[-73.908,40.644],[-73.909,40.643],[-73.91,40.643],[-73.911,40.642],[-73.912,40.642],[-73.912,40.641],[-73.913,40.641],[-73.914,40.641],[-73.914,40.64],[-73.915,40.64],[-73.916,40.639],[-73.917,40.639],[-73.919,40.641],[-73.92,40.641],[-73.92,40.642],[-73.92,40.643],[-73.92,40.644],[-73.92,40.645],[-73.92,40.646],[-73.92,40.647],[-73.92,40.649],[-73.921,40.649],[-73.922,40.649],[-73.922,40.651],[-73.923,40.651],[-73.924,40.651],[-73.923,40.651],[-73.923,40.652],[-73.923,40.653],[-73.922,40.653],[-73.921,40.653],[-73.92,40.653],[-73.919,40.653],[-73.918,40.654],[-73.917,40.654],[-73.917,40.655],[-73.916,40.655],[-73.915,40.656],[-73.914,40.657],[-73.913,40.657],[-73.912,40.657],[-73.91,40.657],[-73.91,40.658],[-73.909,40.658],[-73.908,40.658],[-73.907,40.658],[-73.906,40.658],[-73.905,40.658],[-73.904,40.658],[-73.903,40.659],[-73.902,40.659],[-73.901,40.659],[-73.902,40.66],[-73.902,40.662],[-73.902,40.663],[-73.903,40.664],[-73.903,40.665],[-73.903,40.666],[-73.903,40.667],[-73.904,40.668],[-73.903,40.668],[-73.902,40.668],[-73.901,40.669],[-73.9,40.669],[-73.9,40.67],[-73.899,40.67],[-73.898,40.67],[-73.897,40.67],[-73.895,40.671],[-73.896,40.672],[-73.896,40.673],[-73.895,40.673],[-73.894,40.673],[-73.893,40.674],[-73.892,40.674],[-73.891,40.674],[-73.89,40.674],[-73.889,40.674],[-73.888,40.674],[-73.887,40.675],[-73.886,40.675],[-73.885,40.675],[-73.884,40.675],[-73.883,40.675],[-73.882,40.675],[-73.881,40.675],[-73.88,40.675],[-73.879,40.676],[-73.878,40.676],[-73.877,40.676],[-73.876,40.676],[-73.875,40.676],[-73.874,40.676],[-73.873,40.677],[-73.872,40.677],[-73.871,40.677],[-73.87,40.677],[-73.869,40.677],[-73.868,40.676],[-73.867,40.676],[-73.866,40.676],[-73.865,40.675],[-73.864,40.675],[-73.863,40.675],[-73.862,40.674],[-73.861,40.674],[-73.861,40.673]]]]},"properties":{"coundist":"42","shape_leng":"220755.073719","shape_area":"201334161.93"}},{"type":"Feature","geometry":{"type":"MultiPolygon","coordinates":[[[[-73.923,40.653],[-73.923,40.652],[-73.923,40.651],[-73.924,40.651],[-73.923,40.651],[-73.922,40.651],[-73.922,40.649],[-73.921,40.649],[-73.92,40.649],[-73.92,40.647],[-73.92,40.646],[-73.92,40.645],[-73.92,40.644],[-73.92,40.643],[-73.92,40.642],[-73.92,40.641],[-73.919,40.641],[-73.917,40.639],[-73.916,40.638],[-73.915,40.637],[-73.916,40.636],[-73.917,40.636],[-73.918,40.635],[-73.919,40.635],[-73.919,40.634],[-73.92,40.634],[-73.92,40.633],[-73.921,40.633],[-73.921,40.631],[-73.92,40.631],[-73.921,40.631],[-73.922,40.631],[-73.923,40.631],[-73.924,40.631],[-73.925,40.631],[-73.926,40.631],[-73.927,40.631],[-73.928,40.63],[-73.928,40.628],[-73.928,40.626],[-73.927,40.624],[-73.928,40.623],[-73.929,40.623],[-73.93,40.623],[-73.93,40.621],[-73.931,40.621],[-73.931,40.619],[-73.932,40.619],[-73.933,40.619],[-73.933,40.62],[-73.934,40.619],[-73.935,40.619],[-73.936,40.618],[-73.937,40.617],[-73.938,40.617],[-73.939,40.616],[-73.94,40.615],[-73.941,40.615],[-73.942,40.614],[-73.943,40.613],[-73.944,40.613],[-73.944,40.614],[-73.945,40.615],[-73.945,40.616],[-73.946,40.615],[-73.947,40.615],[-73.947,40.614],[-73.948,40.614],[-73.948,40.615],[-73.948,40.617],[-73.948,40.619],[-73.949,40.619],[-73.95,40.619],[-73.951,40.619],[-73.952,40.619],[-73.953,40.619],[-73.954,40.619],[-73.955,40.619],[-73.956,40.621],[-73.956,40.623],[-73.956,40.626],[-73.957,40.628],[-73.958,40.628],[-73.959,40.628],[-73.96,40.628],[-73.961,40.628],[-73.962,40.628],[-73.963,40.627],[-73.964,40.627],[-73.965,40.627],[-73.966,40.627],[-73.967,40.627],[-73.968,40.627],[-73.969,40.627],[-73.97,40.627],[-73.971,40.627],[-73.971,40.628],[-73.971,40.629],[-73.971,40.63],[-73.971,40.631],[-73.972,40.632],[-73.969,40.633],[-73.967,40.634],[-73.966,40.634],[-73.965,40.635],[-73.964,40.635],[-73.963,40.636],[-73.962,40.636],[-73.961,40.637],[-73.96,40.637],[-73.959,40.638],[-73.958,40.638],[-73.957,40.639],[-73.956,40.639],[-73.955,40.64],[-73.956,40.641],[-73.957,40.642],[-73.958,40.643],[-73.956,40.643],[-73.954,40.643],[-73.953,40.643],[-73.952,40.643],[-73.951,40.643],[-73.95,40.643],[-73.949,40.643],[-73.949,40.644],[-73.949,40.645],[-73.949,40.647],[-73.949,40.648],[-73.949,40.649],[-73.948,40.649],[-73.947,40.649],[-73.945,40.649],[-73.944,40.649],[-73.943,40.649],[-73.942,40.649],[-73.941,40.65],[-73.94,40.65],[-73.939,40.65],[-73.938,40.65],[-73.937,40.65],[-73.936,40.65],[-73.936,40.651],[-73.935,40.651],[-73.934,40.652],[-73.933,40.652],[-73.932,40.652],[-73.931,40.652],[-73.93,40.652],[-73.929,40.652],[-73.928,40.652],[-73.927,40.652],[-73.926,40.652],[-73.925,40.653],[-73.924,40.653],[-73.923,40.653]]]]},"properties":{"coundist":"45","shape_leng":"56967.6277458","shape_area":"117904762.16"}},{"type":"Feature","geometry":{"type":"MultiPolygon","coordinates":[[[[-73.776,40.753],[-73.776,40.752],[-73.775,40.752],[-73.775,40.751],[-73.774,40.75],[-73.774,40.748],[-73.773,40.748],[-73.773,40.747],[-73.772,40.746],[-73.772,40.745],[-73.772,40.744],[-73.773,40.744],[-73.774,40.744],[-73.774,40.743],[-73.775,40.743],[-73.776,40.743],[-73.778,40.743],[-73.779,40.743],[-73.78,40.743],[-73.781,40.742],[-73.782,40.742],[-73.783,40.742],[-73.784,40.742],[-73.785,40.741],[-73.786,40.741],[-73.787,40.741],[-73.788,40.74],[-73.789,40.74],[-73.79,40.74],[-73.791,40.739],[-73.792,40.739],[-73.793,40.739],[-73.795,40.738],[-73.796,40.738],[-73.797,40.738],[-73.798,40.738],[-73.799,40.738],[-73.8,40.738],[-73.801,40.738],[-73.802,40.738],[-73.803,40.738],[-73.804,40.738],[-73.805,40.738],[-73.806,40.738],[-73.807,40.738],[-73.808,40.738],[-73.809,40.738],[-73.81,40.738],[-73.811,40.738],[-73.812,40.738],[-73.813,40.738],[-73.814,40.739],[-73.815,40.739],[-73.816,40.739],[-73.816,40.738],[-73.817,40.738],[-73.818,40.739],[-73.82,40.739],[-73.821,40.739],[-73.822,40.739],[-73.823,40.739],[-73.824,40.74],[-73.825,40.74],[-73.825,40.739],[-73.826,40.739],[-73.827,40.739],[-73.828,40.739],[-73.828,40.738],[-73.828,40.737],[-73.829,40.737],[-73.831,40.737],[-73.831,40.739],[-73.831,40.74],[-73.831,40.741],[-73.831,40.742],[-73.832,40.742],[-73.833,40.743],[-73.834,40.743],[-73.835,40.743],[-73.836,40.743],[-73.837,40.743],[-73.838,40.743],[-73.838,40.744],[-73.837,40.745],[-73.837,40.746],[-73.836,40.746],[-73.836,40.747],[-73.835,40.747],[-73.835,40.748],[-73.835,40.749],[-73.835,40.75],[-73.835,40.751],[-73.836,40.751],[-73.836,40.752],[-73.837,40.753],[-73.838,40.754],[-73.838,40.755],[-73.838,40.756],[-73.839,40.757],[-73.839,40.758],[-73.839,40.759],[-73.839,40.76],[-73.839,40.761],[-73.839,40.762],[-73.84,40.763],[-73.84,40.764],[-73.84,40.765],[-73.839,40.765],[-73.839,40.766],[-73.839,40.767],[-73.838,40.767],[-73.838,40.768],[-73.837,40.768],[-73.837,40.769],[-73.836,40.769],[-73.836,40.77],[-73.835,40.77],[-73.834,40.771],[-73.833,40.771],[-73.833,40.772],[-73.832,40.772],[-73.831,40.773],[-73.83,40.773],[-73.83,40.774],[-73.829,40.774],[-73.829,40.775],[-73.828,40.776],[-73.826,40.776],[-73.825,40.776],[-73.824,40.777],[-73.825,40.775],[-73.825,40.774],[-73.825,40.773],[-73.825,40.772],[-73.822,40.772],[-73.822,40.771],[-73.822,40.77],[-73.821,40.769],[-73.82,40.769],[-73.819,40.769],[-73.818,40.769],[-73.817,40.769],[-73.816,40.769],[-73.814,40.769],[-73.813,40.769],[-73.812,40.769],[-73.811,40.769],[-73.811,40.766],[-73.811,40.765],[-73.81,40.764],[-73.809,40.764],[-73.808,40.764],[-73.807,40.764],[-73.806,40.763],[-73.805,40.763],[-73.804,40.762],[-73.803,40.762],[-73.803,40.761],[-73.802,40.761],[-73.801,40.76],[-73.8,40.76],[-73.8,40.758],[-73.801,40.756],[-73.801,40.754],[-73.8,40.754],[-73.799,40.754],[-73.798,40.754],[-73.797,40.754],[-73.796,40.754],[-73.795,40.754],[-73.793,40.753],[-73.792,40.753],[-73.791,40.753],[-73.79,40.752],[-73.789,40.752],[-73.788,40.752],[-73.787,40.752],[-73.786,40.752],[-73.785,40.753],[-73.784,40.753],[-73.783,40.753],[-73.782,40.753],[-73.781,40.753],[-73.78,40.753],[-73.779,40.754],[-73.778,40.753],[-73.777,40.753],[-73.776,40.753]]]]},"properties":{"coundist":"20","shape_leng":"61223.0136998","shape_area":"144833268.528"}},{"type":"Feature","geometry":{"type":"MultiPolygon","coordinates":[[[[-73.745,40.779],[-73.744,40.779],[-73.745,40.779]]],[[[-73.747,40.78],[-73.746,40.78],[-73.746,40.779],[-73.747,40.779],[-73.747,40.78]]],[[[-73.868,40.787],[-73.869,40.786],[-73.868,40.787],[-73.868,40.788],[-73.868,40.787]]],[[[-73.82,40.801],[-73.819,40.801],[-73.819,40.8],[-73.818,40.8],[-73.818,40.799],[-73.817,40.799],[-73.816,40.799],[-73.816,40.798],[-73.815,40.798],[-73.814,40.798],[-73.814,40.797],[-73.813,40.798],[-73.814,40.797],[-73.813,40.797],[-73.813,40.798],[-73.812,40.798],[-73.812,40.797],[-73.811,40.797],[-73.81,40.797],[-73.809,40.797],[-73.808,40.797],[-73.807,40.797],[-73.806,40.796],[-73.806,40.797],[-73.806,40.796],[-73.806,40.797],[-73.806,40.796],[-73.805,40.796],[-73.805,40.797],[-73.805,40.796],[-73.804,40.796],[-73.804,40.797],[-73.804,40.796],[-73.804,40.797],[-73.804,40.796],[-73.804,40.797],[-73.804,40.796],[-73.804,40.797],[-73.804,40.796],[-73.804,40.797],[-73.804,40.796],[-73.803,40.797],[-73.803,40.796],[-73.802,40.796],[-73.802,40.797],[-73.802,40.796],[-73.801,40.796],[-73.801,40.797],[-73.801,40.796],[-73.8,40.796],[-73.799,40.796],[-73.798,40.796],[-73.798,40.795],[-73.797,40.795],[-73.796,40.796],[-73.797,40.795],[-73.796,40.795],[-73.795,40.795],[-73.794,40.795],[-73.795,40.795],[-73.794,40.795],[-73.794,40.794],[-73.794,40.793],[-73.795,40.793],[-73.795,40.792],[-73.795,40.791],[-73.794,40.791],[-73.794,40.79],[-73.794,40.789],[-73.793,40.789],[-73.793,40.79],[-73.793,40.789],[-73.794,40.789],[-73.793,40.789],[-73.792,40.789],[-73.791,40.79],[-73.79,40.79],[-73.789,40.79],[-73.788,40.79],[-73.787,40.79],[-73.786,40.79],[-73.784,40.791],[-73.783,40.791],[-73.782,40.791],[-73.784,40.792],[-73.782,40.791],[-73.781,40.791],[-73.781,40.792],[-73.781,40.793],[-73.782,40.794],[-73.782,40.793],[-73.782,40.794],[-73.781,40.793],[-73.781,40.794],[-73.781,40.795],[-73.782,40.795],[-73.783,40.795],[-73.782,40.795],[-73.782,40.796],[-73.781,40.796],[-73.78,40.796],[-73.779,40.797],[-73.778,40.797],[-73.777,40.796],[-73.776,40.796],[-73.775,40.795],[-73.774,40.795],[-73.774,40.794],[-73.774,40.793],[-73.773,40.793],[-73.773,40.792],[-73.772,40.792],[-73.772,40.791],[-73.772,40.79],[-73.771,40.789],[-73.771,40.788],[-73.772,40.788],[-73.772,40.787],[-73.774,40.787],[-73.775,40.787],[-73.776,40.788],[-73.775,40.787],[-73.774,40.787],[-73.774,40.786],[-73.773,40.784],[-73.772,40.784],[-73.772,40.783],[-73.771,40.782],[-73.77,40.781],[-73.769,40.781],[-73.769,40.78],[-73.768,40.78],[-73.768,40.779],[-73.767,40.78],[-73.768,40.779],[-73.768,40.778],[-73.767,40.778],[-73.767,40.777],[-73.767,40.776],[-73.766,40.776],[-73.766,40.775],[-73.765,40.774],[-73.765,40.773],[-73.764,40.773],[-73.762,40.771],[-73.761,40.77],[-73.76,40.77],[-73.76,40.769],[-73.759,40.769],[-73.759,40.768],[-73.759,40.767],[-73.758,40.767],[-73.757,40.767],[-73.756,40.767],[-73.756,40.766],[-73.757,40.766],[-73.756,40.766],[-73.756,40.767],[-73.756,40.766],[-73.755,40.766],[-73.754,40.766],[-73.754,40.765],[-73.753,40.765],[-73.753,40.764],[-73.752,40.764],[-73.752,40.763],[-73.751,40.762],[-73.75,40.761],[-73.749,40.761],[-73.748,40.761],[-73.748,40.76],[-73.747,40.76],[-73.747,40.759],[-73.746,40.759],[-73.746,40.758],[-73.745,40.758],[-73.745,40.757],[-73.745,40.758],[-73.746,40.758],[-73.746,40.759],[-73.747,40.76],[-73.748,40.76],[-73.748,40.761],[-73.749,40.761],[-73.749,40.762],[-73.749,40.761],[-73.75,40.761],[-73.75,40.762],[-73.751,40.762],[-73.751,40.763],[-73.752,40.763],[-73.752,40.764],[-73.753,40.764],[-73.753,40.765],[-73.754,40.765],[-73.754,40.766],[-73.754,40.767],[-73.755,40.767],[-73.755,40.768],[-73.755,40.769],[-73.754,40.769],[-73.755,40.769],[-73.755,40.77],[-73.755,40.771],[-73.756,40.771],[-73.756,40.772],[-73.755,40.772],[-73.754,40.772],[-73.754,40.773],[-73.753,40.773],[-73.754,40.773],[-73.754,40.774],[-73.754,40.775],[-73.754,40.776],[-73.755,40.776],[-73.755,40.777],[-73.755,40.778],[-73.754,40.778],[-73.754,40.779],[-73.754,40.78],[-73.753,40.781],[-73.753,40.782],[-73.752,40.782],[-73.751,40.782],[-73.751,40.783],[-73.75,40.782],[-73.749,40.782],[-73.749,40.781],[-73.748,40.781],[-73.748,40.78],[-73.747,40.779],[-73.748,40.779],[-73.747,40.779],[-73.746,40.779],[-73.746,40.778],[-73.746,40.777],[-73.745,40.777],[-73.746,40.777],[-73.745,40.777],[-73.745,40.778],[-73.746,40.778],[-73.746,40.779],[-73.745,40.779],[-73.745,40.778],[-73.745,40.777],[-73.745,40.778],[-73.745,40.777],[-73.744,40.778],[-73.745,40.778],[-73.744,40.778],[-73.744,40.779],[-73.743,40.778],[-73.742,40.777],[-73.741,40.777],[-73.74,40.776],[-73.739,40.776],[-73.738,40.775],[-73.737,40.774],[-73.734,40.773],[-73.733,40.772],[-73.732,40.771],[-73.731,40.771],[-73.731,40.77],[-73.73,40.77],[-73.729,40.769],[-73.728,40.769],[-73.727,40.768],[-73.726,40.767],[-73.724,40.766],[-73.723,40.766],[-73.722,40.765],[-73.721,40.765],[-73.721,40.764],[-73.722,40.764],[-73.723,40.764],[-73.724,40.764],[-73.725,40.764],[-73.726,40.764],[-73.727,40.763],[-73.728,40.763],[-73.729,40.762],[-73.73,40.762],[-73.73,40.761],[-73.731,40.761],[-73.732,40.761],[-73.732,40.76],[-73.733,40.76],[-73.734,40.76],[-73.735,40.76],[-73.735,40.759],[-73.736,40.759],[-73.737,40.758],[-73.738,40.758],[-73.739,40.757],[-73.74,40.757],[-73.74,40.756],[-73.741,40.756],[-73.742,40.755],[-73.743,40.754],[-73.744,40.754],[-73.745,40.754],[-73.745,40.755],[-73.746,40.755],[-73.746,40.756],[-73.747,40.756],[-73.747,40.757],[-73.748,40.758],[-73.749,40.758],[-73.749,40.759],[-73.75,40.759],[-73.751,40.759],[-73.751,40.76],[-73.752,40.76],[-73.753,40.76],[-73.754,40.761],[-73.755,40.761],[-73.756,40.761],[-73.756,40.762],[-73.757,40.762],[-73.758,40.762],[-73.758,40.76],[-73.76,40.76],[-73.761,40.76],[-73.762,40.76],[-73.762,40.758],[-73.762,40.757],[-73.762,40.756],[-73.763,40.756],[-73.764,40.756],[-73.765,40.756],[-73.766,40.756],[-73.767,40.756],[-73.768,40.755],[-73.769,40.755],[-73.77,40.755],[-73.771,40.755],[-73.772,40.755],[-73.773,40.754],[-73.774,40.754],[-73.775,40.754],[-73.775,40.753],[-73.776,40.753],[-73.777,40.753],[-73.778,40.753],[-73.779,40.754],[-73.78,40.753],[-73.781,40.753],[-73.782,40.753],[-73.783,40.753],[-73.784,40.753],[-73.785,40.753],[-73.786,40.752],[-73.787,40.752],[-73.788,40.752],[-73.789,40.752],[-73.79,40.752],[-73.791,40.753],[-73.792,40.753],[-73.793,40.753],[-73.795,40.754],[-73.796,40.754],[-73.797,40.754],[-73.798,40.754],[-73.799,40.754],[-73.8,40.754],[-73.801,40.754],[-73.801,40.756],[-73.8,40.758],[-73.8,40.76],[-73.801,40.76],[-73.802,40.761],[-73.803,40.761],[-73.803,40.762],[-73.804,40.762],[-73.805,40.763],[-73.806,40.763],[-73.807,40.764],[-73.808,40.764],[-73.809,40.764],[-73.81,40.764],[-73.811,40.765],[-73.811,40.766],[-73.811,40.769],[-73.812,40.769],[-73.813,40.769],[-73.814,40.769],[-73.816,40.769],[-73.817,40.769],[-73.818,40.769],[-73.819,40.769],[-73.82,40.769],[-73.821,40.769],[-73.822,40.77],[-73.822,40.771],[-73.822,40.772],[-73.825,40.772],[-73.825,40.773],[-73.825,40.774],[-73.825,40.775],[-73.824,40.777],[-73.825,40.776],[-73.826,40.776],[-73.828,40.776],[-73.829,40.775],[-73.829,40.774],[-73.83,40.774],[-73.83,40.773],[-73.831,40.773],[-73.832,40.772],[-73.833,40.772],[-73.833,40.771],[-73.834,40.771],[-73.835,40.77],[-73.836,40.77],[-73.836,40.769],[-73.837,40.769],[-73.837,40.768],[-73.838,40.768],[-73.838,40.767],[-73.839,40.767],[-73.839,40.766],[-73.839,40.765],[-73.84,40.765],[-73.839,40.766],[-73.84,40.766],[-73.84,40.767],[-73.84,40.766],[-73.841,40.766],[-73.842,40.766],[-73.843,40.766],[-73.844,40.766],[-73.845,40.766],[-73.846,40.766],[-73.847,40.766],[-73.848,40.767],[-73.848,40.768],[-73.849,40.768],[-73.848,40.768],[-73.848,40.769],[-73.849,40.769],[-73.849,40.77],[-73.849,40.771],[-73.85,40.771],[-73.85,40.772],[-73.851,40.772],[-73.85,40.772],[-73.85,40.773],[-73.849,40.773],[-73.849,40.774],[-73.849,40.775],[-73.849,40.776],[-73.849,40.777],[-73.849,40.778],[-73.85,40.778],[-73.85,40.779],[-73.849,40.779],[-73.85,40.779],[-73.851,40.779],[-73.852,40.779],[-73.851,40.779],[-73.85,40.779],[-73.85,40.78],[-73.852,40.779],[-73.85,40.78],[-73.852,40.78],[-73.85,40.78],[-73.85,40.781],[-73.851,40.781],[-73.85,40.781],[-73.85,40.782],[-73.849,40.782],[-73.85,40.782],[-73.849,40.782],[-73.85,40.782],[-73.851,40.782],[-73.852,40.782],[-73.853,40.782],[-73.854,40.782],[-73.855,40.782],[-73.856,40.783],[-73.857,40.783],[-73.858,40.783],[-73.858,40.784],[-73.858,40.785],[-73.859,40.785],[-73.859,40.786],[-73.859,40.787],[-73.858,40.787],[-73.857,40.787],[-73.856,40.787],[-73.856,40.788],[-73.855,40.788],[-73.854,40.788],[-73.853,40.788],[-73.854,40.788],[-73.855,40.788],[-73.855,40.789],[-73.855,40.79],[-73.854,40.79],[-73.854,40.791],[-73.853,40.791],[-73.853,40.792],[-73.854,40.792],[-73.854,40.793],[-73.854,40.794],[-73.853,40.794],[-73.853,40.795],[-73.852,40.795],[-73.852,40.794],[-73.851,40.794],[-73.85,40.794],[-73.85,40.793],[-73.849,40.793],[-73.849,40.794],[-73.849,40.795],[-73.848,40.796],[-73.847,40.796],[-73.846,40.796],[-73.845,40.796],[-73.845,40.795],[-73.844,40.795],[-73.843,40.795],[-73.843,40.796],[-73.843,40.795],[-73.842,40.796],[-73.843,40.797],[-73.842,40.796],[-73.842,40.795],[-73.841,40.795],[-73.841,40.796],[-73.841,40.797],[-73.84,40.797],[-73.84,40.798],[-73.839,40.798],[-73.838,40.798],[-73.839,40.798],[-73.84,40.798],[-73.84,40.797],[-73.839,40.797],[-73.838,40.797],[-73.837,40.794],[-73.837,40.793],[-73.837,40.792],[-73.837,40.791],[-73.838,40.791],[-73.837,40.791],[-73.838,40.791],[-73.837,40.791],[-73.837,40.79],[-73.838,40.79],[-73.837,40.79],[-73.837,40.789],[-73.837,40.79],[-73.837,40.789],[-73.836,40.789],[-73.836,40.79],[-73.836,40.789],[-73.835,40.789],[-73.834,40.789],[-73.834,40.788],[-73.833,40.788],[-73.833,40.789],[-73.832,40.789],[-73.831,40.789],[-73.832,40.789],[-73.832,40.79],[-73.832,40.791],[-73.831,40.791],[-73.831,40.792],[-73.83,40.792],[-73.83,40.791],[-73.83,40.792],[-73.829,40.792],[-73.829,40.793],[-73.828,40.793],[-73.828,40.794],[-73.828,40.795],[-73.828,40.796],[-73.829,40.796],[-73.829,40.797],[-73.83,40.796],[-73.83,40.797],[-73.829,40.797],[-73.83,40.797],[-73.83,40.796],[-73.83,40.797],[-73.83,40.796],[-73.831,40.796],[-73.83,40.796],[-73.83,40.797],[-73.83,40.796],[-73.83,40.797],[-73.829,40.797],[-73.828,40.797],[-73.827,40.797],[-73.827,40.798],[-73.826,40.798],[-73.826,40.797],[-73.825,40.797],[-73.825,40.798],[-73.824,40.798],[-73.824,40.799],[-73.824,40.798],[-73.823,40.798],[-73.824,40.799],[-73.823,40.798],[-73.823,40.799],[-73.822,40.799],[-73.823,40.8],[-73.822,40.799],[-73.822,40.8],[-73.821,40.8],[-73.821,40.801],[-73.82,40.801]]]]},"properties":{"coundist":"19","shape_leng":"185199.105694","shape_area":"334738191.261"}},{"type":"Feature","geometry":{"type":"MultiPolygon","coordinates":[[[[-73.868,40.733],[-73.867,40.733],[-73.867,40.732],[-73.866,40.732],[-73.866,40.731],[-73.865,40.731],[-73.864,40.731],[-73.863,40.73],[-73.862,40.73],[-73.861,40.73],[-73.86,40.73],[-73.859,40.729],[-73.858,40.729],[-73.858,40.728],[-73.859,40.728],[-73.859,40.727],[-73.857,40.726],[-73.856,40.725],[-73.855,40.725],[-73.855,40.724],[-73.856,40.724],[-73.856,40.723],[-73.856,40.724],[-73.856,40.723],[-73.857,40.722],[-73.858,40.722],[-73.859,40.721],[-73.858,40.72],[-73.858,40.717],[-73.857,40.714],[-73.857,40.712],[-73.858,40.712],[-73.86,40.712],[-73.86,40.713],[-73.862,40.712],[-73.865,40.711],[-73.866,40.711],[-73.867,40.71],[-73.868,40.71],[-73.869,40.709],[-73.87,40.709],[-73.87,40.708],[-73.869,40.708],[-73.869,40.707],[-73.871,40.707],[-73.873,40.707],[-73.874,40.707],[-73.875,40.707],[-73.876,40.707],[-73.877,40.707],[-73.878,40.707],[-73.879,40.706],[-73.88,40.706],[-73.881,40.706],[-73.882,40.706],[-73.883,40.706],[-73.884,40.706],[-73.885,40.706],[-73.886,40.706],[-73.886,40.705],[-73.885,40.704],[-73.885,40.702],[-73.885,40.7],[-73.886,40.7],[-73.887,40.7],[-73.888,40.7],[-73.888,40.699],[-73.888,40.698],[-73.888,40.697],[-73.887,40.697],[-73.886,40.696],[-73.889,40.696],[-73.888,40.695],[-73.889,40.695],[-73.892,40.694],[-73.892,40.695],[-73.895,40.695],[-73.896,40.694],[-73.894,40.693],[-73.893,40.692],[-73.895,40.693],[-73.895,40.692],[-73.896,40.692],[-73.897,40.692],[-73.898,40.693],[-73.897,40.693],[-73.897,40.694],[-73.899,40.694],[-73.9,40.694],[-73.9,40.693],[-73.9,40.694],[-73.899,40.695],[-73.899,40.696],[-73.898,40.697],[-73.897,40.698],[-73.894,40.701],[-73.895,40.701],[-73.896,40.701],[-73.897,40.701],[-73.898,40.7],[-73.899,40.7],[-73.9,40.7],[-73.901,40.7],[-73.903,40.7],[-73.904,40.7],[-73.904,40.701],[-73.905,40.701],[-73.906,40.702],[-73.904,40.702],[-73.903,40.703],[-73.904,40.704],[-73.905,40.704],[-73.906,40.705],[-73.907,40.706],[-73.908,40.706],[-73.909,40.707],[-73.91,40.708],[-73.911,40.708],[-73.912,40.708],[-73.912,40.709],[-73.911,40.71],[-73.91,40.711],[-73.91,40.712],[-73.911,40.712],[-73.91,40.713],[-73.911,40.713],[-73.912,40.713],[-73.913,40.713],[-73.915,40.713],[-73.915,40.714],[-73.916,40.714],[-73.919,40.714],[-73.921,40.714],[-73.924,40.714],[-73.924,40.715],[-73.924,40.716],[-73.923,40.716],[-73.922,40.716],[-73.921,40.716],[-73.922,40.716],[-73.922,40.717],[-73.923,40.717],[-73.923,40.718],[-73.924,40.718],[-73.923,40.718],[-73.924,40.718],[-73.924,40.719],[-73.924,40.72],[-73.923,40.72],[-73.922,40.72],[-73.922,40.721],[-73.922,40.722],[-73.921,40.723],[-73.92,40.723],[-73.919,40.722],[-73.918,40.722],[-73.917,40.722],[-73.916,40.722],[-73.914,40.723],[-73.913,40.723],[-73.911,40.724],[-73.91,40.725],[-73.909,40.726],[-73.908,40.727],[-73.907,40.727],[-73.907,40.728],[-73.906,40.728],[-73.906,40.729],[-73.905,40.729],[-73.904,40.73],[-73.903,40.732],[-73.901,40.734],[-73.9,40.734],[-73.9,40.735],[-73.899,40.735],[-73.898,40.735],[-73.897,40.735],[-73.896,40.735],[-73.895,40.735],[-73.894,40.735],[-73.893,40.735],[-73.893,40.734],[-73.892,40.734],[-73.891,40.734],[-73.89,40.735],[-73.889,40.735],[-73.888,40.734],[-73.888,40.735],[-73.888,40.736],[-73.889,40.736],[-73.89,40.738],[-73.89,40.739],[-73.888,40.739],[-73.887,40.739],[-73.886,40.739],[-73.885,40.738],[-73.884,40.738],[-73.883,40.738],[-73.882,40.738],[-73.881,40.738],[-73.88,40.738],[-73.88,40.737],[-73.879,40.737],[-73.878,40.737],[-73.877,40.736],[-73.876,40.736],[-73.875,40.736],[-73.875,40.735],[-73.874,40.735],[-73.873,40.734],[-73.872,40.734],[-73.871,40.734],[-73.87,40.734],[-73.869,40.733],[-73.868,40.733]]]]},"properties":{"coundist":"30","shape_leng":"75010.4317243","shape_area":"168734193.246"}},{"type":"Feature","geometry":{"type":"MultiPolygon","coordinates":[[[[-73.814,40.698],[-73.814,40.697],[-73.813,40.697],[-73.813,40.696],[-73.812,40.695],[-73.812,40.694],[-73.811,40.694],[-73.811,40.693],[-73.811,40.692],[-73.812,40.692],[-73.813,40.691],[-73.814,40.691],[-73.813,40.691],[-73.814,40.691],[-73.815,40.69],[-73.816,40.69],[-73.816,40.689],[-73.817,40.689],[-73.818,40.689],[-73.819,40.688],[-73.82,40.688],[-73.821,40.688],[-73.821,40.687],[-73.822,40.687],[-73.823,40.687],[-73.824,40.686],[-73.825,40.686],[-73.826,40.686],[-73.827,40.686],[-73.828,40.686],[-73.829,40.686],[-73.829,40.685],[-73.83,40.685],[-73.831,40.685],[-73.832,40.684],[-73.833,40.684],[-73.834,40.684],[-73.834,40.683],[-73.835,40.683],[-73.836,40.682],[-73.837,40.682],[-73.838,40.682],[-73.839,40.681],[-73.84,40.681],[-73.841,40.683],[-73.842,40.685],[-73.843,40.687],[-73.844,40.688],[-73.844,40.689],[-73.845,40.689],[-73.846,40.691],[-73.847,40.693],[-73.848,40.695],[-73.849,40.698],[-73.85,40.698],[-73.849,40.698],[-73.849,40.699],[-73.848,40.699],[-73.847,40.699],[-73.845,40.699],[-73.844,40.7],[-73.843,40.701],[-73.842,40.701],[-73.84,40.703],[-73.839,40.703],[-73.838,40.703],[-73.837,40.704],[-73.837,40.705],[-73.838,40.706],[-73.838,40.707],[-73.837,40.708],[-73.838,40.708],[-73.839,40.709],[-73.84,40.709],[-73.841,40.709],[-73.842,40.709],[-73.843,40.709],[-73.844,40.709],[-73.845,40.709],[-73.846,40.708],[-73.847,40.708],[-73.848,40.708],[-73.849,40.708],[-73.85,40.708],[-73.851,40.708],[-73.853,40.707],[-73.854,40.708],[-73.855,40.708],[-73.856,40.708],[-73.857,40.708],[-73.857,40.712],[-73.857,40.714],[-73.858,40.717],[-73.858,40.72],[-73.859,40.721],[-73.858,40.722],[-73.857,40.722],[-73.856,40.723],[-73.856,40.724],[-73.856,40.723],[-73.856,40.724],[-73.855,40.724],[-73.855,40.725],[-73.856,40.725],[-73.857,40.726],[-73.859,40.727],[-73.859,40.728],[-73.858,40.728],[-73.858,40.729],[-73.859,40.729],[-73.86,40.73],[-73.861,40.73],[-73.859,40.731],[-73.858,40.731],[-73.857,40.732],[-73.854,40.732],[-73.852,40.733],[-73.85,40.733],[-73.85,40.734],[-73.85,40.733],[-73.848,40.733],[-73.847,40.734],[-73.847,40.733],[-73.847,40.732],[-73.846,40.732],[-73.846,40.731],[-73.846,40.73],[-73.845,40.731],[-73.843,40.731],[-73.842,40.73],[-73.841,40.73],[-73.84,40.729],[-73.84,40.728],[-73.839,40.727],[-73.839,40.726],[-73.838,40.726],[-73.838,40.725],[-73.837,40.725],[-73.837,40.723],[-73.836,40.723],[-73.836,40.722],[-73.835,40.721],[-73.834,40.72],[-73.833,40.719],[-73.832,40.718],[-73.831,40.717],[-73.83,40.717],[-73.829,40.717],[-73.828,40.716],[-73.827,40.716],[-73.826,40.716],[-73.826,40.715],[-73.825,40.715],[-73.825,40.714],[-73.824,40.714],[-73.824,40.713],[-73.823,40.713],[-73.823,40.712],[-73.822,40.711],[-73.821,40.711],[-73.821,40.71],[-73.82,40.71],[-73.82,40.709],[-73.819,40.708],[-73.819,40.707],[-73.818,40.706],[-73.817,40.705],[-73.817,40.704],[-73.817,40.703],[-73.816,40.703],[-73.816,40.702],[-73.815,40.701],[-73.815,40.7],[-73.815,40.699],[-73.814,40.699],[-73.814,40.698]]]]},"properties":{"coundist":"29","shape_leng":"61867.7482341","shape_area":"127849353.462"}},{"type":"Feature","geometry":{"type":"MultiPolygon","coordinates":[[[[-74.113,40.548],[-74.114,40.548],[-74.115,40.548],[-74.115,40.547],[-74.116,40.547],[-74.116,40.548],[-74.117,40.548],[-74.117,40.547],[-74.118,40.547],[-74.119,40.547],[-74.119,40.546],[-74.12,40.546],[-74.12,40.545],[-74.121,40.545],[-74.122,40.545],[-74.123,40.545],[-74.124,40.543],[-74.126,40.541],[-74.128,40.539],[-74.131,40.535],[-74.134,40.532],[-74.135,40.53],[-74.136,40.53],[-74.137,40.529],[-74.137,40.53],[-74.138,40.53],[-74.139,40.53],[-74.139,40.531],[-74.139,40.532],[-74.14,40.533],[-74.141,40.534],[-74.141,40.535],[-74.14,40.535],[-74.139,40.535],[-74.138,40.535],[-74.136,40.535],[-74.135,40.535],[-74.134,40.535],[-74.134,40.536],[-74.133,40.536],[-74.131,40.538],[-74.132,40.538],[-74.131,40.538],[-74.132,40.538],[-74.132,40.537],[-74.132,40.538],[-74.133,40.538],[-74.133,40.537],[-74.132,40.537],[-74.133,40.537],[-74.133,40.538],[-74.133,40.537],[-74.134,40.537],[-74.133,40.537],[-74.133,40.538],[-74.132,40.538],[-74.131,40.539],[-74.13,40.54],[-74.13,40.539],[-74.13,40.54],[-74.13,40.539],[-74.131,40.539],[-74.13,40.539],[-74.131,40.539],[-74.131,40.538],[-74.131,40.539],[-74.132,40.539],[-74.131,40.538],[-74.132,40.539],[-74.132,40.538],[-74.131,40.538],[-74.129,40.54],[-74.128,40.54],[-74.128,40.541],[-74.127,40.542],[-74.127,40.543],[-74.128,40.543],[-74.128,40.544],[-74.129,40.544],[-74.129,40.545],[-74.129,40.546],[-74.13,40.546],[-74.131,40.546],[-74.131,40.547],[-74.132,40.547],[-74.133,40.547],[-74.134,40.547],[-74.135,40.547],[-74.136,40.547],[-74.136,40.546],[-74.137,40.546],[-74.137,40.545],[-74.136,40.545],[-74.137,40.545],[-74.137,40.546],[-74.138,40.546],[-74.138,40.545],[-74.137,40.545],[-74.138,40.545],[-74.137,40.545],[-74.138,40.546],[-74.139,40.545],[-74.138,40.545],[-74.138,40.544],[-74.138,40.545],[-74.139,40.545],[-74.139,40.544],[-74.138,40.544],[-74.139,40.545],[-74.139,40.544],[-74.138,40.544],[-74.139,40.544],[-74.138,40.544],[-74.139,40.544],[-74.138,40.544],[-74.138,40.543],[-74.139,40.543],[-74.138,40.544],[-74.139,40.544],[-74.138,40.544],[-74.139,40.544],[-74.14,40.544],[-74.139,40.543],[-74.14,40.544],[-74.141,40.544],[-74.14,40.544],[-74.14,40.543],[-74.139,40.543],[-74.14,40.543],[-74.14,40.544],[-74.14,40.543],[-74.139,40.543],[-74.14,40.543],[-74.139,40.543],[-74.14,40.543],[-74.141,40.543],[-74.14,40.543],[-74.14,40.542],[-74.14,40.543],[-74.14,40.542],[-74.141,40.543],[-74.14,40.542],[-74.141,40.542],[-74.14,40.542],[-74.141,40.543],[-74.141,40.542],[-74.14,40.542],[-74.141,40.542],[-74.141,40.543],[-74.141,40.542],[-74.142,40.542],[-74.141,40.542],[-74.141,40.541],[-74.142,40.542],[-74.142,40.541],[-74.142,40.54],[-74.142,40.539],[-74.142,40.538],[-74.141,40.537],[-74.142,40.538],[-74.142,40.537],[-74.143,40.537],[-74.144,40.537],[-74.144,40.536],[-74.145,40.536],[-74.146,40.536],[-74.146,40.535],[-74.147,40.535],[-74.148,40.535],[-74.149,40.535],[-74.149,40.534],[-74.15,40.534],[-74.15,40.533],[-74.151,40.532],[-74.151,40.533],[-74.152,40.532],[-74.153,40.532],[-74.153,40.531],[-74.154,40.531],[-74.154,40.53],[-74.155,40.53],[-74.154,40.53],[-74.155,40.53],[-74.156,40.53],[-74.156,40.529],[-74.156,40.53],[-74.156,40.529],[-74.157,40.529],[-74.158,40.529],[-74.158,40.528],[-74.159,40.528],[-74.159,40.527],[-74.16,40.527],[-74.16,40.528],[-74.162,40.527],[-74.163,40.527],[-74.163,40.526],[-74.164,40.526],[-74.165,40.526],[-74.165,40.525],[-74.166,40.525],[-74.167,40.525],[-74.168,40.524],[-74.169,40.524],[-74.169,40.523],[-74.17,40.523],[-74.171,40.523],[-74.172,40.523],[-74.173,40.523],[-74.175,40.522],[-74.176,40.521],[-74.178,40.519],[-74.178,40.52],[-74.179,40.52],[-74.18,40.52],[-74.18,40.521],[-74.181,40.521],[-74.182,40.52],[-74.183,40.52],[-74.184,40.52],[-74.185,40.519],[-74.186,40.519],[-74.187,40.518],[-74.188,40.517],[-74.189,40.516],[-74.189,40.515],[-74.19,40.515],[-74.192,40.513],[-74.193,40.512],[-74.194,40.511],[-74.195,40.51],[-74.196,40.51],[-74.197,40.51],[-74.198,40.511],[-74.199,40.511],[-74.2,40.511],[-74.2,40.512],[-74.2,40.513],[-74.199,40.513],[-74.2,40.513],[-74.201,40.513],[-74.203,40.513],[-74.204,40.513],[-74.204,40.512],[-74.205,40.512],[-74.208,40.512],[-74.209,40.511],[-74.21,40.511],[-74.209,40.511],[-74.209,40.51],[-74.209,40.511],[-74.21,40.511],[-74.21,40.51],[-74.211,40.51],[-74.211,40.509],[-74.212,40.509],[-74.212,40.508],[-74.213,40.508],[-74.213,40.507],[-74.213,40.506],[-74.214,40.506],[-74.214,40.507],[-74.215,40.506],[-74.216,40.506],[-74.216,40.505],[-74.217,40.504],[-74.218,40.503],[-74.219,40.503],[-74.22,40.503],[-74.221,40.503],[-74.222,40.503],[-74.222,40.502],[-74.222,40.503],[-74.222,40.502],[-74.223,40.502],[-74.224,40.502],[-74.225,40.502],[-74.226,40.502],[-74.227,40.502],[-74.228,40.502],[-74.229,40.502],[-74.23,40.502],[-74.231,40.502],[-74.232,40.502],[-74.232,40.501],[-74.233,40.501],[-74.234,40.501],[-74.235,40.501],[-74.236,40.501],[-74.236,40.5],[-74.237,40.5],[-74.237,40.499],[-74.238,40.499],[-74.239,40.499],[-74.239,40.498],[-74.24,40.498],[-74.241,40.498],[-74.242,40.498],[-74.243,40.498],[-74.244,40.498],[-74.245,40.498],[-74.245,40.497],[-74.246,40.497],[-74.246,40.496],[-74.247,40.496],[-74.248,40.496],[-74.249,40.496],[-74.249,40.497],[-74.25,40.497],[-74.25,40.498],[-74.251,40.498],[-74.251,40.499],[-74.252,40.499],[-74.252,40.5],[-74.253,40.5],[-74.253,40.501],[-74.254,40.501],[-74.254,40.502],[-74.255,40.503],[-74.255,40.504],[-74.255,40.505],[-74.255,40.506],[-74.255,40.507],[-74.256,40.508],[-74.255,40.508],[-74.255,40.509],[-74.254,40.509],[-74.254,40.51],[-74.255,40.51],[-74.254,40.51],[-74.255,40.51],[-74.254,40.51],[-74.253,40.51],[-74.253,40.511],[-74.253,40.512],[-74.254,40.512],[-74.253,40.511],[-74.253,40.512],[-74.252,40.513],[-74.252,40.514],[-74.251,40.514],[-74.251,40.515],[-74.25,40.515],[-74.25,40.516],[-74.251,40.516],[-74.25,40.516],[-74.25,40.515],[-74.25,40.516],[-74.251,40.516],[-74.25,40.516],[-74.251,40.516],[-74.25,40.516],[-74.249,40.515],[-74.25,40.516],[-74.249,40.516],[-74.25,40.516],[-74.249,40.516],[-74.248,40.517],[-74.249,40.517],[-74.248,40.517],[-74.248,40.516],[-74.247,40.516],[-74.246,40.516],[-74.247,40.516],[-74.247,40.517],[-74.246,40.517],[-74.247,40.517],[-74.246,40.517],[-74.247,40.517],[-74.246,40.517],[-74.245,40.517],[-74.246,40.518],[-74.245,40.518],[-74.244,40.519],[-74.244,40.518],[-74.243,40.518],[-74.242,40.518],[-74.242,40.519],[-74.241,40.519],[-74.241,40.52],[-74.241,40.519],[-74.24,40.519],[-74.24,40.52],[-74.241,40.52],[-74.241,40.521],[-74.242,40.521],[-74.243,40.521],[-74.243,40.522],[-74.243,40.523],[-74.243,40.524],[-74.243,40.525],[-74.244,40.525],[-74.243,40.526],[-74.243,40.527],[-74.243,40.528],[-74.243,40.529],[-74.242,40.529],[-74.243,40.529],[-74.242,40.529],[-74.242,40.53],[-74.242,40.531],[-74.242,40.532],[-74.242,40.533],[-74.242,40.534],[-74.242,40.535],[-74.243,40.535],[-74.243,40.536],[-74.244,40.536],[-74.244,40.537],[-74.245,40.537],[-74.245,40.538],[-74.244,40.538],[-74.245,40.538],[-74.245,40.539],[-74.245,40.54],[-74.246,40.541],[-74.246,40.542],[-74.247,40.542],[-74.248,40.543],[-74.248,40.544],[-74.247,40.545],[-74.246,40.546],[-74.244,40.548],[-74.243,40.548],[-74.244,40.548],[-74.243,40.547],[-74.242,40.547],[-74.241,40.547],[-74.241,40.548],[-74.24,40.548],[-74.239,40.548],[-74.239,40.549],[-74.238,40.549],[-74.238,40.55],[-74.237,40.55],[-74.236,40.55],[-74.236,40.551],[-74.236,40.552],[-74.237,40.552],[-74.236,40.552],[-74.235,40.553],[-74.234,40.553],[-74.233,40.553],[-74.232,40.553],[-74.232,40.554],[-74.231,40.555],[-74.231,40.556],[-74.23,40.556],[-74.23,40.555],[-74.23,40.556],[-74.229,40.556],[-74.228,40.556],[-74.227,40.556],[-74.226,40.556],[-74.224,40.556],[-74.223,40.556],[-74.224,40.556],[-74.223,40.556],[-74.223,40.555],[-74.222,40.555],[-74.222,40.556],[-74.222,40.555],[-74.222,40.556],[-74.222,40.555],[-74.221,40.555],[-74.221,40.556],[-74.22,40.556],[-74.22,40.555],[-74.219,40.555],[-74.219,40.556],[-74.219,40.555],[-74.219,40.556],[-74.218,40.556],[-74.218,40.555],[-74.217,40.555],[-74.216,40.555],[-74.216,40.556],[-74.215,40.556],[-74.215,40.557],[-74.214,40.557],[-74.214,40.556],[-74.213,40.556],[-74.213,40.557],[-74.213,40.558],[-74.212,40.558],[-74.212,40.559],[-74.212,40.56],[-74.211,40.56],[-74.211,40.561],[-74.211,40.562],[-74.211,40.563],[-74.211,40.564],[-74.211,40.565],[-74.211,40.566],[-74.21,40.566],[-74.21,40.567],[-74.21,40.568],[-74.209,40.568],[-74.209,40.569],[-74.209,40.57],[-74.208,40.57],[-74.208,40.571],[-74.208,40.573],[-74.207,40.574],[-74.207,40.575],[-74.207,40.576],[-74.207,40.577],[-74.206,40.578],[-74.206,40.579],[-74.206,40.58],[-74.204,40.58],[-74.203,40.58],[-74.201,40.579],[-74.199,40.579],[-74.194,40.577],[-74.192,40.577],[-74.191,40.577],[-74.19,40.577],[-74.187,40.577],[-74.186,40.577],[-74.185,40.577],[-74.184,40.577],[-74.183,40.577],[-74.182,40.577],[-74.181,40.577],[-74.18,40.577],[-74.18,40.578],[-74.179,40.578],[-74.179,40.579],[-74.178,40.579],[-74.178,40.58],[-74.178,40.581],[-74.178,40.582],[-74.179,40.582],[-74.179,40.583],[-74.18,40.583],[-74.18,40.584],[-74.181,40.584],[-74.181,40.585],[-74.181,40.586],[-74.18,40.586],[-74.179,40.586],[-74.179,40.587],[-74.18,40.587],[-74.18,40.588],[-74.179,40.588],[-74.178,40.588],[-74.177,40.588],[-74.177,40.589],[-74.176,40.589],[-74.176,40.59],[-74.175,40.59],[-74.174,40.59],[-74.173,40.59],[-74.172,40.59],[-74.171,40.59],[-74.171,40.591],[-74.167,40.592],[-74.166,40.592],[-74.165,40.592],[-74.165,40.593],[-74.164,40.593],[-74.166,40.594],[-74.167,40.594],[-74.168,40.594],[-74.168,40.595],[-74.169,40.595],[-74.168,40.596],[-74.168,40.598],[-74.168,40.6],[-74.167,40.602],[-74.166,40.602],[-74.165,40.602],[-74.163,40.602],[-74.163,40.601],[-74.163,40.6],[-74.163,40.599],[-74.162,40.599],[-74.161,40.598],[-74.161,40.597],[-74.162,40.597],[-74.161,40.596],[-74.16,40.596],[-74.159,40.596],[-74.158,40.596],[-74.157,40.596],[-74.155,40.596],[-74.154,40.595],[-74.152,40.594],[-74.151,40.593],[-74.148,40.591],[-74.147,40.591],[-74.146,40.59],[-74.146,40.589],[-74.146,40.588],[-74.146,40.587],[-74.146,40.586],[-74.147,40.586],[-74.147,40.585],[-74.148,40.585],[-74.147,40.585],[-74.148,40.584],[-74.149,40.584],[-74.149,40.583],[-74.15,40.583],[-74.151,40.582],[-74.151,40.581],[-74.152,40.581],[-74.153,40.581],[-74.152,40.581],[-74.152,40.58],[-74.151,40.58],[-74.151,40.579],[-74.151,40.578],[-74.15,40.578],[-74.15,40.577],[-74.149,40.577],[-74.149,40.576],[-74.148,40.576],[-74.148,40.575],[-74.147,40.575],[-74.147,40.574],[-74.147,40.573],[-74.147,40.572],[-74.148,40.571],[-74.149,40.57],[-74.15,40.569],[-74.151,40.569],[-74.152,40.568],[-74.15,40.566],[-74.148,40.565],[-74.145,40.562],[-74.143,40.56],[-74.142,40.56],[-74.14,40.559],[-74.139,40.558],[-74.138,40.558],[-74.137,40.558],[-74.136,40.559],[-74.135,40.559],[-74.135,40.56],[-74.135,40.561],[-74.134,40.562],[-74.133,40.562],[-74.133,40.563],[-74.132,40.565],[-74.131,40.564],[-74.13,40.563],[-74.129,40.562],[-74.13,40.562],[-74.13,40.561],[-74.129,40.561],[-74.129,40.56],[-74.129,40.559],[-74.129,40.558],[-74.127,40.557],[-74.126,40.556],[-74.124,40.555],[-74.123,40.554],[-74.121,40.553],[-74.12,40.552],[-74.119,40.552],[-74.12,40.552],[-74.118,40.55],[-74.117,40.549],[-74.116,40.549],[-74.115,40.549],[-74.114,40.549],[-74.113,40.548]]]]},"properties":{"coundist":"51","shape_leng":"208078.348","shape_area":"657989092.706"}},{"type":"Feature","geometry":{"type":"MultiPolygon","coordinates":[[[[-73.73,40.721],[-73.731,40.72],[-73.732,40.72],[-73.733,40.72],[-73.734,40.719],[-73.735,40.718],[-73.736,40.718],[-73.737,40.718],[-73.738,40.718],[-73.739,40.718],[-73.74,40.717],[-73.741,40.717],[-73.742,40.717],[-73.743,40.717],[-73.744,40.716],[-73.745,40.716],[-73.746,40.716],[-73.747,40.716],[-73.748,40.715],[-73.749,40.715],[-73.75,40.715],[-73.751,40.715],[-73.752,40.714],[-73.753,40.714],[-73.754,40.714],[-73.755,40.714],[-73.756,40.714],[-73.757,40.714],[-73.758,40.714],[-73.759,40.714],[-73.76,40.714],[-73.761,40.713],[-73.763,40.713],[-73.764,40.713],[-73.765,40.713],[-73.766,40.713],[-73.767,40.713],[-73.768,40.713],[-73.769,40.712],[-73.77,40.712],[-73.77,40.711],[-73.771,40.711],[-73.771,40.71],[-73.772,40.71],[-73.773,40.71],[-73.774,40.71],[-73.775,40.709],[-73.776,40.709],[-73.777,40.709],[-73.778,40.709],[-73.779,40.709],[-73.78,40.709],[-73.781,40.708],[-73.782,40.708],[-73.783,40.708],[-73.784,40.71],[-73.785,40.711],[-73.785,40.712],[-73.784,40.712],[-73.784,40.713],[-73.783,40.713],[-73.782,40.713],[-73.781,40.713],[-73.78,40.714],[-73.779,40.714],[-73.778,40.714],[-73.777,40.714],[-73.776,40.715],[-73.775,40.715],[-73.774,40.715],[-73.774,40.716],[-73.774,40.717],[-73.775,40.718],[-73.775,40.719],[-73.776,40.721],[-73.777,40.722],[-73.778,40.723],[-73.778,40.724],[-73.779,40.725],[-73.78,40.726],[-73.78,40.727],[-73.781,40.728],[-73.781,40.729],[-73.782,40.731],[-73.783,40.733],[-73.784,40.733],[-73.785,40.733],[-73.786,40.732],[-73.787,40.734],[-73.788,40.736],[-73.788,40.738],[-73.789,40.74],[-73.788,40.74],[-73.787,40.741],[-73.786,40.741],[-73.785,40.741],[-73.784,40.742],[-73.783,40.742],[-73.782,40.742],[-73.781,40.742],[-73.78,40.743],[-73.779,40.743],[-73.778,40.743],[-73.776,40.743],[-73.775,40.743],[-73.774,40.743],[-73.774,40.744],[-73.773,40.744],[-73.772,40.744],[-73.772,40.745],[-73.772,40.746],[-73.773,40.747],[-73.773,40.748],[-73.774,40.748],[-73.774,40.75],[-73.775,40.751],[-73.775,40.752],[-73.776,40.752],[-73.776,40.753],[-73.775,40.753],[-73.775,40.754],[-73.774,40.754],[-73.773,40.754],[-73.772,40.755],[-73.771,40.755],[-73.77,40.755],[-73.769,40.755],[-73.768,40.755],[-73.767,40.756],[-73.766,40.756],[-73.765,40.756],[-73.764,40.756],[-73.763,40.756],[-73.762,40.756],[-73.762,40.757],[-73.762,40.758],[-73.762,40.76],[-73.761,40.76],[-73.76,40.76],[-73.758,40.76],[-73.758,40.762],[-73.757,40.762],[-73.756,40.762],[-73.756,40.761],[-73.755,40.761],[-73.754,40.761],[-73.753,40.76],[-73.752,40.76],[-73.751,40.76],[-73.751,40.759],[-73.75,40.759],[-73.749,40.759],[-73.749,40.758],[-73.748,40.758],[-73.747,40.757],[-73.747,40.756],[-73.746,40.756],[-73.746,40.755],[-73.745,40.755],[-73.745,40.754],[-73.744,40.754],[-73.743,40.754],[-73.742,40.755],[-73.741,40.756],[-73.74,40.756],[-73.74,40.757],[-73.739,40.757],[-73.738,40.758],[-73.737,40.758],[-73.736,40.759],[-73.735,40.759],[-73.735,40.76],[-73.734,40.76],[-73.733,40.76],[-73.732,40.76],[-73.732,40.761],[-73.731,40.761],[-73.73,40.761],[-73.73,40.762],[-73.729,40.762],[-73.728,40.763],[-73.727,40.763],[-73.726,40.764],[-73.725,40.764],[-73.724,40.764],[-73.723,40.764],[-73.722,40.764],[-73.721,40.764],[-73.72,40.764],[-73.717,40.762],[-73.714,40.76],[-73.713,40.76],[-73.712,40.759],[-73.711,40.758],[-73.71,40.758],[-73.708,40.756],[-73.705,40.755],[-73.704,40.754],[-73.703,40.753],[-73.702,40.753],[-73.702,40.752],[-73.701,40.751],[-73.701,40.749],[-73.701,40.747],[-73.701,40.745],[-73.701,40.743],[-73.7,40.741],[-73.7,40.739],[-73.701,40.738],[-73.701,40.737],[-73.702,40.736],[-73.703,40.736],[-73.703,40.735],[-73.704,40.734],[-73.704,40.733],[-73.705,40.733],[-73.705,40.732],[-73.706,40.731],[-73.707,40.73],[-73.707,40.729],[-73.708,40.728],[-73.709,40.728],[-73.71,40.727],[-73.711,40.727],[-73.714,40.727],[-73.715,40.727],[-73.716,40.727],[-73.717,40.726],[-73.718,40.726],[-73.72,40.725],[-73.721,40.725],[-73.722,40.725],[-73.723,40.725],[-73.724,40.724],[-73.725,40.724],[-73.726,40.724],[-73.727,40.724],[-73.727,40.723],[-73.728,40.723],[-73.729,40.723],[-73.73,40.723],[-73.73,40.722],[-73.73,40.721]]]]},"properties":{"coundist":"23","shape_leng":"84551.726317","shape_area":"311520681.811"}},{"type":"Feature","geometry":{"type":"MultiPolygon","coordinates":[[[[-73.951,40.794],[-73.952,40.794],[-73.952,40.793],[-73.953,40.792],[-73.953,40.791],[-73.954,40.791],[-73.954,40.79],[-73.955,40.789],[-73.956,40.788],[-73.956,40.787],[-73.957,40.787],[-73.957,40.786],[-73.958,40.785],[-73.959,40.784],[-73.959,40.783],[-73.96,40.783],[-73.96,40.782],[-73.961,40.781],[-73.961,40.78],[-73.962,40.78],[-73.962,40.779],[-73.963,40.778],[-73.964,40.777],[-73.964,40.776],[-73.965,40.776],[-73.965,40.775],[-73.966,40.774],[-73.966,40.773],[-73.967,40.773],[-73.968,40.772],[-73.968,40.771],[-73.968,40.77],[-73.969,40.77],[-73.969,40.769],[-73.97,40.769],[-73.97,40.768],[-73.971,40.767],[-73.972,40.766],[-73.973,40.765],[-73.973,40.764],[-73.974,40.765],[-73.976,40.766],[-73.977,40.765],[-73.977,40.764],[-73.978,40.764],[-73.978,40.763],[-73.979,40.762],[-73.98,40.763],[-73.981,40.764],[-73.983,40.764],[-73.984,40.765],[-73.985,40.766],[-73.986,40.766],[-73.987,40.767],[-73.99,40.768],[-73.99,40.767],[-73.991,40.768],[-73.993,40.768],[-73.995,40.769],[-73.995,40.77],[-73.996,40.77],[-73.996,40.771],[-73.995,40.771],[-73.996,40.771],[-73.996,40.772],[-73.996,40.771],[-73.996,40.772],[-73.996,40.771],[-73.995,40.771],[-73.995,40.772],[-73.995,40.771],[-73.995,40.772],[-73.997,40.773],[-73.995,40.772],[-73.994,40.772],[-73.996,40.773],[-73.994,40.773],[-73.995,40.773],[-73.996,40.774],[-73.994,40.773],[-73.994,40.774],[-73.993,40.774],[-73.993,40.775],[-73.992,40.775],[-73.992,40.776],[-73.991,40.777],[-73.991,40.778],[-73.99,40.778],[-73.99,40.779],[-73.989,40.779],[-73.989,40.78],[-73.99,40.78],[-73.991,40.78],[-73.992,40.78],[-73.991,40.78],[-73.989,40.78],[-73.988,40.781],[-73.988,40.782],[-73.987,40.784],[-73.986,40.784],[-73.986,40.785],[-73.986,40.786],[-73.987,40.786],[-73.987,40.785],[-73.987,40.786],[-73.986,40.786],[-73.985,40.785],[-73.985,40.786],[-73.986,40.786],[-73.985,40.786],[-73.986,40.787],[-73.986,40.786],[-73.986,40.787],[-73.985,40.787],[-73.984,40.788],[-73.982,40.79],[-73.982,40.791],[-73.981,40.791],[-73.981,40.792],[-73.98,40.793],[-73.979,40.794],[-73.978,40.796],[-73.977,40.798],[-73.976,40.798],[-73.975,40.798],[-73.974,40.797],[-73.974,40.796],[-73.975,40.796],[-73.973,40.795],[-73.974,40.795],[-73.974,40.794],[-73.975,40.793],[-73.973,40.793],[-73.974,40.792],[-73.972,40.791],[-73.969,40.79],[-73.969,40.791],[-73.969,40.792],[-73.968,40.792],[-73.968,40.793],[-73.967,40.793],[-73.965,40.792],[-73.964,40.792],[-73.964,40.793],[-73.963,40.794],[-73.962,40.795],[-73.961,40.796],[-73.961,40.797],[-73.96,40.797],[-73.96,40.798],[-73.96,40.799],[-73.959,40.799],[-73.959,40.8],[-73.958,40.8],[-73.958,40.801],[-73.958,40.8],[-73.955,40.8],[-73.955,40.799],[-73.953,40.798],[-73.952,40.798],[-73.951,40.798],[-73.95,40.797],[-73.949,40.797],[-73.95,40.796],[-73.951,40.795],[-73.951,40.794]]]]},"properties":{"coundist":"6","shape_leng":"56770.1767619","shape_area":"82672686.9765"}},{"type":"Feature","geometry":{"type":"MultiPolygon","coordinates":[[[[-73.941,40.831],[-73.942,40.831],[-73.942,40.83],[-73.942,40.829],[-73.943,40.828],[-73.944,40.828],[-73.944,40.827],[-73.945,40.827],[-73.945,40.826],[-73.946,40.825],[-73.947,40.824],[-73.947,40.823],[-73.948,40.823],[-73.948,40.822],[-73.95,40.823],[-73.95,40.822],[-73.95,40.821],[-73.951,40.821],[-73.952,40.82],[-73.952,40.819],[-73.951,40.818],[-73.952,40.818],[-73.952,40.817],[-73.953,40.816],[-73.953,40.815],[-73.953,40.814],[-73.953,40.813],[-73.954,40.812],[-73.954,40.811],[-73.955,40.81],[-73.955,40.809],[-73.956,40.809],[-73.956,40.808],[-73.957,40.808],[-73.957,40.807],[-73.958,40.806],[-73.958,40.805],[-73.958,40.804],[-73.958,40.803],[-73.959,40.803],[-73.959,40.802],[-73.96,40.801],[-73.959,40.801],[-73.958,40.801],[-73.958,40.8],[-73.959,40.8],[-73.959,40.799],[-73.96,40.799],[-73.96,40.798],[-73.96,40.797],[-73.961,40.797],[-73.961,40.796],[-73.962,40.795],[-73.963,40.794],[-73.964,40.793],[-73.964,40.792],[-73.965,40.792],[-73.967,40.793],[-73.968,40.793],[-73.968,40.792],[-73.969,40.792],[-73.969,40.791],[-73.969,40.79],[-73.972,40.791],[-73.974,40.792],[-73.973,40.793],[-73.975,40.793],[-73.974,40.794],[-73.974,40.795],[-73.973,40.795],[-73.975,40.796],[-73.974,40.796],[-73.974,40.797],[-73.975,40.798],[-73.976,40.798],[-73.976,40.799],[-73.975,40.8],[-73.975,40.801],[-73.974,40.801],[-73.974,40.802],[-73.973,40.803],[-73.973,40.804],[-73.972,40.804],[-73.972,40.805],[-73.971,40.805],[-73.971,40.806],[-73.971,40.807],[-73.97,40.807],[-73.97,40.808],[-73.969,40.808],[-73.969,40.809],[-73.968,40.809],[-73.968,40.81],[-73.968,40.811],[-73.967,40.811],[-73.967,40.812],[-73.966,40.812],[-73.966,40.813],[-73.966,40.814],[-73.965,40.814],[-73.964,40.816],[-73.963,40.817],[-73.962,40.818],[-73.961,40.819],[-73.96,40.82],[-73.959,40.821],[-73.959,40.822],[-73.959,40.821],[-73.959,40.822],[-73.96,40.823],[-73.959,40.823],[-73.959,40.822],[-73.958,40.822],[-73.958,40.823],[-73.959,40.824],[-73.96,40.824],[-73.959,40.824],[-73.959,40.825],[-73.957,40.827],[-73.956,40.828],[-73.955,40.827],[-73.955,40.828],[-73.954,40.828],[-73.954,40.829],[-73.953,40.83],[-73.952,40.831],[-73.952,40.832],[-73.951,40.833],[-73.951,40.834],[-73.95,40.834],[-73.95,40.835],[-73.95,40.836],[-73.95,40.837],[-73.949,40.837],[-73.95,40.837],[-73.949,40.838],[-73.949,40.839],[-73.949,40.84],[-73.948,40.84],[-73.948,40.841],[-73.948,40.842],[-73.947,40.841],[-73.946,40.841],[-73.945,40.841],[-73.946,40.84],[-73.946,40.839],[-73.945,40.839],[-73.944,40.839],[-73.943,40.84],[-73.941,40.839],[-73.942,40.838],[-73.943,40.837],[-73.944,40.836],[-73.944,40.835],[-73.945,40.834],[-73.945,40.833],[-73.946,40.833],[-73.943,40.832],[-73.941,40.831]]]]},"properties":{"coundist":"7","shape_leng":"52375.0979226","shape_area":"55186139.5681"}},{"type":"Feature","geometry":{"type":"MultiPolygon","coordinates":[[[[-73.947,40.614],[-73.947,40.612],[-73.946,40.612],[-73.945,40.612],[-73.944,40.612],[-73.944,40.611],[-73.944,40.61],[-73.944,40.609],[-73.942,40.608],[-73.942,40.607],[-73.942,40.606],[-73.942,40.605],[-73.943,40.605],[-73.944,40.605],[-73.943,40.603],[-73.944,40.602],[-73.945,40.602],[-73.946,40.602],[-73.946,40.601],[-73.946,40.6],[-73.945,40.599],[-73.945,40.598],[-73.944,40.598],[-73.943,40.598],[-73.942,40.598],[-73.941,40.598],[-73.941,40.597],[-73.941,40.596],[-73.941,40.595],[-73.941,40.594],[-73.94,40.594],[-73.939,40.594],[-73.938,40.594],[-73.938,40.593],[-73.937,40.592],[-73.937,40.59],[-73.937,40.588],[-73.936,40.587],[-73.935,40.587],[-73.934,40.587],[-73.933,40.587],[-73.932,40.586],[-73.931,40.586],[-73.931,40.585],[-73.931,40.584],[-73.932,40.584],[-73.932,40.583],[-73.933,40.583],[-73.934,40.583],[-73.935,40.583],[-73.936,40.583],[-73.937,40.583],[-73.936,40.583],[-73.937,40.583],[-73.938,40.583],[-73.937,40.583],[-73.938,40.583],[-73.939,40.583],[-73.94,40.583],[-73.941,40.583],[-73.94,40.583],[-73.941,40.583],[-73.942,40.584],[-73.943,40.584],[-73.942,40.583],[-73.943,40.584],[-73.943,40.583],[-73.943,40.584],[-73.944,40.584],[-73.943,40.583],[-73.944,40.583],[-73.944,40.584],[-73.944,40.583],[-73.944,40.584],[-73.945,40.584],[-73.944,40.583],[-73.945,40.584],[-73.945,40.583],[-73.945,40.584],[-73.946,40.584],[-73.945,40.583],[-73.946,40.584],[-73.946,40.583],[-73.946,40.584],[-73.947,40.584],[-73.946,40.583],[-73.947,40.583],[-73.947,40.584],[-73.947,40.583],[-73.948,40.584],[-73.95,40.583],[-73.951,40.583],[-73.953,40.583],[-73.954,40.583],[-73.953,40.583],[-73.953,40.582],[-73.952,40.582],[-73.951,40.582],[-73.95,40.582],[-73.949,40.582],[-73.948,40.582],[-73.947,40.582],[-73.946,40.582],[-73.945,40.581],[-73.944,40.581],[-73.943,40.581],[-73.942,40.581],[-73.941,40.581],[-73.94,40.581],[-73.939,40.581],[-73.938,40.581],[-73.937,40.581],[-73.936,40.581],[-73.935,40.581],[-73.934,40.581],[-73.935,40.581],[-73.934,40.581],[-73.933,40.581],[-73.934,40.581],[-73.933,40.581],[-73.932,40.58],[-73.932,40.579],[-73.932,40.578],[-73.931,40.576],[-73.933,40.576],[-73.935,40.575],[-73.935,40.576],[-73.936,40.576],[-73.937,40.576],[-73.937,40.575],[-73.937,40.576],[-73.938,40.575],[-73.939,40.575],[-73.942,40.575],[-73.942,40.576],[-73.943,40.576],[-73.944,40.576],[-73.945,40.576],[-73.945,40.575],[-73.945,40.576],[-73.946,40.576],[-73.946,40.575],[-73.947,40.575],[-73.948,40.575],[-73.949,40.575],[-73.95,40.575],[-73.951,40.575],[-73.951,40.574],[-73.952,40.574],[-73.953,40.574],[-73.954,40.574],[-73.955,40.574],[-73.956,40.574],[-73.957,40.574],[-73.958,40.574],[-73.959,40.574],[-73.959,40.573],[-73.959,40.574],[-73.959,40.575],[-73.961,40.575],[-73.963,40.575],[-73.965,40.575],[-73.966,40.575],[-73.967,40.575],[-73.968,40.575],[-73.969,40.575],[-73.97,40.575],[-73.971,40.575],[-73.972,40.575],[-73.973,40.575],[-73.974,40.575],[-73.975,40.575],[-73.976,40.575],[-73.977,40.575],[-73.978,40.575],[-73.979,40.575],[-73.98,40.575],[-73.98,40.576],[-73.98,40.578],[-73.98,40.579],[-73.979,40.58],[-73.978,40.58],[-73.977,40.58],[-73.976,40.58],[-73.975,40.58],[-73.973,40.58],[-73.972,40.58],[-73.971,40.582],[-73.97,40.582],[-73.968,40.582],[-73.968,40.581],[-73.967,40.581],[-73.967,40.583],[-73.967,40.584],[-73.967,40.585],[-73.966,40.585],[-73.966,40.586],[-73.966,40.587],[-73.966,40.588],[-73.966,40.589],[-73.966,40.59],[-73.965,40.59],[-73.965,40.591],[-73.965,40.592],[-73.965,40.593],[-73.965,40.594],[-73.965,40.596],[-73.966,40.598],[-73.966,40.6],[-73.966,40.602],[-73.965,40.603],[-73.964,40.603],[-73.964,40.605],[-73.963,40.605],[-73.962,40.605],[-73.962,40.607],[-73.962,40.608],[-73.962,40.61],[-73.963,40.612],[-73.963,40.615],[-73.962,40.615],[-73.961,40.615],[-73.96,40.615],[-73.96,40.616],[-73.959,40.616],[-73.958,40.616],[-73.957,40.616],[-73.956,40.616],[-73.955,40.616],[-73.954,40.616],[-73.953,40.616],[-73.952,40.617],[-73.951,40.617],[-73.95,40.617],[-73.949,40.617],[-73.948,40.617],[-73.948,40.615],[-73.948,40.614],[-73.947,40.614]]]]},"properties":{"coundist":"48","shape_leng":"80753.2014816","shape_area":"109815036.183"}},{"type":"Feature","geometry":{"type":"MultiPolygon","coordinates":[[[[-73.92,40.6],[-73.92,40.599],[-73.92,40.6],[-73.919,40.6],[-73.919,40.599],[-73.918,40.599],[-73.917,40.599],[-73.917,40.598],[-73.916,40.598],[-73.916,40.597],[-73.915,40.597],[-73.915,40.596],[-73.914,40.596],[-73.914,40.595],[-73.913,40.595],[-73.913,40.594],[-73.913,40.593],[-73.913,40.592],[-73.914,40.592],[-73.915,40.592],[-73.916,40.592],[-73.916,40.593],[-73.917,40.593],[-73.917,40.594],[-73.918,40.594],[-73.918,40.595],[-73.919,40.595],[-73.919,40.596],[-73.92,40.596],[-73.921,40.596],[-73.921,40.597],[-73.922,40.597],[-73.922,40.598],[-73.922,40.599],[-73.921,40.599],[-73.92,40.599],[-73.92,40.6]]],[[[-73.888,40.647]]],[[[-73.891,40.65],[-73.891,40.649],[-73.891,40.648],[-73.89,40.648],[-73.89,40.647],[-73.889,40.647],[-73.889,40.646],[-73.889,40.647],[-73.888,40.647],[-73.889,40.647],[-73.888,40.647],[-73.888,40.646],[-73.888,40.645],[-73.887,40.645],[-73.888,40.645],[-73.887,40.645],[-73.887,40.644],[-73.887,40.645],[-73.887,40.644],[-73.886,40.644],[-73.887,40.644],[-73.886,40.644],[-73.885,40.644],[-73.885,40.643],[-73.884,40.643],[-73.884,40.642],[-73.883,40.642],[-73.882,40.641],[-73.881,40.64],[-73.881,40.639],[-73.88,40.638],[-73.879,40.638],[-73.879,40.639],[-73.879,40.638],[-73.878,40.638],[-73.879,40.638],[-73.878,40.638],[-73.878,40.637],[-73.877,40.636],[-73.877,40.635],[-73.878,40.635],[-73.879,40.634],[-73.88,40.634],[-73.88,40.633],[-73.881,40.633],[-73.881,40.632],[-73.882,40.632],[-73.883,40.632],[-73.883,40.631],[-73.884,40.631],[-73.884,40.63],[-73.883,40.63],[-73.884,40.63],[-73.883,40.628],[-73.884,40.628],[-73.885,40.629],[-73.886,40.628],[-73.886,40.629],[-73.888,40.628],[-73.89,40.626],[-73.891,40.624],[-73.893,40.623],[-73.894,40.623],[-73.895,40.623],[-73.896,40.623],[-73.895,40.623],[-73.896,40.623],[-73.897,40.623],[-73.901,40.625],[-73.902,40.626],[-73.903,40.626],[-73.904,40.626],[-73.904,40.627],[-73.905,40.627],[-73.906,40.627],[-73.907,40.627],[-73.907,40.628],[-73.908,40.628],[-73.909,40.629],[-73.91,40.629],[-73.911,40.629],[-73.911,40.63],[-73.912,40.63],[-73.913,40.63],[-73.914,40.631],[-73.915,40.631],[-73.916,40.632],[-73.917,40.632],[-73.918,40.632],[-73.918,40.631],[-73.917,40.631],[-73.917,40.63],[-73.916,40.63],[-73.915,40.63],[-73.909,40.627],[-73.908,40.627],[-73.905,40.625],[-73.904,40.625],[-73.905,40.626],[-73.906,40.626],[-73.905,40.626],[-73.905,40.625],[-73.904,40.625],[-73.903,40.625],[-73.903,40.624],[-73.903,40.625],[-73.903,40.624],[-73.902,40.624],[-73.903,40.624],[-73.903,40.623],[-73.902,40.623],[-73.902,40.624],[-73.902,40.623],[-73.901,40.623],[-73.901,40.622],[-73.9,40.622],[-73.899,40.622],[-73.898,40.622],[-73.897,40.622],[-73.897,40.621],[-73.896,40.621],[-73.896,40.62],[-73.896,40.619],[-73.896,40.618],[-73.897,40.618],[-73.896,40.618],[-73.897,40.618],[-73.896,40.618],[-73.897,40.618],[-73.897,40.617],[-73.897,40.616],[-73.896,40.616],[-73.897,40.616],[-73.896,40.616],[-73.896,40.615],[-73.896,40.614],[-73.895,40.614],[-73.894,40.614],[-73.893,40.614],[-73.892,40.614],[-73.892,40.613],[-73.891,40.613],[-73.891,40.612],[-73.892,40.612],[-73.893,40.612],[-73.894,40.612],[-73.894,40.611],[-73.893,40.611],[-73.892,40.611],[-73.892,40.612],[-73.892,40.611],[-73.892,40.612],[-73.891,40.612],[-73.89,40.612],[-73.89,40.611],[-73.89,40.61],[-73.891,40.61],[-73.891,40.609],[-73.892,40.609],[-73.892,40.608],[-73.892,40.609],[-73.892,40.608],[-73.893,40.608],[-73.893,40.607],[-73.894,40.607],[-73.894,40.606],[-73.895,40.606],[-73.896,40.606],[-73.897,40.606],[-73.898,40.605],[-73.899,40.605],[-73.899,40.606],[-73.9,40.606],[-73.901,40.606],[-73.901,40.607],[-73.901,40.608],[-73.901,40.609],[-73.9,40.609],[-73.9,40.61],[-73.901,40.61],[-73.9,40.61],[-73.901,40.61],[-73.901,40.611],[-73.901,40.612],[-73.902,40.612],[-73.903,40.612],[-73.901,40.611],[-73.903,40.612],[-73.902,40.612],[-73.903,40.612],[-73.902,40.612],[-73.903,40.612],[-73.904,40.614],[-73.906,40.615],[-73.907,40.616],[-73.907,40.617],[-73.907,40.616],[-73.907,40.617],[-73.908,40.617],[-73.909,40.617],[-73.908,40.617],[-73.909,40.617],[-73.909,40.616],[-73.908,40.616],[-73.909,40.616],[-73.909,40.617],[-73.91,40.617],[-73.91,40.616],[-73.909,40.616],[-73.909,40.615],[-73.908,40.615],[-73.907,40.615],[-73.907,40.614],[-73.907,40.615],[-73.907,40.614],[-73.905,40.613],[-73.904,40.612],[-73.903,40.611],[-73.902,40.611],[-73.902,40.61],[-73.902,40.609],[-73.902,40.608],[-73.902,40.607],[-73.902,40.606],[-73.903,40.605],[-73.904,40.605],[-73.905,40.605],[-73.906,40.606],[-73.907,40.606],[-73.908,40.606],[-73.908,40.607],[-73.909,40.607],[-73.909,40.606],[-73.91,40.606],[-73.909,40.605],[-73.909,40.604],[-73.909,40.605],[-73.908,40.604],[-73.909,40.604],[-73.911,40.603],[-73.912,40.604],[-73.913,40.604],[-73.914,40.604],[-73.915,40.605],[-73.916,40.606],[-73.917,40.607],[-73.917,40.608],[-73.916,40.609],[-73.917,40.609],[-73.916,40.609],[-73.917,40.609],[-73.917,40.61],[-73.917,40.609],[-73.916,40.61],[-73.916,40.611],[-73.915,40.611],[-73.915,40.612],[-73.915,40.613],[-73.915,40.614],[-73.914,40.614],[-73.914,40.615],[-73.915,40.615],[-73.915,40.614],[-73.916,40.614],[-73.916,40.613],[-73.916,40.614],[-73.916,40.613],[-73.916,40.614],[-73.916,40.613],[-73.916,40.614],[-73.917,40.613],[-73.916,40.612],[-73.917,40.611],[-73.918,40.61],[-73.918,40.609],[-73.918,40.61],[-73.918,40.609],[-73.919,40.608],[-73.918,40.608],[-73.919,40.608],[-73.918,40.608],[-73.919,40.608],[-73.918,40.607],[-73.919,40.608],[-73.919,40.607],[-73.918,40.606],[-73.917,40.605],[-73.916,40.604],[-73.915,40.604],[-73.915,40.603],[-73.914,40.603],[-73.914,40.602],[-73.913,40.603],[-73.914,40.602],[-73.913,40.602],[-73.913,40.603],[-73.913,40.602],[-73.913,40.603],[-73.913,40.602],[-73.912,40.602],[-73.912,40.603],[-73.912,40.602],[-73.913,40.602],[-73.913,40.603],[-73.913,40.602],[-73.912,40.602],[-73.912,40.603],[-73.912,40.602],[-73.911,40.602],[-73.912,40.602],[-73.911,40.602],[-73.912,40.602],[-73.911,40.602],[-73.91,40.602],[-73.91,40.603],[-73.909,40.603],[-73.909,40.602],[-73.909,40.603],[-73.91,40.602],[-73.911,40.602],[-73.91,40.602],[-73.909,40.602],[-73.91,40.602],[-73.911,40.602],[-73.91,40.602],[-73.909,40.602],[-73.908,40.602],[-73.907,40.602],[-73.906,40.602],[-73.906,40.603],[-73.905,40.602],[-73.905,40.603],[-73.905,40.602],[-73.904,40.603],[-73.904,40.602],[-73.904,40.603],[-73.903,40.603],[-73.902,40.603],[-73.901,40.603],[-73.9,40.603],[-73.899,40.604],[-73.899,40.603],[-73.898,40.603],[-73.897,40.603],[-73.896,40.603],[-73.895,40.603],[-73.894,40.603],[-73.893,40.603],[-73.892,40.603],[-73.891,40.603],[-73.891,40.604],[-73.89,40.604],[-73.889,40.604],[-73.889,40.605],[-73.888,40.605],[-73.887,40.605],[-73.886,40.605],[-73.885,40.605],[-73.884,40.605],[-73.883,40.605],[-73.883,40.604],[-73.883,40.603],[-73.883,40.602],[-73.883,40.601],[-73.882,40.601],[-73.882,40.6],[-73.882,40.599],[-73.882,40.598],[-73.882,40.597],[-73.881,40.597],[-73.881,40.596],[-73.881,40.595],[-73.88,40.592],[-73.879,40.592],[-73.88,40.592],[-73.88,40.591],[-73.879,40.591],[-73.879,40.59],[-73.879,40.589],[-73.879,40.588],[-73.879,40.587],[-73.878,40.587],[-73.878,40.586],[-73.877,40.585],[-73.88,40.58],[-73.882,40.58],[-73.882,40.579],[-73.883,40.579],[-73.884,40.579],[-73.886,40.578],[-73.888,40.578],[-73.889,40.578],[-73.89,40.578],[-73.891,40.578],[-73.892,40.578],[-73.892,40.577],[-73.893,40.577],[-73.894,40.577],[-73.895,40.577],[-73.896,40.577],[-73.896,40.578],[-73.896,40.579],[-73.897,40.579],[-73.897,40.581],[-73.897,40.582],[-73.897,40.583],[-73.897,40.584],[-73.897,40.585],[-73.898,40.585],[-73.898,40.586],[-73.898,40.587],[-73.899,40.587],[-73.9,40.587],[-73.899,40.587],[-73.899,40.588],[-73.9,40.588],[-73.901,40.588],[-73.901,40.587],[-73.901,40.588],[-73.9,40.588],[-73.901,40.588],[-73.902,40.588],[-73.902,40.587],[-73.903,40.587],[-73.904,40.587],[-73.905,40.587],[-73.906,40.587],[-73.906,40.588],[-73.907,40.588],[-73.907,40.587],[-73.906,40.587],[-73.907,40.587],[-73.908,40.587],[-73.909,40.587],[-73.909,40.586],[-73.91,40.586],[-73.911,40.586],[-73.912,40.586],[-73.912,40.587],[-73.912,40.588],[-73.912,40.589],[-73.912,40.59],[-73.912,40.591],[-73.911,40.591],[-73.912,40.591],[-73.912,40.592],[-73.912,40.593],[-73.912,40.594],[-73.912,40.595],[-73.913,40.596],[-73.913,40.597],[-73.914,40.597],[-73.915,40.597],[-73.915,40.598],[-73.915,40.599],[-73.916,40.599],[-73.917,40.599],[-73.917,40.6],[-73.918,40.6],[-73.918,40.601],[-73.919,40.601],[-73.92,40.601],[-73.921,40.601],[-73.921,40.602],[-73.922,40.602],[-73.923,40.601],[-73.923,40.6],[-73.924,40.6],[-73.925,40.6],[-73.926,40.6],[-73.926,40.601],[-73.927,40.601],[-73.927,40.602],[-73.928,40.602],[-73.929,40.602],[-73.929,40.603],[-73.93,40.603],[-73.929,40.603],[-73.929,40.604],[-73.93,40.604],[-73.931,40.604],[-73.931,40.603],[-73.932,40.603],[-73.932,40.602],[-73.931,40.602],[-73.93,40.601],[-73.929,40.601],[-73.929,40.6],[-73.929,40.601],[-73.928,40.601],[-73.928,40.6],[-73.927,40.6],[-73.927,40.599],[-73.926,40.599],[-73.925,40.599],[-73.925,40.598],[-73.924,40.598],[-73.924,40.597],[-73.923,40.597],[-73.923,40.596],[-73.922,40.596],[-73.922,40.595],[-73.921,40.595],[-73.92,40.595],[-73.92,40.594],[-73.919,40.594],[-73.919,40.593],[-73.918,40.593],[-73.918,40.592],[-73.917,40.592],[-73.917,40.591],[-73.916,40.591],[-73.915,40.591],[-73.915,40.59],[-73.915,40.589],[-73.915,40.588],[-73.916,40.588],[-73.917,40.588],[-73.917,40.587],[-73.918,40.587],[-73.918,40.586],[-73.918,40.587],[-73.918,40.586],[-73.919,40.586],[-73.92,40.586],[-73.921,40.586],[-73.922,40.586],[-73.923,40.586],[-73.924,40.586],[-73.925,40.586],[-73.926,40.586],[-73.926,40.587],[-73.927,40.587],[-73.927,40.588],[-73.927,40.587],[-73.927,40.588],[-73.928,40.587],[-73.927,40.588],[-73.928,40.588],[-73.928,40.587],[-73.928,40.588],[-73.927,40.588],[-73.928,40.588],[-73.927,40.588],[-73.928,40.588],[-73.928,40.589],[-73.927,40.589],[-73.926,40.59],[-73.925,40.59],[-73.924,40.591],[-73.925,40.591],[-73.926,40.59],[-73.927,40.59],[-73.928,40.589],[-73.929,40.589],[-73.928,40.589],[-73.929,40.589],[-73.93,40.589],[-73.93,40.59],[-73.93,40.589],[-73.929,40.589],[-73.93,40.589],[-73.93,40.59],[-73.931,40.59],[-73.93,40.59],[-73.931,40.59],[-73.93,40.59],[-73.931,40.59],[-73.931,40.591],[-73.931,40.59],[-73.93,40.59],[-73.93,40.591],[-73.931,40.591],[-73.93,40.591],[-73.931,40.591],[-73.93,40.591],[-73.931,40.591],[-73.93,40.591],[-73.931,40.591],[-73.931,40.592],[-73.931,40.591],[-73.93,40.591],[-73.93,40.592],[-73.931,40.592],[-73.93,40.592],[-73.93,40.593],[-73.93,40.592],[-73.93,40.593],[-73.93,40.594],[-73.931,40.594],[-73.93,40.594],[-73.931,40.594],[-73.932,40.594],[-73.931,40.594],[-73.931,40.595],[-73.932,40.595],[-73.933,40.595],[-73.932,40.595],[-73.933,40.595],[-73.932,40.595],[-73.933,40.595],[-73.933,40.594],[-73.932,40.594],[-73.932,40.593],[-73.931,40.593],[-73.932,40.593],[-73.931,40.593],[-73.931,40.592],[-73.931,40.591],[-73.931,40.592],[-73.931,40.591],[-73.932,40.591],[-73.931,40.591],[-73.931,40.59],[-73.931,40.589],[-73.93,40.589],[-73.931,40.589],[-73.93,40.589],[-73.931,40.589],[-73.93,40.589],[-73.93,40.588],[-73.93,40.587],[-73.931,40.587],[-73.93,40.587],[-73.931,40.587],[-73.93,40.587],[-73.929,40.587],[-73.928,40.587],[-73.928,40.586],[-73.927,40.586],[-73.928,40.586],[-73.927,40.586],[-73.927,40.585],[-73.926,40.585],[-73.927,40.586],[-73.926,40.585],[-73.925,40.585],[-73.926,40.585],[-73.925,40.585],[-73.924,40.585],[-73.923,40.585],[-73.922,40.585],[-73.921,40.585],[-73.92,40.585],[-73.919,40.585],[-73.918,40.585],[-73.918,40.586],[-73.918,40.585],[-73.918,40.586],[-73.917,40.586],[-73.916,40.586],[-73.915,40.586],[-73.914,40.586],[-73.913,40.586],[-73.913,40.585],[-73.912,40.585],[-73.912,40.584],[-73.913,40.584],[-73.912,40.584],[-73.913,40.584],[-73.912,40.584],[-73.912,40.583],[-73.913,40.583],[-73.914,40.583],[-73.915,40.583],[-73.916,40.583],[-73.917,40.583],[-73.916,40.583],[-73.916,40.582],[-73.915,40.582],[-73.915,40.583],[-73.915,40.582],[-73.914,40.582],[-73.914,40.583],[-73.915,40.583],[-73.914,40.583],[-73.913,40.583],[-73.912,40.583],[-73.911,40.583],[-73.911,40.582],[-73.912,40.582],[-73.913,40.582],[-73.914,40.582],[-73.915,40.582],[-73.915,40.581],[-73.915,40.582],[-73.916,40.582],[-73.917,40.582],[-73.918,40.582],[-73.919,40.582],[-73.919,40.583],[-73.92,40.583],[-73.921,40.583],[-73.922,40.583],[-73.923,40.583],[-73.923,40.584],[-73.924,40.584],[-73.925,40.584],[-73.926,40.584],[-73.927,40.584],[-73.928,40.584],[-73.929,40.583],[-73.93,40.583],[-73.931,40.583],[-73.932,40.583],[-73.932,40.584],[-73.931,40.584],[-73.931,40.585],[-73.931,40.586],[-73.932,40.586],[-73.933,40.587],[-73.934,40.587],[-73.935,40.587],[-73.936,40.587],[-73.937,40.588],[-73.937,40.59],[-73.937,40.592],[-73.938,40.593],[-73.938,40.594],[-73.939,40.594],[-73.94,40.594],[-73.941,40.594],[-73.941,40.595],[-73.941,40.596],[-73.941,40.597],[-73.941,40.598],[-73.942,40.598],[-73.943,40.598],[-73.944,40.598],[-73.945,40.598],[-73.945,40.599],[-73.946,40.6],[-73.946,40.601],[-73.946,40.602],[-73.945,40.602],[-73.944,40.602],[-73.943,40.603],[-73.944,40.605],[-73.943,40.605],[-73.942,40.605],[-73.942,40.606],[-73.942,40.607],[-73.942,40.608],[-73.944,40.609],[-73.944,40.61],[-73.944,40.611],[-73.944,40.612],[-73.945,40.612],[-73.946,40.612],[-73.947,40.612],[-73.947,40.614],[-73.947,40.615],[-73.946,40.615],[-73.945,40.616],[-73.945,40.615],[-73.944,40.614],[-73.944,40.613],[-73.943,40.613],[-73.942,40.614],[-73.941,40.615],[-73.94,40.615],[-73.939,40.616],[-73.938,40.617],[-73.937,40.617],[-73.936,40.618],[-73.935,40.619],[-73.934,40.619],[-73.933,40.62],[-73.933,40.619],[-73.932,40.619],[-73.931,40.619],[-73.931,40.621],[-73.93,40.621],[-73.93,40.623],[-73.929,40.623],[-73.928,40.623],[-73.927,40.624],[-73.928,40.626],[-73.928,40.628],[-73.928,40.63],[-73.927,40.631],[-73.926,40.631],[-73.925,40.631],[-73.924,40.631],[-73.923,40.631],[-73.922,40.631],[-73.921,40.631],[-73.92,40.631],[-73.921,40.631],[-73.921,40.633],[-73.92,40.633],[-73.92,40.634],[-73.919,40.634],[-73.919,40.635],[-73.918,40.635],[-73.917,40.636],[-73.916,40.636],[-73.915,40.637],[-73.916,40.638],[-73.917,40.639],[-73.916,40.639],[-73.915,40.64],[-73.914,40.64],[-73.914,40.641],[-73.913,40.641],[-73.912,40.641],[-73.912,40.642],[-73.911,40.642],[-73.91,40.643],[-73.909,40.643],[-73.908,40.644],[-73.907,40.645],[-73.906,40.645],[-73.905,40.646],[-73.904,40.647],[-73.903,40.647],[-73.902,40.648],[-73.901,40.649],[-73.9,40.649],[-73.899,40.648],[-73.897,40.646],[-73.896,40.647],[-73.895,40.647],[-73.895,40.648],[-73.894,40.648],[-73.893,40.648],[-73.893,40.649],[-73.892,40.65],[-73.891,40.65]]]]},"properties":{"coundist":"46","shape_leng":"252953.405582","shape_area":"277719689.762"}},{"type":"Feature","geometry":{"type":"MultiPolygon","coordinates":[[[[-73.928,40.693],[-73.928,40.692],[-73.928,40.691],[-73.927,40.69],[-73.927,40.689],[-73.927,40.688],[-73.927,40.687],[-73.927,40.686],[-73.927,40.685],[-73.926,40.684],[-73.926,40.683],[-73.926,40.682],[-73.926,40.681],[-73.925,40.68],[-73.925,40.679],[-73.927,40.679],[-73.927,40.678],[-73.927,40.677],[-73.928,40.676],[-73.928,40.675],[-73.928,40.674],[-73.928,40.673],[-73.928,40.672],[-73.925,40.672],[-73.925,40.671],[-73.925,40.67],[-73.928,40.67],[-73.929,40.67],[-73.931,40.671],[-73.931,40.672],[-73.934,40.672],[-73.936,40.672],[-73.939,40.672],[-73.94,40.672],[-73.941,40.672],[-73.942,40.672],[-73.945,40.672],[-73.948,40.672],[-73.95,40.672],[-73.953,40.673],[-73.954,40.673],[-73.954,40.674],[-73.954,40.675],[-73.953,40.675],[-73.953,40.676],[-73.953,40.677],[-73.953,40.678],[-73.953,40.679],[-73.954,40.679],[-73.955,40.679],[-73.956,40.679],[-73.958,40.68],[-73.958,40.681],[-73.959,40.682],[-73.959,40.683],[-73.959,40.684],[-73.959,40.685],[-73.959,40.686],[-73.96,40.687],[-73.96,40.688],[-73.96,40.689],[-73.96,40.69],[-73.959,40.69],[-73.959,40.691],[-73.958,40.691],[-73.957,40.691],[-73.956,40.691],[-73.955,40.691],[-73.954,40.691],[-73.952,40.691],[-73.952,40.692],[-73.952,40.693],[-73.952,40.694],[-73.953,40.695],[-73.953,40.696],[-73.953,40.697],[-73.953,40.698],[-73.953,40.699],[-73.953,40.7],[-73.952,40.7],[-73.951,40.7],[-73.95,40.7],[-73.948,40.7],[-73.947,40.7],[-73.946,40.7],[-73.945,40.7],[-73.944,40.7],[-73.942,40.701],[-73.941,40.7],[-73.94,40.7],[-73.939,40.699],[-73.938,40.699],[-73.938,40.698],[-73.937,40.698],[-73.936,40.698],[-73.936,40.697],[-73.935,40.697],[-73.934,40.697],[-73.934,40.696],[-73.933,40.696],[-73.932,40.695],[-73.931,40.695],[-73.93,40.694],[-73.929,40.693],[-73.928,40.693]]]]},"properties":{"coundist":"36","shape_leng":"39108.3612981","shape_area":"76224395.9821"}},{"type":"Feature","geometry":{"type":"MultiPolygon","coordinates":[[[[-73.926,40.692],[-73.926,40.691],[-73.925,40.691],[-73.924,40.691],[-73.924,40.69],[-73.923,40.69],[-73.922,40.69],[-73.921,40.689],[-73.92,40.688],[-73.919,40.688],[-73.918,40.687],[-73.917,40.687],[-73.917,40.686],[-73.916,40.686],[-73.915,40.686],[-73.915,40.685],[-73.914,40.685],[-73.913,40.684],[-73.912,40.684],[-73.912,40.683],[-73.912,40.682],[-73.911,40.681],[-73.911,40.68],[-73.911,40.679],[-73.911,40.678],[-73.911,40.676],[-73.911,40.675],[-73.911,40.674],[-73.911,40.673],[-73.909,40.673],[-73.908,40.673],[-73.908,40.674],[-73.908,40.673],[-73.908,40.672],[-73.907,40.672],[-73.908,40.671],[-73.908,40.67],[-73.907,40.67],[-73.906,40.67],[-73.905,40.67],[-73.904,40.671],[-73.904,40.67],[-73.904,40.669],[-73.904,40.668],[-73.903,40.667],[-73.903,40.666],[-73.903,40.665],[-73.903,40.664],[-73.902,40.663],[-73.902,40.662],[-73.902,40.66],[-73.901,40.659],[-73.902,40.659],[-73.903,40.659],[-73.904,40.658],[-73.905,40.658],[-73.906,40.658],[-73.907,40.658],[-73.908,40.658],[-73.909,40.658],[-73.91,40.658],[-73.91,40.657],[-73.912,40.657],[-73.913,40.657],[-73.914,40.657],[-73.915,40.656],[-73.916,40.655],[-73.917,40.655],[-73.917,40.654],[-73.918,40.654],[-73.919,40.653],[-73.92,40.653],[-73.921,40.653],[-73.922,40.653],[-73.923,40.653],[-73.924,40.653],[-73.925,40.653],[-73.926,40.652],[-73.927,40.652],[-73.928,40.652],[-73.929,40.652],[-73.93,40.652],[-73.931,40.652],[-73.932,40.652],[-73.933,40.652],[-73.934,40.652],[-73.935,40.651],[-73.936,40.651],[-73.936,40.653],[-73.936,40.655],[-73.937,40.656],[-73.936,40.656],[-73.935,40.656],[-73.934,40.656],[-73.933,40.657],[-73.932,40.657],[-73.931,40.657],[-73.931,40.658],[-73.932,40.658],[-73.934,40.658],[-73.935,40.658],[-73.936,40.658],[-73.937,40.658],[-73.937,40.659],[-73.937,40.66],[-73.937,40.661],[-73.937,40.662],[-73.937,40.663],[-73.937,40.664],[-73.937,40.665],[-73.934,40.664],[-73.931,40.664],[-73.931,40.665],[-73.931,40.666],[-73.931,40.667],[-73.931,40.668],[-73.931,40.669],[-73.931,40.67],[-73.931,40.671],[-73.929,40.67],[-73.928,40.67],[-73.925,40.67],[-73.925,40.671],[-73.925,40.672],[-73.928,40.672],[-73.928,40.673],[-73.928,40.674],[-73.928,40.675],[-73.928,40.676],[-73.927,40.677],[-73.927,40.678],[-73.927,40.679],[-73.925,40.679],[-73.925,40.68],[-73.926,40.681],[-73.926,40.682],[-73.926,40.683],[-73.926,40.684],[-73.927,40.685],[-73.927,40.686],[-73.927,40.687],[-73.927,40.688],[-73.927,40.689],[-73.927,40.69],[-73.928,40.691],[-73.928,40.692],[-73.928,40.693],[-73.927,40.693],[-73.927,40.692],[-73.926,40.692]]]]},"properties":{"coundist":"41","shape_leng":"51093.2789042","shape_area":"79271986.6813"}},{"type":"Feature","geometry":{"type":"MultiPolygon","coordinates":[[[[-74.037,40.639],[-74.039,40.64],[-74.037,40.639]]],[[[-74.008,40.685],[-74.007,40.684],[-74.007,40.683],[-74.006,40.683],[-74.006,40.682],[-74.005,40.681],[-74.005,40.68],[-74.004,40.68],[-74.004,40.679],[-74.003,40.679],[-74.003,40.678],[-74.002,40.678],[-74.002,40.677],[-74.001,40.676],[-74.001,40.675],[-74.0,40.675],[-74.0,40.674],[-73.999,40.673],[-73.999,40.672],[-73.998,40.672],[-73.998,40.673],[-73.997,40.673],[-73.997,40.674],[-73.996,40.674],[-73.993,40.673],[-73.991,40.672],[-73.989,40.67],[-73.986,40.669],[-73.987,40.669],[-73.987,40.668],[-73.988,40.667],[-73.989,40.666],[-73.99,40.665],[-73.99,40.664],[-73.991,40.664],[-73.992,40.663],[-73.993,40.662],[-73.993,40.661],[-73.994,40.661],[-73.995,40.66],[-73.993,40.658],[-73.992,40.659],[-73.99,40.658],[-73.989,40.659],[-73.988,40.659],[-73.986,40.658],[-73.984,40.657],[-73.982,40.655],[-73.981,40.653],[-73.981,40.652],[-73.981,40.65],[-73.98,40.648],[-73.981,40.647],[-73.982,40.647],[-73.983,40.647],[-73.985,40.646],[-73.988,40.645],[-73.989,40.644],[-73.99,40.644],[-73.99,40.643],[-73.991,40.643],[-73.992,40.642],[-73.993,40.642],[-73.993,40.641],[-73.994,40.641],[-73.995,40.64],[-73.996,40.64],[-73.996,40.639],[-73.997,40.639],[-73.998,40.638],[-73.999,40.639],[-74.0,40.638],[-74.001,40.637],[-74.003,40.639],[-74.002,40.639],[-74.001,40.64],[-74.0,40.641],[-74.002,40.642],[-74.005,40.644],[-74.007,40.645],[-74.007,40.644],[-74.008,40.644],[-74.009,40.643],[-74.01,40.642],[-74.011,40.641],[-74.012,40.64],[-74.013,40.639],[-74.014,40.638],[-74.015,40.638],[-74.015,40.637],[-74.013,40.636],[-74.012,40.636],[-74.01,40.635],[-74.011,40.635],[-74.011,40.634],[-74.008,40.633],[-74.007,40.632],[-74.006,40.632],[-74.007,40.631],[-74.008,40.63],[-74.009,40.629],[-74.01,40.628],[-74.008,40.626],[-74.007,40.625],[-74.006,40.625],[-74.004,40.624],[-74.004,40.623],[-74.002,40.623],[-74.002,40.622],[-73.999,40.621],[-73.999,40.62],[-73.998,40.62],[-73.997,40.62],[-73.998,40.619],[-73.999,40.619],[-73.999,40.618],[-73.999,40.617],[-74.0,40.617],[-73.998,40.615],[-73.999,40.614],[-74.0,40.614],[-74.0,40.613],[-74.001,40.613],[-74.001,40.612],[-73.999,40.611],[-73.997,40.609],[-73.995,40.608],[-73.995,40.607],[-73.996,40.607],[-73.996,40.606],[-73.997,40.606],[-73.998,40.605],[-74.0,40.603],[-74.001,40.601],[-74.002,40.602],[-74.003,40.602],[-74.004,40.603],[-74.005,40.603],[-74.006,40.604],[-74.007,40.604],[-74.008,40.605],[-74.007,40.606],[-74.007,40.607],[-74.005,40.609],[-74.004,40.609],[-74.003,40.61],[-74.006,40.611],[-74.007,40.612],[-74.008,40.612],[-74.008,40.613],[-74.007,40.613],[-74.007,40.614],[-74.008,40.615],[-74.009,40.616],[-74.011,40.617],[-74.013,40.618],[-74.015,40.62],[-74.017,40.621],[-74.018,40.621],[-74.018,40.62],[-74.02,40.621],[-74.021,40.622],[-74.02,40.622],[-74.021,40.622],[-74.021,40.623],[-74.02,40.623],[-74.02,40.624],[-74.019,40.625],[-74.019,40.626],[-74.018,40.627],[-74.018,40.628],[-74.018,40.629],[-74.017,40.629],[-74.017,40.63],[-74.017,40.631],[-74.017,40.632],[-74.016,40.632],[-74.016,40.633],[-74.016,40.634],[-74.016,40.635],[-74.017,40.635],[-74.017,40.636],[-74.018,40.636],[-74.019,40.637],[-74.02,40.637],[-74.02,40.638],[-74.021,40.638],[-74.021,40.639],[-74.022,40.639],[-74.022,40.64],[-74.022,40.641],[-74.021,40.641],[-74.022,40.641],[-74.023,40.64],[-74.024,40.64],[-74.025,40.64],[-74.026,40.64],[-74.027,40.64],[-74.027,40.641],[-74.028,40.641],[-74.029,40.642],[-74.03,40.642],[-74.032,40.644],[-74.031,40.645],[-74.029,40.644],[-74.029,40.645],[-74.028,40.644],[-74.028,40.645],[-74.027,40.645],[-74.026,40.646],[-74.029,40.648],[-74.03,40.648],[-74.029,40.649],[-74.026,40.647],[-74.025,40.647],[-74.024,40.647],[-74.024,40.648],[-74.025,40.648],[-74.025,40.649],[-74.025,40.65],[-74.025,40.651],[-74.026,40.651],[-74.025,40.651],[-74.024,40.651],[-74.025,40.652],[-74.024,40.651],[-74.023,40.651],[-74.025,40.653],[-74.023,40.651],[-74.022,40.651],[-74.021,40.651],[-74.022,40.652],[-74.021,40.651],[-74.024,40.653],[-74.023,40.653],[-74.022,40.652],[-74.021,40.653],[-74.023,40.654],[-74.022,40.654],[-74.021,40.654],[-74.022,40.655],[-74.021,40.654],[-74.02,40.654],[-74.019,40.654],[-74.018,40.654],[-74.02,40.655],[-74.018,40.654],[-74.017,40.655],[-74.02,40.657],[-74.017,40.655],[-74.017,40.656],[-74.017,40.655],[-74.016,40.656],[-74.019,40.657],[-74.019,40.658],[-74.016,40.656],[-74.015,40.657],[-74.018,40.658],[-74.017,40.658],[-74.015,40.657],[-74.014,40.658],[-74.017,40.66],[-74.016,40.661],[-74.014,40.66],[-74.013,40.659],[-74.012,40.659],[-74.011,40.659],[-74.011,40.66],[-74.014,40.661],[-74.013,40.662],[-74.01,40.66],[-74.009,40.66],[-74.008,40.66],[-74.007,40.661],[-74.01,40.662],[-74.01,40.663],[-74.009,40.663],[-74.006,40.662],[-74.005,40.662],[-74.004,40.661],[-74.004,40.662],[-74.005,40.662],[-74.006,40.663],[-74.005,40.663],[-74.005,40.662],[-74.004,40.662],[-74.004,40.663],[-74.005,40.663],[-74.004,40.663],[-74.005,40.663],[-74.006,40.663],[-74.006,40.664],[-74.007,40.664],[-74.008,40.665],[-74.007,40.665],[-74.007,40.664],[-74.006,40.664],[-74.004,40.663],[-74.003,40.663],[-74.005,40.664],[-74.004,40.664],[-74.005,40.665],[-74.001,40.663],[-74.0,40.664],[-73.999,40.664],[-74.003,40.666],[-74.002,40.667],[-74.001,40.667],[-74.0,40.667],[-73.999,40.668],[-73.999,40.669],[-73.999,40.668],[-73.999,40.669],[-73.999,40.67],[-73.999,40.671],[-73.999,40.672],[-73.999,40.671],[-74.0,40.67],[-74.0,40.669],[-74.001,40.669],[-74.001,40.668],[-74.002,40.669],[-74.003,40.667],[-74.004,40.667],[-74.004,40.668],[-74.005,40.668],[-74.006,40.668],[-74.006,40.667],[-74.007,40.666],[-74.006,40.667],[-74.006,40.668],[-74.005,40.67],[-74.005,40.671],[-74.006,40.67],[-74.007,40.669],[-74.007,40.667],[-74.008,40.667],[-74.007,40.669],[-74.01,40.669],[-74.011,40.665],[-74.016,40.665],[-74.017,40.665],[-74.018,40.666],[-74.019,40.67],[-74.019,40.671],[-74.019,40.672],[-74.017,40.671],[-74.017,40.665],[-74.016,40.665],[-74.016,40.666],[-74.012,40.666],[-74.011,40.669],[-74.01,40.669],[-74.011,40.669],[-74.011,40.67],[-74.012,40.67],[-74.011,40.67],[-74.012,40.671],[-74.014,40.67],[-74.012,40.671],[-74.013,40.671],[-74.014,40.671],[-74.015,40.671],[-74.014,40.672],[-74.016,40.671],[-74.014,40.672],[-74.013,40.673],[-74.013,40.674],[-74.014,40.673],[-74.015,40.672],[-74.016,40.673],[-74.015,40.674],[-74.015,40.675],[-74.015,40.674],[-74.017,40.673],[-74.018,40.672],[-74.019,40.672],[-74.017,40.674],[-74.018,40.674],[-74.018,40.675],[-74.019,40.675],[-74.018,40.675],[-74.019,40.675],[-74.018,40.675],[-74.018,40.676],[-74.019,40.676],[-74.018,40.676],[-74.018,40.677],[-74.019,40.676],[-74.019,40.677],[-74.02,40.677],[-74.019,40.677],[-74.019,40.678],[-74.018,40.678],[-74.019,40.678],[-74.02,40.678],[-74.019,40.678],[-74.018,40.678],[-74.018,40.679],[-74.019,40.679],[-74.02,40.679],[-74.019,40.68],[-74.018,40.681],[-74.017,40.681],[-74.015,40.682],[-74.013,40.684],[-74.012,40.683],[-74.014,40.682],[-74.014,40.681],[-74.013,40.68],[-74.012,40.681],[-74.011,40.682],[-74.01,40.683],[-74.01,40.684],[-74.011,40.684],[-74.012,40.684],[-74.011,40.684],[-74.01,40.685],[-74.009,40.686],[-74.008,40.685]]]]},"properties":{"coundist":"38","shape_leng":"179032.747485","shape_area":"151771973.63"}},{"type":"Feature","geometry":{"type":"MultiPolygon","coordinates":[[[[-74.032,40.644],[-74.03,40.642],[-74.029,40.642],[-74.028,40.641],[-74.027,40.641],[-74.027,40.64],[-74.026,40.64],[-74.025,40.64],[-74.024,40.64],[-74.023,40.64],[-74.022,40.641],[-74.021,40.641],[-74.022,40.641],[-74.022,40.64],[-74.022,40.639],[-74.021,40.639],[-74.021,40.638],[-74.02,40.638],[-74.02,40.637],[-74.019,40.637],[-74.018,40.636],[-74.017,40.636],[-74.017,40.635],[-74.016,40.635],[-74.016,40.634],[-74.016,40.633],[-74.016,40.632],[-74.017,40.632],[-74.017,40.631],[-74.017,40.63],[-74.017,40.629],[-74.018,40.629],[-74.018,40.628],[-74.018,40.627],[-74.019,40.626],[-74.019,40.625],[-74.02,40.624],[-74.02,40.623],[-74.021,40.623],[-74.021,40.622],[-74.02,40.622],[-74.021,40.622],[-74.02,40.621],[-74.018,40.62],[-74.018,40.621],[-74.017,40.621],[-74.015,40.62],[-74.013,40.618],[-74.011,40.617],[-74.009,40.616],[-74.008,40.615],[-74.007,40.614],[-74.007,40.613],[-74.008,40.613],[-74.008,40.612],[-74.007,40.612],[-74.006,40.611],[-74.003,40.61],[-74.004,40.609],[-74.005,40.609],[-74.007,40.607],[-74.007,40.606],[-74.008,40.605],[-74.007,40.604],[-74.006,40.604],[-74.005,40.603],[-74.004,40.603],[-74.003,40.602],[-74.002,40.602],[-74.001,40.601],[-74.0,40.6],[-73.999,40.6],[-73.999,40.599],[-73.998,40.599],[-73.997,40.599],[-73.997,40.598],[-73.996,40.598],[-73.995,40.597],[-73.994,40.596],[-73.993,40.596],[-73.992,40.595],[-73.991,40.594],[-73.993,40.593],[-73.992,40.592],[-73.991,40.592],[-73.99,40.591],[-73.988,40.593],[-73.986,40.594],[-73.985,40.594],[-73.984,40.594],[-73.983,40.594],[-73.982,40.594],[-73.981,40.594],[-73.98,40.594],[-73.979,40.594],[-73.978,40.594],[-73.977,40.594],[-73.976,40.594],[-73.976,40.593],[-73.975,40.593],[-73.976,40.592],[-73.975,40.592],[-73.974,40.592],[-73.974,40.59],[-73.973,40.59],[-73.972,40.59],[-73.971,40.59],[-73.97,40.59],[-73.969,40.591],[-73.968,40.591],[-73.967,40.591],[-73.966,40.591],[-73.965,40.591],[-73.965,40.59],[-73.966,40.59],[-73.966,40.589],[-73.966,40.588],[-73.966,40.587],[-73.966,40.586],[-73.966,40.585],[-73.967,40.585],[-73.967,40.584],[-73.967,40.583],[-73.967,40.581],[-73.968,40.581],[-73.968,40.582],[-73.97,40.582],[-73.971,40.582],[-73.972,40.58],[-73.973,40.58],[-73.975,40.58],[-73.976,40.58],[-73.977,40.58],[-73.978,40.58],[-73.979,40.58],[-73.98,40.579],[-73.98,40.578],[-73.98,40.576],[-73.98,40.575],[-73.979,40.575],[-73.978,40.575],[-73.977,40.575],[-73.976,40.575],[-73.975,40.575],[-73.974,40.575],[-73.973,40.575],[-73.972,40.575],[-73.971,40.575],[-73.97,40.575],[-73.969,40.575],[-73.968,40.575],[-73.967,40.575],[-73.966,40.575],[-73.965,40.575],[-73.963,40.575],[-73.961,40.575],[-73.959,40.575],[-73.959,40.574],[-73.96,40.574],[-73.961,40.574],[-73.962,40.574],[-73.963,40.574],[-73.964,40.574],[-73.965,40.574],[-73.966,40.573],[-73.967,40.573],[-73.968,40.573],[-73.969,40.573],[-73.969,40.572],[-73.97,40.573],[-73.971,40.573],[-73.971,40.572],[-73.972,40.572],[-73.972,40.573],[-73.973,40.572],[-73.974,40.572],[-73.975,40.572],[-73.975,40.571],[-73.975,40.572],[-73.976,40.572],[-73.977,40.572],[-73.978,40.572],[-73.978,40.571],[-73.978,40.572],[-73.979,40.572],[-73.98,40.572],[-73.98,40.571],[-73.979,40.571],[-73.98,40.571],[-73.98,40.572],[-73.981,40.572],[-73.982,40.572],[-73.982,40.571],[-73.981,40.571],[-73.982,40.571],[-73.982,40.572],[-73.983,40.572],[-73.984,40.571],[-73.983,40.57],[-73.983,40.569],[-73.984,40.57],[-73.984,40.571],[-73.986,40.571],[-73.987,40.571],[-73.988,40.571],[-73.989,40.571],[-73.99,40.571],[-73.991,40.571],[-73.991,40.57],[-73.991,40.571],[-73.992,40.571],[-73.993,40.571],[-73.993,40.57],[-73.994,40.57],[-73.995,40.57],[-73.997,40.57],[-73.998,40.57],[-73.998,40.571],[-73.999,40.571],[-74.0,40.571],[-74.0,40.57],[-74.0,40.571],[-74.001,40.571],[-74.001,40.57],[-74.002,40.57],[-74.002,40.571],[-74.002,40.572],[-74.005,40.573],[-74.007,40.573],[-74.009,40.574],[-74.01,40.574],[-74.011,40.574],[-74.012,40.575],[-74.012,40.576],[-74.013,40.577],[-74.013,40.578],[-74.012,40.579],[-74.012,40.58],[-74.011,40.58],[-74.011,40.581],[-74.01,40.581],[-74.009,40.581],[-74.008,40.581],[-74.008,40.582],[-74.007,40.582],[-74.006,40.582],[-74.005,40.582],[-74.004,40.582],[-74.003,40.581],[-74.002,40.581],[-74.001,40.581],[-74.0,40.581],[-73.999,40.582],[-73.998,40.582],[-73.998,40.581],[-73.992,40.579],[-73.991,40.579],[-73.99,40.579],[-73.989,40.579],[-73.988,40.579],[-73.987,40.579],[-73.988,40.579],[-73.987,40.579],[-73.987,40.58],[-73.986,40.581],[-73.986,40.582],[-73.987,40.581],[-73.987,40.58],[-73.988,40.58],[-73.989,40.58],[-73.99,40.58],[-73.99,40.581],[-73.991,40.581],[-73.992,40.581],[-73.992,40.582],[-73.99,40.584],[-73.99,40.585],[-73.991,40.584],[-73.993,40.584],[-73.993,40.583],[-73.994,40.583],[-73.995,40.583],[-73.995,40.582],[-73.996,40.582],[-73.997,40.582],[-73.998,40.583],[-74.0,40.583],[-74.0,40.584],[-74.0,40.585],[-73.999,40.585],[-73.998,40.585],[-73.998,40.586],[-73.999,40.586],[-74.0,40.586],[-73.999,40.586],[-74.0,40.586],[-73.999,40.586],[-73.999,40.587],[-73.998,40.587],[-73.996,40.587],[-73.994,40.588],[-73.996,40.588],[-73.994,40.589],[-73.995,40.589],[-73.995,40.588],[-73.996,40.588],[-73.995,40.589],[-73.996,40.588],[-73.998,40.587],[-73.996,40.588],[-73.995,40.589],[-74.0,40.587],[-74.001,40.587],[-74.0,40.587],[-73.998,40.588],[-73.999,40.589],[-73.998,40.59],[-73.999,40.59],[-73.998,40.59],[-73.999,40.59],[-73.998,40.59],[-73.998,40.591],[-73.997,40.591],[-73.997,40.592],[-73.998,40.591],[-73.997,40.592],[-73.998,40.592],[-73.999,40.592],[-73.999,40.591],[-74.0,40.591],[-74.0,40.592],[-73.999,40.592],[-73.999,40.593],[-73.998,40.593],[-73.999,40.594],[-74.0,40.593],[-74.001,40.593],[-74.002,40.593],[-74.002,40.594],[-74.002,40.595],[-74.003,40.595],[-74.003,40.596],[-74.004,40.596],[-74.004,40.597],[-74.005,40.597],[-74.006,40.598],[-74.008,40.599],[-74.009,40.6],[-74.01,40.6],[-74.011,40.601],[-74.012,40.601],[-74.013,40.602],[-74.014,40.602],[-74.015,40.602],[-74.014,40.602],[-74.014,40.603],[-74.013,40.603],[-74.011,40.605],[-74.01,40.606],[-74.008,40.608],[-74.007,40.61],[-74.008,40.611],[-74.009,40.611],[-74.01,40.611],[-74.01,40.612],[-74.011,40.612],[-74.012,40.613],[-74.011,40.613],[-74.01,40.614],[-74.009,40.615],[-74.011,40.616],[-74.014,40.618],[-74.016,40.619],[-74.016,40.618],[-74.017,40.618],[-74.018,40.617],[-74.02,40.618],[-74.021,40.618],[-74.022,40.619],[-74.023,40.62],[-74.023,40.619],[-74.024,40.619],[-74.024,40.618],[-74.025,40.618],[-74.025,40.617],[-74.026,40.617],[-74.026,40.616],[-74.027,40.616],[-74.027,40.615],[-74.028,40.614],[-74.029,40.613],[-74.029,40.612],[-74.03,40.612],[-74.03,40.611],[-74.031,40.611],[-74.032,40.611],[-74.033,40.61],[-74.034,40.61],[-74.035,40.61],[-74.035,40.609],[-74.036,40.609],[-74.036,40.61],[-74.037,40.61],[-74.037,40.611],[-74.037,40.612],[-74.039,40.613],[-74.04,40.614],[-74.04,40.615],[-74.04,40.616],[-74.041,40.617],[-74.041,40.618],[-74.041,40.619],[-74.041,40.62],[-74.042,40.62],[-74.042,40.621],[-74.042,40.622],[-74.042,40.623],[-74.042,40.624],[-74.042,40.625],[-74.042,40.626],[-74.042,40.627],[-74.041,40.628],[-74.041,40.629],[-74.041,40.63],[-74.041,40.631],[-74.04,40.632],[-74.04,40.633],[-74.039,40.634],[-74.038,40.636],[-74.038,40.637],[-74.037,40.638],[-74.037,40.639],[-74.037,40.64],[-74.036,40.64],[-74.036,40.641],[-74.037,40.642],[-74.034,40.644],[-74.033,40.644],[-74.032,40.644]]]]},"properties":{"coundist":"47","shape_leng":"147590.60322","shape_area":"147530656.961"}},{"type":"Feature","geometry":{"type":"MultiPolygon","coordinates":[[[[-74.001,40.637],[-74.0,40.637],[-74.001,40.636],[-74.002,40.636],[-74.003,40.635],[-74.001,40.633],[-74.002,40.633],[-74.002,40.632],[-74.003,40.632],[-74.004,40.631],[-74.001,40.63],[-73.999,40.628],[-73.997,40.627],[-73.995,40.626],[-73.994,40.625],[-73.993,40.624],[-73.99,40.623],[-73.988,40.621],[-73.986,40.62],[-73.984,40.619],[-73.983,40.618],[-73.981,40.617],[-73.979,40.616],[-73.98,40.616],[-73.977,40.614],[-73.978,40.614],[-73.979,40.613],[-73.979,40.612],[-73.98,40.613],[-73.979,40.611],[-73.979,40.608],[-73.978,40.606],[-73.978,40.605],[-73.978,40.604],[-73.978,40.602],[-73.977,40.601],[-73.977,40.599],[-73.977,40.597],[-73.976,40.596],[-73.976,40.595],[-73.976,40.594],[-73.977,40.594],[-73.978,40.594],[-73.979,40.594],[-73.98,40.594],[-73.981,40.594],[-73.982,40.594],[-73.983,40.594],[-73.984,40.594],[-73.985,40.594],[-73.986,40.594],[-73.988,40.593],[-73.99,40.591],[-73.991,40.592],[-73.992,40.592],[-73.993,40.593],[-73.991,40.594],[-73.992,40.595],[-73.993,40.596],[-73.994,40.596],[-73.995,40.597],[-73.996,40.598],[-73.997,40.598],[-73.997,40.599],[-73.998,40.599],[-73.999,40.599],[-73.999,40.6],[-74.0,40.6],[-74.001,40.601],[-74.0,40.603],[-73.998,40.605],[-73.997,40.606],[-73.996,40.606],[-73.996,40.607],[-73.995,40.607],[-73.995,40.608],[-73.997,40.609],[-73.999,40.611],[-74.001,40.612],[-74.001,40.613],[-74.0,40.613],[-74.0,40.614],[-73.999,40.614],[-73.998,40.615],[-74.0,40.617],[-73.999,40.617],[-73.999,40.618],[-73.999,40.619],[-73.998,40.619],[-73.997,40.62],[-73.998,40.62],[-73.999,40.62],[-73.999,40.621],[-74.002,40.622],[-74.002,40.623],[-74.004,40.623],[-74.004,40.624],[-74.006,40.625],[-74.007,40.625],[-74.008,40.626],[-74.01,40.628],[-74.009,40.629],[-74.008,40.63],[-74.007,40.631],[-74.006,40.632],[-74.007,40.632],[-74.008,40.633],[-74.011,40.634],[-74.011,40.635],[-74.01,40.635],[-74.012,40.636],[-74.013,40.636],[-74.015,40.637],[-74.015,40.638],[-74.014,40.638],[-74.013,40.639],[-74.012,40.64],[-74.011,40.641],[-74.01,40.642],[-74.009,40.643],[-74.008,40.644],[-74.007,40.644],[-74.007,40.645],[-74.005,40.644],[-74.002,40.642],[-74.0,40.641],[-74.001,40.64],[-74.002,40.639],[-74.003,40.639],[-74.001,40.637]]]]},"properties":{"coundist":"43","shape_leng":"58169.1091908","shape_area":"75477510.7941"}},{"type":"Feature","geometry":{"type":"MultiPolygon","coordinates":[[[[-73.824,40.89],[-73.825,40.889],[-73.824,40.888],[-73.824,40.887],[-73.823,40.887],[-73.822,40.887],[-73.821,40.886],[-73.821,40.885],[-73.82,40.886],[-73.82,40.882],[-73.821,40.879],[-73.823,40.873],[-73.821,40.869],[-73.819,40.868],[-73.816,40.866],[-73.816,40.865],[-73.817,40.865],[-73.818,40.864],[-73.819,40.862],[-73.82,40.861],[-73.821,40.861],[-73.825,40.86],[-73.824,40.859],[-73.826,40.859],[-73.827,40.859],[-73.827,40.86],[-73.828,40.86],[-73.828,40.861],[-73.829,40.862],[-73.831,40.862],[-73.832,40.863],[-73.836,40.865],[-73.837,40.865],[-73.837,40.866],[-73.838,40.866],[-73.839,40.867],[-73.84,40.867],[-73.841,40.868],[-73.842,40.868],[-73.843,40.867],[-73.844,40.867],[-73.845,40.867],[-73.846,40.867],[-73.847,40.868],[-73.848,40.867],[-73.849,40.867],[-73.849,40.866],[-73.849,40.867],[-73.849,40.868],[-73.85,40.868],[-73.851,40.868],[-73.852,40.868],[-73.853,40.868],[-73.854,40.868],[-73.855,40.868],[-73.856,40.868],[-73.857,40.868],[-73.858,40.868],[-73.859,40.868],[-73.861,40.868],[-73.862,40.868],[-73.863,40.868],[-73.864,40.868],[-73.865,40.868],[-73.866,40.868],[-73.866,40.865],[-73.867,40.865],[-73.868,40.865],[-73.869,40.865],[-73.87,40.865],[-73.871,40.867],[-73.871,40.868],[-73.871,40.869],[-73.871,40.87],[-73.871,40.871],[-73.87,40.873],[-73.87,40.875],[-73.87,40.876],[-73.87,40.877],[-73.869,40.878],[-73.869,40.879],[-73.868,40.88],[-73.867,40.882],[-73.866,40.884],[-73.866,40.885],[-73.865,40.887],[-73.865,40.888],[-73.864,40.89],[-73.863,40.891],[-73.862,40.891],[-73.86,40.89],[-73.859,40.89],[-73.856,40.889],[-73.856,40.89],[-73.853,40.889],[-73.852,40.89],[-73.852,40.891],[-73.849,40.89],[-73.849,40.891],[-73.849,40.892],[-73.85,40.892],[-73.851,40.894],[-73.85,40.894],[-73.85,40.895],[-73.85,40.896],[-73.849,40.896],[-73.85,40.898],[-73.849,40.899],[-73.848,40.899],[-73.847,40.899],[-73.846,40.899],[-73.845,40.9],[-73.844,40.9],[-73.843,40.9],[-73.842,40.9],[-73.841,40.9],[-73.84,40.901],[-73.839,40.9],[-73.839,40.899],[-73.84,40.898],[-73.84,40.897],[-73.839,40.896],[-73.838,40.894],[-73.837,40.894],[-73.836,40.894],[-73.835,40.893],[-73.834,40.893],[-73.833,40.893],[-73.832,40.892],[-73.831,40.892],[-73.83,40.892],[-73.829,40.891],[-73.828,40.891],[-73.827,40.891],[-73.825,40.89],[-73.824,40.89]]]]},"properties":{"coundist":"12","shape_leng":"58158.179181","shape_area":"131040795.784"}},{"type":"Feature","geometry":{"type":"MultiPolygon","coordinates":[[[[-73.788,40.835],[-73.789,40.834],[-73.79,40.835],[-73.788,40.835]]],[[[-73.802,40.842],[-73.803,40.841],[-73.805,40.841],[-73.807,40.842],[-73.807,40.843],[-73.804,40.843],[-73.804,40.842],[-73.802,40.842]]],[[[-73.781,40.855]]],[[[-73.783,40.855],[-73.784,40.855],[-73.783,40.856],[-73.783,40.855]]],[[[-73.789,40.859],[-73.789,40.858],[-73.789,40.857],[-73.788,40.858],[-73.789,40.857],[-73.789,40.856],[-73.788,40.856],[-73.788,40.855],[-73.789,40.855],[-73.788,40.855],[-73.788,40.854],[-73.787,40.854],[-73.788,40.854],[-73.787,40.854],[-73.788,40.854],[-73.788,40.853],[-73.787,40.853],[-73.787,40.852],[-73.786,40.852],[-73.785,40.852],[-73.784,40.852],[-73.783,40.852],[-73.784,40.852],[-73.783,40.851],[-73.784,40.851],[-73.785,40.851],[-73.784,40.851],[-73.784,40.85],[-73.784,40.849],[-73.783,40.849],[-73.782,40.849],[-73.781,40.849],[-73.782,40.849],[-73.781,40.849],[-73.782,40.849],[-73.781,40.849],[-73.782,40.849],[-73.782,40.848],[-73.782,40.849],[-73.782,40.848],[-73.783,40.848],[-73.782,40.848],[-73.781,40.848],[-73.781,40.849],[-73.781,40.848],[-73.781,40.849],[-73.781,40.848],[-73.782,40.848],[-73.783,40.848],[-73.782,40.848],[-73.781,40.848],[-73.781,40.847],[-73.782,40.847],[-73.781,40.847],[-73.78,40.847],[-73.781,40.847],[-73.781,40.846],[-73.781,40.847],[-73.782,40.847],[-73.782,40.846],[-73.782,40.847],[-73.781,40.847],[-73.782,40.847],[-73.782,40.846],[-73.783,40.846],[-73.782,40.846],[-73.783,40.846],[-73.783,40.845],[-73.783,40.846],[-73.782,40.846],[-73.783,40.846],[-73.783,40.845],[-73.782,40.845],[-73.782,40.846],[-73.782,40.845],[-73.783,40.845],[-73.783,40.844],[-73.784,40.844],[-73.783,40.844],[-73.781,40.844],[-73.78,40.844],[-73.781,40.844],[-73.78,40.844],[-73.781,40.844],[-73.782,40.844],[-73.782,40.843],[-73.782,40.844],[-73.783,40.844],[-73.783,40.843],[-73.783,40.844],[-73.783,40.843],[-73.783,40.844],[-73.784,40.844],[-73.783,40.843],[-73.782,40.843],[-73.781,40.843],[-73.78,40.843],[-73.78,40.844],[-73.78,40.843],[-73.783,40.843],[-73.783,40.842],[-73.782,40.843],[-73.781,40.843],[-73.782,40.842],[-73.781,40.842],[-73.782,40.842],[-73.781,40.842],[-73.78,40.842],[-73.781,40.842],[-73.78,40.842],[-73.78,40.843],[-73.78,40.842],[-73.781,40.842],[-73.782,40.842],[-73.782,40.841],[-73.781,40.841],[-73.781,40.842],[-73.781,40.841],[-73.782,40.841],[-73.781,40.841],[-73.782,40.841],[-73.781,40.841],[-73.782,40.841],[-73.781,40.841],[-73.781,40.84],[-73.781,40.839],[-73.782,40.839],[-73.782,40.838],[-73.782,40.837],[-73.783,40.837],[-73.783,40.836],[-73.783,40.837],[-73.784,40.837],[-73.785,40.837],[-73.784,40.837],[-73.785,40.837],[-73.786,40.837],[-73.785,40.837],[-73.785,40.838],[-73.786,40.838],[-73.785,40.839],[-73.786,40.839],[-73.786,40.84],[-73.787,40.84],[-73.788,40.84],[-73.787,40.841],[-73.788,40.841],[-73.788,40.84],[-73.788,40.841],[-73.787,40.841],[-73.788,40.841],[-73.788,40.842],[-73.789,40.842],[-73.788,40.842],[-73.789,40.843],[-73.79,40.843],[-73.79,40.844],[-73.789,40.844],[-73.79,40.844],[-73.789,40.844],[-73.79,40.844],[-73.79,40.845],[-73.79,40.846],[-73.791,40.846],[-73.791,40.847],[-73.791,40.846],[-73.791,40.847],[-73.791,40.846],[-73.791,40.847],[-73.792,40.847],[-73.791,40.847],[-73.792,40.847],[-73.791,40.847],[-73.791,40.848],[-73.792,40.848],[-73.791,40.848],[-73.791,40.849],[-73.79,40.849],[-73.79,40.85],[-73.791,40.85],[-73.79,40.85],[-73.79,40.851],[-73.79,40.852],[-73.79,40.851],[-73.79,40.852],[-73.79,40.851],[-73.791,40.851],[-73.79,40.851],[-73.79,40.852],[-73.79,40.851],[-73.79,40.852],[-73.79,40.851],[-73.79,40.852],[-73.791,40.852],[-73.79,40.852],[-73.791,40.852],[-73.792,40.852],[-73.793,40.852],[-73.792,40.852],[-73.79,40.852],[-73.791,40.852],[-73.793,40.852],[-73.791,40.852],[-73.791,40.853],[-73.793,40.852],[-73.791,40.853],[-73.79,40.853],[-73.791,40.853],[-73.792,40.853],[-73.793,40.853],[-73.792,40.853],[-73.793,40.853],[-73.793,40.852],[-73.793,40.853],[-73.791,40.853],[-73.791,40.854],[-73.793,40.853],[-73.792,40.853],[-73.793,40.853],[-73.791,40.854],[-73.793,40.854],[-73.792,40.854],[-73.791,40.854],[-73.792,40.854],[-73.793,40.854],[-73.792,40.854],[-73.791,40.854],[-73.791,40.855],[-73.792,40.855],[-73.792,40.856],[-73.793,40.856],[-73.792,40.856],[-73.793,40.856],[-73.792,40.856],[-73.793,40.857],[-73.792,40.857],[-73.793,40.857],[-73.793,40.858],[-73.793,40.857],[-73.792,40.857],[-73.793,40.857],[-73.793,40.858],[-73.793,40.857],[-73.792,40.857],[-73.793,40.858],[-73.792,40.858],[-73.792,40.857],[-73.791,40.857],[-73.791,40.858],[-73.792,40.858],[-73.791,40.858],[-73.792,40.858],[-73.791,40.858],[-73.79,40.858],[-73.79,40.859],[-73.79,40.858],[-73.79,40.859],[-73.789,40.859]]],[[[-73.768,40.854],[-73.769,40.853],[-73.769,40.852],[-73.769,40.851],[-73.77,40.848],[-73.769,40.847],[-73.768,40.846],[-73.768,40.845],[-73.769,40.845],[-73.77,40.846],[-73.771,40.847],[-73.772,40.847],[-73.771,40.848],[-73.771,40.85],[-73.772,40.852],[-73.773,40.852],[-73.772,40.852],[-73.773,40.852],[-73.772,40.852],[-73.772,40.853],[-73.772,40.854],[-73.773,40.854],[-73.772,40.854],[-73.772,40.855],[-73.772,40.856],[-73.772,40.857],[-73.772,40.858],[-73.772,40.859],[-73.772,40.86],[-73.771,40.86],[-73.769,40.859],[-73.768,40.858],[-73.765,40.855],[-73.768,40.854]]],[[[-73.785,40.861],[-73.784,40.861],[-73.784,40.86],[-73.785,40.859],[-73.786,40.859],[-73.787,40.859],[-73.788,40.859],[-73.787,40.859],[-73.787,40.86],[-73.786,40.86],[-73.785,40.86],[-73.785,40.861],[-73.785,40.86],[-73.785,40.861]]],[[[-73.773,40.861]]],[[[-73.775,40.861],[-73.775,40.862],[-73.775,40.861]]],[[[-73.775,40.862]]],[[[-73.783,40.863],[-73.783,40.862],[-73.783,40.863]]],[[[-73.784,40.863],[-73.784,40.862],[-73.784,40.863],[-73.785,40.862],[-73.785,40.863],[-73.784,40.863],[-73.785,40.863],[-73.784,40.863]]],[[[-73.77,40.865],[-73.77,40.866],[-73.769,40.866],[-73.77,40.865]]],[[[-73.767,40.867]]],[[[-73.772,40.872],[-73.773,40.872],[-73.772,40.872],[-73.771,40.872],[-73.772,40.872]]],[[[-73.775,40.874],[-73.775,40.875],[-73.775,40.874]]],[[[-73.782,40.875],[-73.782,40.874],[-73.782,40.875],[-73.783,40.875],[-73.782,40.875]]],[[[-73.782,40.876],[-73.782,40.877],[-73.782,40.876]]],[[[-73.781,40.876],[-73.781,40.877],[-73.781,40.876]]],[[[-73.784,40.877],[-73.783,40.877],[-73.784,40.877],[-73.783,40.877],[-73.784,40.877]]],[[[-73.785,40.88],[-73.786,40.88],[-73.785,40.88]]],[[[-73.785,40.881],[-73.785,40.88],[-73.784,40.881],[-73.784,40.88],[-73.785,40.88],[-73.785,40.881]]],[[[-73.819,40.89],[-73.818,40.89],[-73.817,40.889],[-73.816,40.889],[-73.815,40.889],[-73.814,40.889],[-73.812,40.888],[-73.811,40.888],[-73.81,40.888],[-73.809,40.888],[-73.808,40.887],[-73.806,40.887],[-73.805,40.886],[-73.804,40.886],[-73.803,40.886],[-73.802,40.886],[-73.799,40.885],[-73.798,40.885],[-73.797,40.885],[-73.796,40.884],[-73.795,40.884],[-73.794,40.884],[-73.793,40.883],[-73.794,40.883],[-73.794,40.882],[-73.795,40.88],[-73.796,40.881],[-73.795,40.88],[-73.796,40.877],[-73.797,40.876],[-73.797,40.875],[-73.799,40.874],[-73.799,40.875],[-73.8,40.874],[-73.8,40.873],[-73.8,40.872],[-73.801,40.872],[-73.801,40.871],[-73.802,40.871],[-73.802,40.87],[-73.803,40.87],[-73.803,40.869],[-73.804,40.869],[-73.805,40.869],[-73.806,40.869],[-73.806,40.87],[-73.807,40.87],[-73.807,40.871],[-73.808,40.871],[-73.809,40.871],[-73.808,40.871],[-73.809,40.87],[-73.808,40.87],[-73.808,40.869],[-73.809,40.869],[-73.808,40.869],[-73.808,40.87],[-73.807,40.87],[-73.807,40.869],[-73.806,40.869],[-73.807,40.869],[-73.806,40.869],[-73.806,40.868],[-73.805,40.868],[-73.805,40.867],[-73.804,40.867],[-73.803,40.867],[-73.803,40.866],[-73.802,40.866],[-73.802,40.867],[-73.801,40.867],[-73.801,40.868],[-73.8,40.868],[-73.8,40.869],[-73.8,40.87],[-73.799,40.87],[-73.799,40.871],[-73.798,40.871],[-73.798,40.872],[-73.797,40.872],[-73.797,40.873],[-73.795,40.873],[-73.794,40.875],[-73.794,40.876],[-73.794,40.877],[-73.793,40.877],[-73.794,40.877],[-73.794,40.878],[-73.794,40.879],[-73.793,40.879],[-73.793,40.88],[-73.792,40.88],[-73.791,40.88],[-73.791,40.881],[-73.79,40.881],[-73.789,40.881],[-73.789,40.88],[-73.79,40.88],[-73.79,40.879],[-73.788,40.879],[-73.787,40.879],[-73.786,40.879],[-73.785,40.879],[-73.784,40.879],[-73.784,40.878],[-73.784,40.877],[-73.785,40.877],[-73.785,40.876],[-73.785,40.875],[-73.786,40.875],[-73.786,40.874],[-73.787,40.874],[-73.787,40.873],[-73.786,40.872],[-73.786,40.873],[-73.785,40.873],[-73.785,40.874],[-73.785,40.873],[-73.785,40.872],[-73.785,40.873],[-73.784,40.873],[-73.784,40.874],[-73.783,40.874],[-73.783,40.873],[-73.784,40.873],[-73.783,40.872],[-73.783,40.871],[-73.784,40.87],[-73.785,40.87],[-73.785,40.869],[-73.786,40.868],[-73.786,40.869],[-73.787,40.869],[-73.788,40.869],[-73.789,40.869],[-73.79,40.869],[-73.79,40.868],[-73.791,40.868],[-73.791,40.867],[-73.792,40.867],[-73.792,40.866],[-73.792,40.865],[-73.792,40.864],[-73.792,40.863],[-73.792,40.862],[-73.791,40.862],[-73.792,40.861],[-73.793,40.861],[-73.794,40.861],[-73.794,40.86],[-73.794,40.859],[-73.795,40.859],[-73.795,40.858],[-73.795,40.857],[-73.794,40.857],[-73.794,40.856],[-73.795,40.856],[-73.795,40.857],[-73.796,40.856],[-73.797,40.856],[-73.798,40.855],[-73.799,40.855],[-73.799,40.854],[-73.799,40.853],[-73.798,40.853],[-73.798,40.852],[-73.798,40.851],[-73.799,40.85],[-73.8,40.849],[-73.8,40.848],[-73.801,40.848],[-73.801,40.849],[-73.802,40.849],[-73.802,40.85],[-73.802,40.851],[-73.803,40.851],[-73.803,40.852],[-73.804,40.852],[-73.804,40.853],[-73.805,40.855],[-73.804,40.855],[-73.803,40.855],[-73.803,40.856],[-73.804,40.856],[-73.804,40.857],[-73.804,40.858],[-73.804,40.859],[-73.805,40.859],[-73.805,40.86],[-73.805,40.861],[-73.805,40.862],[-73.806,40.862],[-73.806,40.861],[-73.806,40.86],[-73.807,40.86],[-73.808,40.86],[-73.808,40.859],[-73.808,40.86],[-73.809,40.86],[-73.809,40.861],[-73.81,40.861],[-73.81,40.862],[-73.811,40.862],[-73.811,40.863],[-73.812,40.863],[-73.813,40.863],[-73.814,40.864],[-73.814,40.863],[-73.815,40.863],[-73.816,40.862],[-73.816,40.861],[-73.815,40.861],[-73.814,40.861],[-73.813,40.859],[-73.812,40.854],[-73.816,40.854],[-73.817,40.854],[-73.817,40.853],[-73.817,40.852],[-73.817,40.851],[-73.816,40.851],[-73.816,40.85],[-73.816,40.849],[-73.815,40.849],[-73.816,40.849],[-73.816,40.848],[-73.816,40.847],[-73.816,40.846],[-73.816,40.847],[-73.815,40.847],[-73.814,40.847],[-73.815,40.847],[-73.816,40.846],[-73.815,40.846],[-73.815,40.847],[-73.814,40.847],[-73.815,40.847],[-73.815,40.846],[-73.814,40.846],[-73.815,40.846],[-73.814,40.846],[-73.813,40.846],[-73.814,40.846],[-73.814,40.845],[-73.814,40.846],[-73.814,40.845],[-73.814,40.846],[-73.813,40.846],[-73.814,40.846],[-73.814,40.845],[-73.813,40.845],[-73.813,40.846],[-73.813,40.845],[-73.813,40.846],[-73.812,40.846],[-73.812,40.847],[-73.812,40.846],[-73.813,40.846],[-73.813,40.845],[-73.812,40.845],[-73.812,40.846],[-73.812,40.847],[-73.812,40.846],[-73.812,40.847],[-73.812,40.845],[-73.813,40.844],[-73.813,40.845],[-73.812,40.845],[-73.813,40.845],[-73.814,40.845],[-73.814,40.844],[-73.813,40.844],[-73.814,40.844],[-73.814,40.843],[-73.815,40.843],[-73.815,40.844],[-73.816,40.844],[-73.817,40.844],[-73.818,40.844],[-73.817,40.844],[-73.816,40.844],[-73.816,40.843],[-73.815,40.843],[-73.816,40.843],[-73.816,40.842],[-73.815,40.842],[-73.816,40.842],[-73.815,40.842],[-73.815,40.841],[-73.815,40.84],[-73.815,40.841],[-73.815,40.84],[-73.814,40.84],[-73.815,40.84],[-73.814,40.84],[-73.815,40.84],[-73.815,40.839],[-73.816,40.839],[-73.816,40.838],[-73.817,40.838],[-73.816,40.838],[-73.816,40.837],[-73.816,40.836],[-73.816,40.835],[-73.816,40.834],[-73.816,40.833],[-73.816,40.832],[-73.815,40.832],[-73.815,40.831],[-73.814,40.831],[-73.815,40.831],[-73.814,40.831],[-73.814,40.83],[-73.814,40.831],[-73.814,40.83],[-73.814,40.829],[-73.813,40.829],[-73.814,40.829],[-73.813,40.829],[-73.813,40.828],[-73.812,40.828],[-73.811,40.828],[-73.81,40.828],[-73.811,40.828],[-73.81,40.828],[-73.812,40.828],[-73.811,40.828],[-73.812,40.828],[-73.813,40.828],[-73.813,40.827],[-73.814,40.827],[-73.814,40.826],[-73.813,40.826],[-73.814,40.826],[-73.813,40.826],[-73.814,40.826],[-73.814,40.825],[-73.813,40.825],[-73.812,40.826],[-73.813,40.825],[-73.814,40.825],[-73.814,40.824],[-73.813,40.824],[-73.813,40.825],[-73.812,40.825],[-73.812,40.824],[-73.812,40.825],[-73.811,40.825],[-73.81,40.825],[-73.809,40.825],[-73.809,40.826],[-73.808,40.826],[-73.807,40.826],[-73.807,40.825],[-73.807,40.824],[-73.806,40.824],[-73.807,40.824],[-73.806,40.824],[-73.807,40.824],[-73.807,40.823],[-73.806,40.823],[-73.806,40.822],[-73.806,40.821],[-73.806,40.82],[-73.805,40.82],[-73.805,40.819],[-73.804,40.819],[-73.804,40.818],[-73.803,40.818],[-73.803,40.819],[-73.802,40.819],[-73.802,40.818],[-73.801,40.818],[-73.8,40.818],[-73.8,40.817],[-73.799,40.817],[-73.798,40.817],[-73.798,40.816],[-73.797,40.816],[-73.798,40.816],[-73.799,40.816],[-73.8,40.814],[-73.801,40.814],[-73.801,40.813],[-73.802,40.813],[-73.801,40.812],[-73.802,40.813],[-73.802,40.812],[-73.803,40.812],[-73.803,40.813],[-73.803,40.812],[-73.804,40.812],[-73.804,40.813],[-73.803,40.813],[-73.804,40.813],[-73.804,40.814],[-73.804,40.813],[-73.803,40.813],[-73.804,40.813],[-73.804,40.814],[-73.805,40.814],[-73.804,40.814],[-73.803,40.813],[-73.803,40.814],[-73.804,40.814],[-73.804,40.815],[-73.805,40.815],[-73.805,40.816],[-73.806,40.816],[-73.806,40.817],[-73.807,40.817],[-73.806,40.816],[-73.805,40.816],[-73.805,40.815],[-73.805,40.816],[-73.806,40.816],[-73.807,40.816],[-73.807,40.817],[-73.807,40.816],[-73.806,40.816],[-73.807,40.816],[-73.807,40.817],[-73.807,40.816],[-73.806,40.816],[-73.807,40.816],[-73.806,40.815],[-73.805,40.815],[-73.806,40.815],[-73.805,40.815],[-73.805,40.814],[-73.805,40.813],[-73.805,40.812],[-73.804,40.812],[-73.803,40.812],[-73.803,40.811],[-73.803,40.81],[-73.802,40.81],[-73.802,40.811],[-73.801,40.811],[-73.801,40.81],[-73.802,40.81],[-73.8,40.81],[-73.799,40.81],[-73.796,40.808],[-73.794,40.807],[-73.792,40.807],[-73.791,40.807],[-73.792,40.807],[-73.791,40.807],[-73.79,40.806],[-73.79,40.805],[-73.791,40.805],[-73.791,40.804],[-73.792,40.804],[-73.793,40.804],[-73.794,40.804],[-73.794,40.805],[-73.795,40.805],[-73.795,40.806],[-73.796,40.806],[-73.797,40.806],[-73.798,40.807],[-73.799,40.807],[-73.8,40.808],[-73.801,40.809],[-73.802,40.809],[-73.801,40.809],[-73.802,40.809],[-73.803,40.809],[-73.804,40.809],[-73.805,40.809],[-73.805,40.81],[-73.806,40.81],[-73.807,40.81],[-73.807,40.811],[-73.808,40.811],[-73.808,40.812],[-73.809,40.812],[-73.809,40.813],[-73.81,40.813],[-73.811,40.813],[-73.812,40.813],[-73.813,40.813],[-73.814,40.813],[-73.814,40.814],[-73.814,40.813],[-73.815,40.813],[-73.814,40.813],[-73.815,40.813],[-73.816,40.813],[-73.816,40.814],[-73.817,40.814],[-73.817,40.813],[-73.817,40.814],[-73.818,40.813],[-73.818,40.814],[-73.818,40.813],[-73.819,40.813],[-73.82,40.813],[-73.821,40.813],[-73.82,40.813],[-73.82,40.812],[-73.821,40.812],[-73.82,40.812],[-73.82,40.813],[-73.821,40.812],[-73.82,40.813],[-73.821,40.813],[-73.82,40.813],[-73.821,40.813],[-73.822,40.813],[-73.821,40.813],[-73.822,40.813],[-73.822,40.812],[-73.822,40.813],[-73.823,40.813],[-73.823,40.812],[-73.824,40.812],[-73.825,40.812],[-73.825,40.811],[-73.825,40.812],[-73.825,40.811],[-73.825,40.812],[-73.826,40.812],[-73.825,40.811],[-73.826,40.812],[-73.825,40.811],[-73.826,40.812],[-73.826,40.811],[-73.826,40.812],[-73.826,40.811],[-73.826,40.812],[-73.826,40.811],[-73.827,40.811],[-73.827,40.812],[-73.828,40.812],[-73.828,40.811],[-73.829,40.811],[-73.83,40.811],[-73.831,40.811],[-73.831,40.81],[-73.832,40.81],[-73.832,40.809],[-73.832,40.808],[-73.832,40.807],[-73.832,40.806],[-73.831,40.805],[-73.832,40.805],[-73.833,40.805],[-73.834,40.805],[-73.835,40.805],[-73.836,40.806],[-73.837,40.806],[-73.838,40.807],[-73.838,40.808],[-73.838,40.809],[-73.839,40.809],[-73.839,40.81],[-73.84,40.81],[-73.84,40.811],[-73.84,40.812],[-73.84,40.813],[-73.84,40.814],[-73.84,40.815],[-73.84,40.816],[-73.84,40.817],[-73.84,40.818],[-73.839,40.819],[-73.839,40.82],[-73.839,40.821],[-73.839,40.822],[-73.839,40.823],[-73.84,40.823],[-73.839,40.823],[-73.84,40.823],[-73.84,40.824],[-73.84,40.825],[-73.841,40.825],[-73.841,40.826],[-73.841,40.827],[-73.842,40.827],[-73.842,40.828],[-73.842,40.829],[-73.842,40.83],[-73.842,40.831],[-73.841,40.832],[-73.84,40.832],[-73.839,40.833],[-73.839,40.834],[-73.839,40.835],[-73.839,40.836],[-73.839,40.837],[-73.839,40.838],[-73.839,40.839],[-73.84,40.839],[-73.84,40.84],[-73.839,40.841],[-73.841,40.841],[-73.842,40.842],[-73.843,40.843],[-73.844,40.844],[-73.844,40.845],[-73.845,40.845],[-73.846,40.845],[-73.846,40.844],[-73.847,40.844],[-73.848,40.843],[-73.849,40.843],[-73.85,40.843],[-73.851,40.843],[-73.852,40.843],[-73.853,40.843],[-73.854,40.842],[-73.855,40.842],[-73.856,40.842],[-73.857,40.842],[-73.858,40.842],[-73.859,40.842],[-73.86,40.842],[-73.861,40.842],[-73.862,40.842],[-73.864,40.841],[-73.865,40.841],[-73.866,40.841],[-73.867,40.84],[-73.868,40.84],[-73.869,40.84],[-73.87,40.839],[-73.871,40.839],[-73.872,40.838],[-73.873,40.838],[-73.873,40.839],[-73.873,40.84],[-73.873,40.841],[-73.872,40.841],[-73.872,40.842],[-73.872,40.843],[-73.872,40.844],[-73.872,40.845],[-73.871,40.845],[-73.871,40.846],[-73.87,40.846],[-73.87,40.847],[-73.869,40.847],[-73.869,40.848],[-73.87,40.848],[-73.87,40.849],[-73.869,40.849],[-73.868,40.851],[-73.868,40.852],[-73.869,40.852],[-73.869,40.854],[-73.87,40.855],[-73.87,40.856],[-73.869,40.857],[-73.868,40.858],[-73.868,40.859],[-73.868,40.86],[-73.868,40.861],[-73.867,40.863],[-73.867,40.865],[-73.866,40.865],[-73.866,40.868],[-73.865,40.868],[-73.864,40.868],[-73.863,40.868],[-73.862,40.868],[-73.861,40.868],[-73.859,40.868],[-73.858,40.868],[-73.857,40.868],[-73.856,40.868],[-73.855,40.868],[-73.854,40.868],[-73.853,40.868],[-73.852,40.868],[-73.851,40.868],[-73.85,40.868],[-73.849,40.868],[-73.849,40.867],[-73.849,40.866],[-73.849,40.867],[-73.848,40.867],[-73.847,40.868],[-73.846,40.867],[-73.845,40.867],[-73.844,40.867],[-73.843,40.867],[-73.842,40.868],[-73.841,40.868],[-73.84,40.867],[-73.839,40.867],[-73.838,40.866],[-73.837,40.866],[-73.837,40.865],[-73.836,40.865],[-73.832,40.863],[-73.831,40.862],[-73.829,40.862],[-73.828,40.861],[-73.828,40.86],[-73.827,40.86],[-73.827,40.859],[-73.826,40.859],[-73.824,40.859],[-73.825,40.86],[-73.821,40.861],[-73.82,40.861],[-73.819,40.862],[-73.818,40.864],[-73.817,40.865],[-73.816,40.865],[-73.816,40.866],[-73.819,40.868],[-73.821,40.869],[-73.823,40.873],[-73.821,40.879],[-73.82,40.882],[-73.82,40.886],[-73.821,40.885],[-73.821,40.886],[-73.822,40.887],[-73.823,40.887],[-73.824,40.887],[-73.824,40.888],[-73.825,40.889],[-73.824,40.89],[-73.823,40.889],[-73.822,40.889],[-73.822,40.89],[-73.823,40.89],[-73.823,40.891],[-73.821,40.891],[-73.82,40.89],[-73.819,40.89]]]]},"properties":{"coundist":"13","shape_leng":"328437.122626","shape_area":"328361698.264"}},{"type":"Feature","geometry":{"type":"MultiPolygon","coordinates":[[[[-73.872,40.814],[-73.873,40.814],[-73.872,40.814]]],[[[-73.841,40.841],[-73.839,40.841],[-73.84,40.84],[-73.84,40.839],[-73.84,40.838],[-73.84,40.837],[-73.84,40.836],[-73.84,40.835],[-73.839,40.835],[-73.84,40.835],[-73.84,40.834],[-73.84,40.833],[-73.841,40.833],[-73.841,40.832],[-73.842,40.832],[-73.842,40.831],[-73.843,40.831],[-73.843,40.83],[-73.843,40.829],[-73.843,40.828],[-73.843,40.827],[-73.842,40.827],[-73.842,40.826],[-73.841,40.825],[-73.841,40.824],[-73.84,40.823],[-73.841,40.823],[-73.84,40.823],[-73.84,40.822],[-73.84,40.821],[-73.84,40.82],[-73.841,40.819],[-73.842,40.819],[-73.842,40.818],[-73.843,40.817],[-73.843,40.816],[-73.844,40.816],[-73.844,40.815],[-73.844,40.814],[-73.844,40.813],[-73.845,40.813],[-73.845,40.812],[-73.846,40.812],[-73.846,40.811],[-73.847,40.81],[-73.847,40.811],[-73.848,40.811],[-73.848,40.812],[-73.849,40.813],[-73.85,40.813],[-73.85,40.814],[-73.851,40.814],[-73.852,40.814],[-73.852,40.815],[-73.853,40.815],[-73.853,40.814],[-73.853,40.815],[-73.853,40.814],[-73.854,40.814],[-73.855,40.814],[-73.854,40.814],[-73.853,40.813],[-73.853,40.814],[-73.852,40.814],[-73.851,40.814],[-73.851,40.813],[-73.85,40.813],[-73.849,40.812],[-73.849,40.811],[-73.85,40.81],[-73.85,40.809],[-73.85,40.808],[-73.849,40.808],[-73.85,40.808],[-73.849,40.808],[-73.849,40.807],[-73.848,40.807],[-73.848,40.806],[-73.847,40.806],[-73.847,40.805],[-73.848,40.805],[-73.849,40.805],[-73.85,40.805],[-73.85,40.804],[-73.851,40.804],[-73.851,40.805],[-73.852,40.805],[-73.853,40.805],[-73.854,40.804],[-73.855,40.804],[-73.856,40.804],[-73.856,40.805],[-73.857,40.805],[-73.856,40.805],[-73.857,40.805],[-73.858,40.805],[-73.858,40.806],[-73.859,40.806],[-73.858,40.806],[-73.859,40.806],[-73.859,40.807],[-73.859,40.806],[-73.859,40.807],[-73.859,40.808],[-73.859,40.807],[-73.858,40.808],[-73.859,40.809],[-73.859,40.81],[-73.86,40.81],[-73.86,40.809],[-73.859,40.809],[-73.859,40.808],[-73.859,40.809],[-73.86,40.809],[-73.86,40.81],[-73.861,40.81],[-73.862,40.81],[-73.863,40.81],[-73.864,40.81],[-73.868,40.811],[-73.869,40.812],[-73.87,40.813],[-73.871,40.815],[-73.872,40.815],[-73.876,40.816],[-73.877,40.816],[-73.878,40.816],[-73.881,40.818],[-73.882,40.819],[-73.883,40.82],[-73.884,40.822],[-73.884,40.823],[-73.883,40.823],[-73.882,40.823],[-73.88,40.824],[-73.879,40.824],[-73.878,40.824],[-73.879,40.826],[-73.879,40.829],[-73.878,40.829],[-73.877,40.829],[-73.876,40.829],[-73.875,40.83],[-73.874,40.83],[-73.873,40.83],[-73.873,40.831],[-73.874,40.832],[-73.874,40.833],[-73.874,40.834],[-73.874,40.835],[-73.874,40.836],[-73.873,40.836],[-73.872,40.836],[-73.871,40.836],[-73.87,40.836],[-73.869,40.836],[-73.868,40.835],[-73.867,40.835],[-73.866,40.835],[-73.866,40.838],[-73.867,40.839],[-73.867,40.84],[-73.866,40.841],[-73.865,40.841],[-73.864,40.841],[-73.862,40.842],[-73.861,40.842],[-73.86,40.842],[-73.859,40.842],[-73.858,40.842],[-73.857,40.842],[-73.856,40.842],[-73.855,40.842],[-73.854,40.842],[-73.853,40.843],[-73.852,40.843],[-73.851,40.843],[-73.85,40.843],[-73.849,40.843],[-73.848,40.843],[-73.847,40.844],[-73.846,40.844],[-73.846,40.845],[-73.845,40.845],[-73.844,40.845],[-73.844,40.844],[-73.843,40.843],[-73.842,40.842],[-73.841,40.841]]]]},"properties":{"coundist":"18","shape_leng":"64908.397939","shape_area":"110601769.896"}},{"type":"Feature","geometry":{"type":"MultiPolygon","coordinates":[[[[-73.967,40.718]]],[[[-73.966,40.719],[-73.967,40.719],[-73.966,40.719]]],[[[-73.965,40.72],[-73.966,40.721],[-73.965,40.72]]],[[[-73.965,40.721],[-73.964,40.721],[-73.964,40.72],[-73.965,40.721]]],[[[-73.964,40.721]]],[[[-73.964,40.721],[-73.965,40.721],[-73.964,40.721]]],[[[-73.983,40.745],[-73.982,40.746],[-73.98,40.746],[-73.981,40.745],[-73.979,40.744],[-73.977,40.744],[-73.977,40.743],[-73.978,40.742],[-73.979,40.741],[-73.978,40.741],[-73.977,40.74],[-73.976,40.74],[-73.977,40.739],[-73.978,40.738],[-73.978,40.737],[-73.979,40.737],[-73.979,40.736],[-73.98,40.735],[-73.98,40.734],[-73.981,40.734],[-73.981,40.733],[-73.982,40.732],[-73.982,40.731],[-73.983,40.731],[-73.982,40.731],[-73.98,40.73],[-73.979,40.73],[-73.978,40.729],[-73.977,40.729],[-73.976,40.729],[-73.976,40.728],[-73.973,40.727],[-73.972,40.727],[-73.972,40.726],[-73.972,40.725],[-73.972,40.724],[-73.972,40.723],[-73.973,40.721],[-73.973,40.72],[-73.973,40.719],[-73.974,40.719],[-73.974,40.718],[-73.974,40.717],[-73.975,40.716],[-73.975,40.715],[-73.976,40.715],[-73.977,40.715],[-73.978,40.715],[-73.978,40.716],[-73.979,40.716],[-73.98,40.716],[-73.981,40.716],[-73.981,40.717],[-73.982,40.717],[-73.983,40.717],[-73.984,40.717],[-73.983,40.719],[-73.983,40.72],[-73.984,40.72],[-73.985,40.721],[-73.986,40.721],[-73.986,40.722],[-73.987,40.722],[-73.988,40.723],[-73.989,40.723],[-73.99,40.723],[-73.991,40.724],[-73.992,40.724],[-73.993,40.724],[-73.994,40.725],[-73.995,40.725],[-73.996,40.725],[-73.997,40.725],[-73.998,40.726],[-73.999,40.727],[-74.0,40.727],[-74.001,40.727],[-74.001,40.728],[-74.002,40.728],[-74.003,40.728],[-74.002,40.729],[-74.002,40.73],[-74.002,40.731],[-74.001,40.731],[-74.001,40.732],[-74.0,40.733],[-74.0,40.734],[-73.999,40.734],[-73.999,40.735],[-73.998,40.735],[-73.998,40.736],[-73.997,40.737],[-73.996,40.738],[-73.995,40.738],[-73.993,40.737],[-73.992,40.738],[-73.99,40.737],[-73.99,40.738],[-73.99,40.739],[-73.99,40.74],[-73.989,40.741],[-73.988,40.741],[-73.987,40.742],[-73.987,40.743],[-73.986,40.743],[-73.986,40.744],[-73.987,40.745],[-73.986,40.746],[-73.984,40.746],[-73.983,40.745]]]]},"properties":{"coundist":"2","shape_leng":"41619.7152933","shape_area":"48322121.379"}},{"type":"Feature","geometry":{"type":"MultiPolygon","coordinates":[[[[-73.996,40.77],[-73.995,40.77],[-73.995,40.769],[-73.993,40.768],[-73.991,40.768],[-73.99,40.767],[-73.99,40.768],[-73.987,40.767],[-73.986,40.766],[-73.985,40.766],[-73.984,40.765],[-73.983,40.764],[-73.981,40.764],[-73.982,40.763],[-73.982,40.762],[-73.983,40.762],[-73.983,40.761],[-73.984,40.761],[-73.984,40.76],[-73.985,40.759],[-73.986,40.758],[-73.986,40.757],[-73.986,40.756],[-73.987,40.755],[-73.987,40.754],[-73.987,40.753],[-73.987,40.752],[-73.988,40.751],[-73.988,40.75],[-73.988,40.749],[-73.988,40.748],[-73.986,40.747],[-73.986,40.746],[-73.987,40.745],[-73.986,40.744],[-73.986,40.743],[-73.987,40.743],[-73.987,40.742],[-73.988,40.741],[-73.989,40.741],[-73.99,40.74],[-73.99,40.739],[-73.99,40.738],[-73.99,40.737],[-73.992,40.738],[-73.993,40.737],[-73.995,40.738],[-73.996,40.738],[-73.997,40.737],[-73.998,40.736],[-73.998,40.735],[-73.999,40.735],[-73.999,40.734],[-74.0,40.734],[-74.0,40.733],[-74.001,40.732],[-74.001,40.731],[-74.002,40.731],[-74.002,40.73],[-74.002,40.729],[-74.003,40.728],[-74.003,40.727],[-74.004,40.726],[-74.004,40.725],[-74.005,40.726],[-74.006,40.726],[-74.007,40.726],[-74.008,40.726],[-74.009,40.726],[-74.01,40.726],[-74.011,40.726],[-74.012,40.726],[-74.015,40.727],[-74.014,40.727],[-74.013,40.727],[-74.012,40.727],[-74.011,40.726],[-74.011,40.728],[-74.014,40.728],[-74.014,40.729],[-74.014,40.73],[-74.014,40.731],[-74.011,40.73],[-74.011,40.731],[-74.011,40.732],[-74.011,40.733],[-74.014,40.733],[-74.011,40.733],[-74.011,40.734],[-74.012,40.734],[-74.011,40.734],[-74.011,40.735],[-74.011,40.736],[-74.011,40.737],[-74.01,40.738],[-74.011,40.738],[-74.01,40.738],[-74.01,40.739],[-74.011,40.739],[-74.012,40.739],[-74.012,40.74],[-74.011,40.74],[-74.011,40.741],[-74.012,40.741],[-74.013,40.741],[-74.011,40.741],[-74.01,40.741],[-74.009,40.741],[-74.01,40.741],[-74.01,40.742],[-74.01,40.741],[-74.011,40.742],[-74.011,40.743],[-74.01,40.742],[-74.01,40.743],[-74.009,40.742],[-74.009,40.743],[-74.01,40.743],[-74.012,40.743],[-74.012,40.744],[-74.01,40.744],[-74.009,40.744],[-74.009,40.745],[-74.01,40.745],[-74.011,40.745],[-74.01,40.745],[-74.011,40.745],[-74.01,40.745],[-74.011,40.745],[-74.012,40.745],[-74.012,40.746],[-74.011,40.746],[-74.01,40.746],[-74.009,40.746],[-74.011,40.747],[-74.012,40.747],[-74.011,40.747],[-74.009,40.747],[-74.01,40.747],[-74.011,40.748],[-74.009,40.748],[-74.01,40.748],[-74.011,40.749],[-74.01,40.749],[-74.01,40.75],[-74.009,40.75],[-74.011,40.751],[-74.009,40.751],[-74.009,40.752],[-74.008,40.752],[-74.009,40.752],[-74.008,40.752],[-74.009,40.752],[-74.01,40.753],[-74.009,40.752],[-74.008,40.752],[-74.008,40.753],[-74.008,40.754],[-74.008,40.755],[-74.007,40.755],[-74.007,40.756],[-74.006,40.756],[-74.006,40.757],[-74.005,40.757],[-74.005,40.758],[-74.007,40.759],[-74.007,40.76],[-74.006,40.76],[-74.004,40.759],[-74.004,40.76],[-74.004,40.759],[-74.004,40.76],[-74.004,40.761],[-74.003,40.761],[-74.002,40.761],[-74.004,40.763],[-74.005,40.763],[-74.004,40.763],[-74.002,40.762],[-74.001,40.763],[-74.004,40.764],[-74.001,40.763],[-74.003,40.764],[-74.003,40.765],[-74.001,40.764],[-74.0,40.763],[-74.0,40.764],[-73.999,40.764],[-74.002,40.766],[-73.999,40.765],[-73.998,40.765],[-73.998,40.766],[-74.001,40.767],[-74.002,40.767],[-74.001,40.767],[-73.998,40.766],[-73.997,40.767],[-74.001,40.768],[-74.001,40.769],[-74.0,40.769],[-73.997,40.767],[-73.997,40.768],[-73.996,40.768],[-74.0,40.77],[-73.999,40.77],[-73.997,40.769],[-73.999,40.77],[-73.999,40.771],[-73.996,40.77]],[[-74.009,40.742],[-74.01,40.742],[-74.01,40.741],[-74.01,40.742],[-74.009,40.741],[-74.009,40.742]]]]},"properties":{"coundist":"3","shape_leng":"81955.3963075","shape_area":"76315832.3859"}},{"type":"Feature","geometry":{"type":"MultiPolygon","coordinates":[[[[-73.789,40.74],[-73.788,40.738],[-73.788,40.736],[-73.787,40.734],[-73.786,40.732],[-73.785,40.733],[-73.784,40.733],[-73.783,40.733],[-73.782,40.731],[-73.781,40.729],[-73.781,40.728],[-73.78,40.727],[-73.78,40.726],[-73.779,40.725],[-73.778,40.724],[-73.778,40.723],[-73.777,40.722],[-73.776,40.721],[-73.775,40.719],[-73.775,40.718],[-73.774,40.717],[-73.774,40.716],[-73.774,40.715],[-73.775,40.715],[-73.776,40.715],[-73.777,40.714],[-73.778,40.714],[-73.779,40.714],[-73.78,40.714],[-73.781,40.713],[-73.782,40.713],[-73.783,40.713],[-73.784,40.713],[-73.784,40.712],[-73.785,40.712],[-73.786,40.712],[-73.787,40.712],[-73.788,40.712],[-73.789,40.712],[-73.79,40.712],[-73.791,40.711],[-73.792,40.711],[-73.793,40.711],[-73.794,40.71],[-73.795,40.71],[-73.794,40.709],[-73.795,40.708],[-73.796,40.708],[-73.797,40.707],[-73.798,40.707],[-73.799,40.707],[-73.8,40.706],[-73.802,40.706],[-73.802,40.707],[-73.803,40.708],[-73.805,40.707],[-73.807,40.707],[-73.808,40.706],[-73.809,40.706],[-73.81,40.706],[-73.811,40.706],[-73.81,40.705],[-73.81,40.704],[-73.809,40.702],[-73.809,40.701],[-73.809,40.7],[-73.81,40.7],[-73.811,40.7],[-73.811,40.699],[-73.812,40.699],[-73.813,40.699],[-73.814,40.699],[-73.814,40.698],[-73.814,40.699],[-73.815,40.699],[-73.815,40.7],[-73.815,40.701],[-73.816,40.702],[-73.816,40.703],[-73.817,40.703],[-73.817,40.704],[-73.817,40.705],[-73.818,40.706],[-73.819,40.707],[-73.819,40.708],[-73.82,40.709],[-73.82,40.71],[-73.821,40.71],[-73.821,40.711],[-73.822,40.711],[-73.823,40.712],[-73.823,40.713],[-73.824,40.713],[-73.824,40.714],[-73.825,40.714],[-73.825,40.715],[-73.826,40.715],[-73.826,40.716],[-73.827,40.716],[-73.828,40.716],[-73.829,40.717],[-73.83,40.717],[-73.831,40.717],[-73.832,40.718],[-73.833,40.719],[-73.834,40.72],[-73.835,40.721],[-73.836,40.722],[-73.836,40.723],[-73.837,40.723],[-73.837,40.725],[-73.838,40.725],[-73.838,40.726],[-73.839,40.726],[-73.839,40.727],[-73.84,40.728],[-73.84,40.729],[-73.841,40.73],[-73.842,40.73],[-73.843,40.731],[-73.845,40.731],[-73.846,40.73],[-73.846,40.731],[-73.846,40.732],[-73.847,40.732],[-73.847,40.733],[-73.847,40.734],[-73.848,40.733],[-73.85,40.733],[-73.85,40.734],[-73.85,40.733],[-73.852,40.733],[-73.854,40.732],[-73.857,40.732],[-73.858,40.731],[-73.859,40.731],[-73.861,40.73],[-73.862,40.73],[-73.863,40.73],[-73.864,40.731],[-73.865,40.731],[-73.866,40.731],[-73.866,40.732],[-73.867,40.732],[-73.867,40.733],[-73.868,40.733],[-73.867,40.733],[-73.866,40.734],[-73.865,40.734],[-73.863,40.735],[-73.862,40.735],[-73.861,40.735],[-73.86,40.735],[-73.86,40.736],[-73.859,40.736],[-73.858,40.736],[-73.857,40.736],[-73.856,40.736],[-73.855,40.737],[-73.854,40.737],[-73.853,40.737],[-73.852,40.737],[-73.851,40.738],[-73.85,40.738],[-73.849,40.738],[-73.849,40.739],[-73.848,40.739],[-73.847,40.739],[-73.846,40.74],[-73.845,40.74],[-73.844,40.741],[-73.843,40.741],[-73.842,40.742],[-73.841,40.742],[-73.84,40.743],[-73.839,40.743],[-73.838,40.743],[-73.837,40.743],[-73.836,40.743],[-73.835,40.743],[-73.834,40.743],[-73.833,40.743],[-73.832,40.742],[-73.831,40.742],[-73.831,40.741],[-73.831,40.74],[-73.831,40.739],[-73.831,40.737],[-73.829,40.737],[-73.828,40.737],[-73.828,40.738],[-73.828,40.739],[-73.827,40.739],[-73.826,40.739],[-73.825,40.739],[-73.825,40.74],[-73.824,40.74],[-73.823,40.739],[-73.822,40.739],[-73.821,40.739],[-73.82,40.739],[-73.818,40.739],[-73.817,40.738],[-73.816,40.738],[-73.816,40.739],[-73.815,40.739],[-73.814,40.739],[-73.813,40.738],[-73.812,40.738],[-73.811,40.738],[-73.81,40.738],[-73.809,40.738],[-73.808,40.738],[-73.807,40.738],[-73.806,40.738],[-73.805,40.738],[-73.804,40.738],[-73.803,40.738],[-73.802,40.738],[-73.801,40.738],[-73.8,40.738],[-73.799,40.738],[-73.798,40.738],[-73.797,40.738],[-73.796,40.738],[-73.795,40.738],[-73.793,40.739],[-73.792,40.739],[-73.791,40.739],[-73.79,40.74],[-73.789,40.74]]]]},"properties":{"coundist":"24","shape_leng":"76779.5109682","shape_area":"186824790.631"}},{"type":"Feature","geometry":{"type":"MultiPolygon","coordinates":[[[[-73.889,40.763],[-73.888,40.761],[-73.887,40.761],[-73.886,40.761],[-73.885,40.761],[-73.884,40.761],[-73.883,40.762],[-73.882,40.762],[-73.881,40.762],[-73.88,40.762],[-73.879,40.762],[-73.878,40.762],[-73.877,40.762],[-73.877,40.76],[-73.876,40.759],[-73.876,40.757],[-73.875,40.757],[-73.874,40.757],[-73.873,40.755],[-73.874,40.755],[-73.874,40.754],[-73.874,40.753],[-73.873,40.751],[-73.874,40.751],[-73.875,40.751],[-73.876,40.751],[-73.877,40.751],[-73.878,40.75],[-73.879,40.75],[-73.88,40.75],[-73.881,40.75],[-73.882,40.75],[-73.883,40.75],[-73.883,40.748],[-73.882,40.748],[-73.881,40.748],[-73.88,40.748],[-73.879,40.748],[-73.877,40.747],[-73.875,40.746],[-73.873,40.745],[-73.871,40.744],[-73.871,40.745],[-73.87,40.745],[-73.869,40.745],[-73.868,40.746],[-73.868,40.745],[-73.868,40.744],[-73.868,40.743],[-73.868,40.742],[-73.867,40.742],[-73.866,40.743],[-73.866,40.742],[-73.866,40.741],[-73.865,40.74],[-73.865,40.739],[-73.864,40.737],[-73.865,40.737],[-73.866,40.737],[-73.865,40.736],[-73.865,40.735],[-73.865,40.734],[-73.866,40.734],[-73.867,40.733],[-73.868,40.733],[-73.869,40.733],[-73.87,40.734],[-73.871,40.734],[-73.872,40.734],[-73.873,40.734],[-73.874,40.735],[-73.875,40.735],[-73.875,40.736],[-73.876,40.736],[-73.877,40.736],[-73.878,40.737],[-73.879,40.737],[-73.88,40.737],[-73.88,40.738],[-73.881,40.738],[-73.882,40.738],[-73.883,40.738],[-73.884,40.738],[-73.885,40.738],[-73.886,40.739],[-73.887,40.739],[-73.888,40.739],[-73.89,40.739],[-73.891,40.74],[-73.891,40.741],[-73.892,40.742],[-73.892,40.743],[-73.893,40.745],[-73.894,40.746],[-73.895,40.747],[-73.895,40.748],[-73.896,40.748],[-73.896,40.749],[-73.896,40.75],[-73.897,40.751],[-73.897,40.75],[-73.898,40.75],[-73.899,40.75],[-73.9,40.75],[-73.901,40.751],[-73.901,40.752],[-73.902,40.752],[-73.903,40.752],[-73.904,40.752],[-73.905,40.753],[-73.906,40.753],[-73.907,40.753],[-73.908,40.753],[-73.91,40.753],[-73.91,40.754],[-73.909,40.754],[-73.909,40.755],[-73.908,40.755],[-73.908,40.756],[-73.908,40.757],[-73.907,40.757],[-73.906,40.757],[-73.905,40.757],[-73.904,40.757],[-73.903,40.758],[-73.902,40.758],[-73.901,40.758],[-73.9,40.758],[-73.899,40.758],[-73.899,40.759],[-73.898,40.76],[-73.898,40.761],[-73.897,40.762],[-73.896,40.762],[-73.895,40.762],[-73.893,40.762],[-73.892,40.763],[-73.891,40.763],[-73.89,40.763],[-73.889,40.763]]]]},"properties":{"coundist":"25","shape_leng":"47289.0324122","shape_area":"63861387.2476"}},{"type":"Feature","geometry":{"type":"MultiPolygon","coordinates":[[[[-73.96,40.69],[-73.96,40.689],[-73.96,40.688],[-73.96,40.687],[-73.959,40.686],[-73.959,40.685],[-73.959,40.684],[-73.959,40.683],[-73.959,40.682],[-73.958,40.681],[-73.958,40.68],[-73.956,40.679],[-73.955,40.679],[-73.954,40.679],[-73.953,40.679],[-73.953,40.678],[-73.953,40.677],[-73.953,40.676],[-73.953,40.675],[-73.954,40.675],[-73.954,40.674],[-73.954,40.673],[-73.953,40.673],[-73.95,40.672],[-73.948,40.672],[-73.945,40.672],[-73.942,40.672],[-73.941,40.672],[-73.94,40.672],[-73.939,40.672],[-73.936,40.672],[-73.934,40.672],[-73.931,40.672],[-73.931,40.671],[-73.931,40.67],[-73.931,40.669],[-73.931,40.668],[-73.931,40.667],[-73.931,40.666],[-73.931,40.665],[-73.931,40.664],[-73.934,40.664],[-73.937,40.665],[-73.937,40.664],[-73.939,40.664],[-73.94,40.664],[-73.943,40.664],[-73.944,40.664],[-73.945,40.664],[-73.948,40.664],[-73.949,40.664],[-73.951,40.664],[-73.954,40.664],[-73.957,40.663],[-73.96,40.663],[-73.961,40.663],[-73.962,40.663],[-73.963,40.664],[-73.963,40.665],[-73.964,40.666],[-73.965,40.666],[-73.965,40.667],[-73.966,40.668],[-73.966,40.669],[-73.967,40.67],[-73.968,40.671],[-73.968,40.672],[-73.969,40.672],[-73.969,40.673],[-73.969,40.674],[-73.969,40.675],[-73.97,40.675],[-73.969,40.676],[-73.972,40.676],[-73.972,40.677],[-73.973,40.678],[-73.974,40.679],[-73.974,40.68],[-73.975,40.68],[-73.975,40.681],[-73.976,40.682],[-73.977,40.683],[-73.978,40.684],[-73.978,40.685],[-73.979,40.686],[-73.979,40.687],[-73.98,40.687],[-73.98,40.688],[-73.981,40.688],[-73.981,40.689],[-73.981,40.69],[-73.982,40.691],[-73.982,40.692],[-73.983,40.692],[-73.983,40.693],[-73.983,40.694],[-73.984,40.695],[-73.984,40.696],[-73.983,40.696],[-73.982,40.696],[-73.982,40.697],[-73.983,40.697],[-73.983,40.698],[-73.983,40.7],[-73.984,40.7],[-73.985,40.7],[-73.985,40.701],[-73.984,40.701],[-73.983,40.701],[-73.982,40.701],[-73.981,40.701],[-73.98,40.701],[-73.98,40.7],[-73.981,40.7],[-73.981,40.699],[-73.981,40.698],[-73.978,40.698],[-73.977,40.698],[-73.976,40.698],[-73.975,40.698],[-73.974,40.698],[-73.973,40.698],[-73.972,40.698],[-73.971,40.698],[-73.97,40.698],[-73.969,40.698],[-73.968,40.698],[-73.967,40.698],[-73.966,40.698],[-73.965,40.698],[-73.965,40.696],[-73.964,40.696],[-73.963,40.696],[-73.962,40.696],[-73.961,40.694],[-73.961,40.692],[-73.96,40.69]]]]},"properties":{"coundist":"35","shape_leng":"53404.5078633","shape_area":"79440618.1811"}},{"type":"Feature","geometry":{"type":"MultiPolygon","coordinates":[[[[-73.924,40.714],[-73.921,40.714],[-73.919,40.714],[-73.916,40.714],[-73.915,40.714],[-73.915,40.713],[-73.913,40.713],[-73.912,40.713],[-73.911,40.713],[-73.91,40.713],[-73.911,40.712],[-73.91,40.712],[-73.91,40.711],[-73.911,40.71],[-73.912,40.709],[-73.912,40.708],[-73.911,40.708],[-73.91,40.708],[-73.909,40.707],[-73.908,40.706],[-73.907,40.706],[-73.906,40.705],[-73.905,40.704],[-73.904,40.704],[-73.903,40.703],[-73.904,40.702],[-73.906,40.702],[-73.905,40.701],[-73.904,40.701],[-73.904,40.7],[-73.903,40.7],[-73.901,40.7],[-73.9,40.7],[-73.899,40.7],[-73.898,40.7],[-73.897,40.701],[-73.896,40.701],[-73.895,40.701],[-73.894,40.701],[-73.897,40.698],[-73.898,40.697],[-73.899,40.696],[-73.899,40.695],[-73.9,40.694],[-73.9,40.693],[-73.901,40.693],[-73.901,40.692],[-73.902,40.692],[-73.903,40.692],[-73.903,40.693],[-73.904,40.693],[-73.905,40.694],[-73.906,40.694],[-73.905,40.695],[-73.904,40.696],[-73.905,40.696],[-73.906,40.697],[-73.907,40.697],[-73.908,40.698],[-73.909,40.698],[-73.909,40.699],[-73.911,40.7],[-73.912,40.7],[-73.911,40.701],[-73.911,40.702],[-73.912,40.702],[-73.913,40.702],[-73.912,40.703],[-73.912,40.704],[-73.913,40.704],[-73.914,40.705],[-73.915,40.705],[-73.915,40.706],[-73.916,40.706],[-73.917,40.706],[-73.917,40.707],[-73.918,40.707],[-73.919,40.706],[-73.92,40.705],[-73.922,40.703],[-73.923,40.702],[-73.925,40.7],[-73.926,40.699],[-73.926,40.698],[-73.925,40.698],[-73.924,40.698],[-73.924,40.697],[-73.926,40.695],[-73.925,40.695],[-73.924,40.694],[-73.925,40.694],[-73.925,40.693],[-73.926,40.692],[-73.927,40.692],[-73.927,40.693],[-73.928,40.693],[-73.929,40.693],[-73.93,40.694],[-73.931,40.695],[-73.932,40.695],[-73.933,40.696],[-73.934,40.696],[-73.934,40.697],[-73.935,40.697],[-73.936,40.697],[-73.936,40.698],[-73.937,40.698],[-73.938,40.698],[-73.938,40.699],[-73.939,40.699],[-73.94,40.7],[-73.941,40.7],[-73.942,40.701],[-73.943,40.701],[-73.943,40.702],[-73.944,40.702],[-73.945,40.702],[-73.945,40.703],[-73.946,40.703],[-73.947,40.704],[-73.948,40.704],[-73.948,40.705],[-73.949,40.705],[-73.95,40.705],[-73.95,40.706],[-73.951,40.706],[-73.952,40.706],[-73.953,40.707],[-73.954,40.707],[-73.955,40.707],[-73.956,40.707],[-73.957,40.707],[-73.958,40.707],[-73.959,40.707],[-73.96,40.706],[-73.962,40.705],[-73.963,40.704],[-73.964,40.704],[-73.964,40.703],[-73.965,40.703],[-73.965,40.704],[-73.966,40.704],[-73.966,40.705],[-73.967,40.705],[-73.967,40.706],[-73.967,40.707],[-73.967,40.708],[-73.967,40.709],[-73.967,40.71],[-73.967,40.711],[-73.966,40.711],[-73.966,40.712],[-73.966,40.713],[-73.966,40.714],[-73.965,40.714],[-73.965,40.715],[-73.965,40.716],[-73.964,40.716],[-73.963,40.717],[-73.962,40.718],[-73.961,40.719],[-73.96,40.719],[-73.959,40.719],[-73.958,40.718],[-73.956,40.717],[-73.955,40.716],[-73.954,40.715],[-73.953,40.715],[-73.953,40.714],[-73.954,40.714],[-73.953,40.714],[-73.952,40.715],[-73.951,40.715],[-73.95,40.716],[-73.95,40.717],[-73.95,40.718],[-73.948,40.718],[-73.947,40.719],[-73.946,40.719],[-73.945,40.719],[-73.945,40.72],[-73.944,40.72],[-73.944,40.721],[-73.943,40.721],[-73.942,40.721],[-73.942,40.722],[-73.941,40.722],[-73.94,40.723],[-73.939,40.723],[-73.939,40.724],[-73.938,40.724],[-73.937,40.724],[-73.936,40.724],[-73.937,40.724],[-73.937,40.725],[-73.935,40.726],[-73.934,40.727],[-73.933,40.728],[-73.932,40.728],[-73.931,40.728],[-73.93,40.728],[-73.93,40.727],[-73.93,40.728],[-73.929,40.727],[-73.928,40.727],[-73.928,40.726],[-73.928,40.725],[-73.927,40.724],[-73.926,40.72],[-73.925,40.72],[-73.924,40.72],[-73.924,40.719],[-73.925,40.719],[-73.925,40.718],[-73.926,40.718],[-73.928,40.718],[-73.929,40.718],[-73.929,40.717],[-73.93,40.717],[-73.929,40.716],[-73.93,40.716],[-73.93,40.715],[-73.931,40.715],[-73.932,40.715],[-73.932,40.714],[-73.931,40.714],[-73.931,40.713],[-73.932,40.713],[-73.933,40.713],[-73.932,40.712],[-73.933,40.711],[-73.932,40.711],[-73.931,40.711],[-73.931,40.71],[-73.931,40.709],[-73.93,40.709],[-73.931,40.71],[-73.931,40.711],[-73.931,40.712],[-73.932,40.712],[-73.932,40.713],[-73.931,40.713],[-73.93,40.713],[-73.931,40.714],[-73.931,40.715],[-73.93,40.715],[-73.929,40.715],[-73.928,40.715],[-73.929,40.717],[-73.928,40.717],[-73.926,40.718],[-73.925,40.718],[-73.924,40.718],[-73.924,40.717],[-73.923,40.717],[-73.923,40.716],[-73.924,40.716],[-73.925,40.715],[-73.924,40.715],[-73.924,40.714]]]]},"properties":{"coundist":"34","shape_leng":"83739.7042147","shape_area":"105180458.579"}},{"type":"Feature","geometry":{"type":"MultiPolygon","coordinates":[[[[-73.921,40.801],[-73.921,40.8],[-73.92,40.799],[-73.919,40.799],[-73.918,40.798],[-73.917,40.798],[-73.916,40.798],[-73.915,40.797],[-73.914,40.796],[-73.914,40.794],[-73.915,40.793],[-73.915,40.792],[-73.916,40.791],[-73.917,40.79],[-73.917,40.791],[-73.918,40.79],[-73.919,40.79],[-73.919,40.789],[-73.918,40.789],[-73.922,40.786],[-73.922,40.785],[-73.923,40.784],[-73.923,40.783],[-73.924,40.783],[-73.924,40.782],[-73.925,40.782],[-73.926,40.782],[-73.927,40.781],[-73.928,40.781],[-73.929,40.781],[-73.93,40.782],[-73.931,40.782],[-73.933,40.783],[-73.935,40.783],[-73.936,40.784],[-73.936,40.785],[-73.936,40.786],[-73.933,40.789],[-73.932,40.79],[-73.931,40.791],[-73.93,40.791],[-73.929,40.791],[-73.928,40.791],[-73.927,40.791],[-73.926,40.791],[-73.926,40.792],[-73.927,40.792],[-73.926,40.792],[-73.927,40.792],[-73.926,40.792],[-73.926,40.791],[-73.927,40.791],[-73.928,40.791],[-73.927,40.792],[-73.928,40.792],[-73.928,40.793],[-73.927,40.794],[-73.927,40.795],[-73.927,40.796],[-73.927,40.797],[-73.928,40.797],[-73.927,40.797],[-73.927,40.798],[-73.927,40.799],[-73.927,40.8],[-73.927,40.801],[-73.927,40.8],[-73.927,40.801],[-73.926,40.802],[-73.925,40.802],[-73.924,40.802],[-73.923,40.802],[-73.922,40.802],[-73.922,40.801],[-73.921,40.801]]],[[[-73.934,40.807],[-73.933,40.807],[-73.932,40.806],[-73.931,40.805],[-73.931,40.804],[-73.93,40.804],[-73.93,40.803],[-73.93,40.802],[-73.929,40.802],[-73.929,40.801],[-73.929,40.8],[-73.929,40.799],[-73.929,40.798],[-73.929,40.797],[-73.929,40.796],[-73.93,40.795],[-73.93,40.794],[-73.931,40.794],[-73.932,40.794],[-73.932,40.793],[-73.933,40.793],[-73.934,40.793],[-73.934,40.792],[-73.935,40.792],[-73.935,40.791],[-73.936,40.791],[-73.936,40.79],[-73.937,40.79],[-73.937,40.789],[-73.936,40.789],[-73.937,40.789],[-73.938,40.788],[-73.938,40.787],[-73.939,40.787],[-73.939,40.786],[-73.94,40.785],[-73.941,40.785],[-73.941,40.784],[-73.942,40.784],[-73.943,40.784],[-73.943,40.783],[-73.944,40.783],[-73.944,40.782],[-73.945,40.782],[-73.944,40.781],[-73.944,40.78],[-73.945,40.78],[-73.946,40.781],[-73.947,40.781],[-73.946,40.781],[-73.946,40.782],[-73.945,40.782],[-73.945,40.783],[-73.948,40.784],[-73.949,40.784],[-73.95,40.785],[-73.949,40.785],[-73.95,40.786],[-73.951,40.786],[-73.952,40.786],[-73.953,40.786],[-73.953,40.787],[-73.954,40.787],[-73.955,40.787],[-73.956,40.787],[-73.956,40.788],[-73.955,40.789],[-73.954,40.79],[-73.954,40.791],[-73.953,40.791],[-73.953,40.792],[-73.952,40.793],[-73.952,40.794],[-73.951,40.794],[-73.95,40.794],[-73.949,40.794],[-73.949,40.795],[-73.948,40.795],[-73.948,40.796],[-73.947,40.797],[-73.947,40.798],[-73.948,40.798],[-73.948,40.799],[-73.947,40.799],[-73.947,40.8],[-73.947,40.801],[-73.946,40.8],[-73.945,40.8],[-73.943,40.799],[-73.943,40.8],[-73.942,40.801],[-73.941,40.8],[-73.94,40.801],[-73.939,40.802],[-73.938,40.803],[-73.938,40.804],[-73.937,40.804],[-73.937,40.805],[-73.936,40.806],[-73.936,40.807],[-73.935,40.807],[-73.935,40.808],[-73.934,40.808],[-73.934,40.807]]],[[[-73.927,40.819],[-73.928,40.819],[-73.929,40.819],[-73.93,40.818],[-73.93,40.817],[-73.929,40.817],[-73.928,40.817],[-73.928,40.816],[-73.927,40.816],[-73.926,40.816],[-73.925,40.816],[-73.924,40.815],[-73.924,40.816],[-73.923,40.817],[-73.921,40.816],[-73.92,40.816],[-73.919,40.816],[-73.918,40.816],[-73.918,40.815],[-73.917,40.815],[-73.916,40.815],[-73.916,40.814],[-73.915,40.814],[-73.913,40.814],[-73.912,40.814],[-73.911,40.814],[-73.91,40.816],[-73.909,40.817],[-73.909,40.819],[-73.908,40.819],[-73.907,40.818],[-73.906,40.818],[-73.905,40.818],[-73.904,40.818],[-73.903,40.817],[-73.903,40.816],[-73.903,40.815],[-73.904,40.814],[-73.904,40.813],[-73.904,40.812],[-73.903,40.812],[-73.903,40.811],[-73.903,40.81],[-73.903,40.809],[-73.902,40.805],[-73.902,40.804],[-73.903,40.804],[-73.904,40.804],[-73.904,40.803],[-73.905,40.803],[-73.905,40.802],[-73.906,40.802],[-73.906,40.801],[-73.907,40.801],[-73.907,40.8],[-73.908,40.8],[-73.908,40.799],[-73.908,40.8],[-73.908,40.799],[-73.909,40.799],[-73.908,40.799],[-73.909,40.798],[-73.91,40.798],[-73.91,40.797],[-73.911,40.797],[-73.912,40.797],[-73.913,40.797],[-73.914,40.797],[-73.915,40.797],[-73.916,40.798],[-73.919,40.799],[-73.92,40.8],[-73.921,40.8],[-73.921,40.801],[-73.922,40.802],[-73.923,40.802],[-73.924,40.803],[-73.927,40.802],[-73.928,40.803],[-73.927,40.803],[-73.928,40.804],[-73.929,40.804],[-73.93,40.806],[-73.93,40.807],[-73.931,40.807],[-73.932,40.808],[-73.933,40.809],[-73.933,40.81],[-73.933,40.811],[-73.933,40.812],[-73.933,40.813],[-73.932,40.814],[-73.932,40.815],[-73.932,40.817],[-73.932,40.818],[-73.932,40.819],[-73.932,40.82],[-73.933,40.821],[-73.932,40.821],[-73.932,40.822],[-73.933,40.822],[-73.933,40.823],[-73.933,40.824],[-73.933,40.825],[-73.933,40.826],[-73.933,40.827],[-73.933,40.828],[-73.932,40.828],[-73.931,40.828],[-73.931,40.827],[-73.93,40.827],[-73.93,40.826],[-73.929,40.825],[-73.928,40.825],[-73.928,40.824],[-73.927,40.823],[-73.927,40.822],[-73.927,40.821],[-73.926,40.821],[-73.927,40.82],[-73.927,40.819]]]]},"properties":{"coundist":"8","shape_leng":"98056.4269773","shape_area":"106989875.914"}},{"type":"Feature","geometry":{"type":"MultiPolygon","coordinates":[[[[-73.934,40.836],[-73.935,40.836],[-73.935,40.835],[-73.935,40.834],[-73.935,40.833],[-73.935,40.832],[-73.935,40.831],[-73.935,40.83],[-73.935,40.829],[-73.935,40.828],[-73.934,40.828],[-73.934,40.827],[-73.934,40.826],[-73.934,40.825],[-73.934,40.824],[-73.934,40.823],[-73.934,40.822],[-73.934,40.821],[-73.934,40.82],[-73.934,40.819],[-73.934,40.818],[-73.934,40.817],[-73.934,40.816],[-73.934,40.815],[-73.934,40.814],[-73.934,40.813],[-73.934,40.812],[-73.934,40.811],[-73.934,40.81],[-73.934,40.809],[-73.934,40.808],[-73.933,40.807],[-73.934,40.807],[-73.934,40.808],[-73.935,40.808],[-73.935,40.807],[-73.936,40.807],[-73.936,40.806],[-73.937,40.805],[-73.937,40.804],[-73.938,40.804],[-73.938,40.803],[-73.939,40.802],[-73.94,40.801],[-73.941,40.8],[-73.942,40.801],[-73.943,40.8],[-73.943,40.799],[-73.945,40.8],[-73.946,40.8],[-73.947,40.801],[-73.947,40.8],[-73.947,40.799],[-73.948,40.799],[-73.948,40.798],[-73.947,40.798],[-73.947,40.797],[-73.948,40.796],[-73.948,40.795],[-73.949,40.795],[-73.949,40.794],[-73.95,40.794],[-73.951,40.794],[-73.951,40.795],[-73.95,40.796],[-73.949,40.797],[-73.95,40.797],[-73.951,40.798],[-73.952,40.798],[-73.953,40.798],[-73.955,40.799],[-73.955,40.8],[-73.958,40.8],[-73.958,40.801],[-73.959,40.801],[-73.96,40.801],[-73.959,40.802],[-73.959,40.803],[-73.958,40.803],[-73.958,40.804],[-73.958,40.805],[-73.958,40.806],[-73.957,40.807],[-73.957,40.808],[-73.956,40.808],[-73.956,40.809],[-73.955,40.809],[-73.955,40.81],[-73.954,40.811],[-73.954,40.812],[-73.953,40.813],[-73.953,40.814],[-73.953,40.815],[-73.953,40.816],[-73.952,40.817],[-73.952,40.818],[-73.951,40.818],[-73.952,40.819],[-73.952,40.82],[-73.951,40.821],[-73.95,40.821],[-73.95,40.822],[-73.95,40.823],[-73.948,40.822],[-73.948,40.823],[-73.947,40.823],[-73.947,40.824],[-73.946,40.825],[-73.945,40.826],[-73.945,40.827],[-73.944,40.827],[-73.944,40.828],[-73.943,40.828],[-73.942,40.829],[-73.942,40.83],[-73.942,40.831],[-73.941,40.831],[-73.94,40.831],[-73.94,40.83],[-73.94,40.831],[-73.939,40.831],[-73.939,40.832],[-73.939,40.833],[-73.938,40.833],[-73.937,40.834],[-73.936,40.835],[-73.935,40.836],[-73.934,40.836]]]]},"properties":{"coundist":"9","shape_leng":"41266.1267556","shape_area":"56263769.1432"}},{"type":"Feature","geometry":{"type":"MultiPolygon","coordinates":[[[[-74.159,40.641],[-74.16,40.641],[-74.16,40.642],[-74.161,40.642],[-74.161,40.643],[-74.161,40.644],[-74.162,40.644],[-74.158,40.644],[-74.158,40.643],[-74.158,40.642],[-74.159,40.642],[-74.159,40.641]]],[[[-74.082,40.648],[-74.081,40.648],[-74.08,40.648],[-74.079,40.648],[-74.077,40.647],[-74.076,40.647],[-74.075,40.646],[-74.075,40.645],[-74.074,40.645],[-74.073,40.645],[-74.074,40.645],[-74.073,40.646],[-74.073,40.645],[-74.074,40.645],[-74.073,40.645],[-74.073,40.644],[-74.072,40.645],[-74.072,40.644],[-74.071,40.644],[-74.072,40.643],[-74.071,40.643],[-74.072,40.643],[-74.072,40.642],[-74.07,40.643],[-74.07,40.642],[-74.073,40.642],[-74.07,40.642],[-74.073,40.642],[-74.073,40.641],[-74.072,40.641],[-74.07,40.641],[-74.072,40.641],[-74.073,40.641],[-74.073,40.639],[-74.073,40.638],[-74.072,40.638],[-74.073,40.638],[-74.073,40.637],[-74.072,40.637],[-74.073,40.637],[-74.073,40.636],[-74.073,40.637],[-74.073,40.636],[-74.073,40.635],[-74.073,40.634],[-74.073,40.632],[-74.073,40.631],[-74.073,40.63],[-74.068,40.629],[-74.073,40.63],[-74.073,40.628],[-74.072,40.628],[-74.073,40.628],[-74.072,40.628],[-74.072,40.627],[-74.073,40.627],[-74.073,40.626],[-74.072,40.625],[-74.071,40.623],[-74.071,40.622],[-74.07,40.622],[-74.07,40.621],[-74.069,40.621],[-74.068,40.62],[-74.067,40.62],[-74.067,40.619],[-74.066,40.619],[-74.065,40.619],[-74.066,40.619],[-74.067,40.618],[-74.066,40.618],[-74.065,40.618],[-74.064,40.618],[-74.065,40.617],[-74.064,40.617],[-74.064,40.616],[-74.063,40.616],[-74.062,40.615],[-74.061,40.614],[-74.061,40.613],[-74.061,40.612],[-74.06,40.612],[-74.06,40.613],[-74.06,40.612],[-74.059,40.612],[-74.059,40.611],[-74.059,40.61],[-74.058,40.61],[-74.058,40.609],[-74.057,40.609],[-74.057,40.608],[-74.056,40.607],[-74.055,40.606],[-74.055,40.607],[-74.055,40.606],[-74.054,40.606],[-74.054,40.605],[-74.054,40.604],[-74.054,40.603],[-74.055,40.603],[-74.056,40.603],[-74.058,40.602],[-74.059,40.602],[-74.06,40.602],[-74.061,40.602],[-74.062,40.602],[-74.063,40.602],[-74.064,40.602],[-74.065,40.603],[-74.066,40.603],[-74.067,40.603],[-74.069,40.604],[-74.07,40.605],[-74.071,40.605],[-74.072,40.605],[-74.073,40.605],[-74.073,40.606],[-74.074,40.606],[-74.075,40.606],[-74.076,40.606],[-74.077,40.606],[-74.078,40.606],[-74.08,40.606],[-74.081,40.606],[-74.082,40.606],[-74.083,40.606],[-74.083,40.607],[-74.084,40.607],[-74.085,40.607],[-74.086,40.607],[-74.087,40.608],[-74.088,40.608],[-74.089,40.608],[-74.089,40.609],[-74.09,40.609],[-74.091,40.609],[-74.092,40.61],[-74.093,40.61],[-74.094,40.61],[-74.094,40.611],[-74.095,40.611],[-74.096,40.611],[-74.097,40.611],[-74.098,40.611],[-74.099,40.611],[-74.1,40.611],[-74.101,40.611],[-74.102,40.611],[-74.103,40.611],[-74.104,40.611],[-74.105,40.611],[-74.106,40.611],[-74.107,40.611],[-74.107,40.61],[-74.108,40.61],[-74.109,40.61],[-74.11,40.611],[-74.111,40.611],[-74.112,40.611],[-74.113,40.611],[-74.114,40.611],[-74.115,40.611],[-74.116,40.611],[-74.117,40.611],[-74.117,40.61],[-74.117,40.609],[-74.116,40.609],[-74.116,40.608],[-74.116,40.607],[-74.118,40.607],[-74.119,40.607],[-74.119,40.606],[-74.12,40.606],[-74.121,40.606],[-74.122,40.606],[-74.123,40.606],[-74.124,40.606],[-74.125,40.606],[-74.126,40.606],[-74.127,40.606],[-74.128,40.606],[-74.128,40.604],[-74.129,40.604],[-74.13,40.604],[-74.131,40.604],[-74.132,40.604],[-74.133,40.604],[-74.134,40.604],[-74.134,40.606],[-74.134,40.607],[-74.134,40.608],[-74.133,40.608],[-74.132,40.608],[-74.131,40.608],[-74.13,40.608],[-74.129,40.608],[-74.128,40.609],[-74.127,40.609],[-74.126,40.609],[-74.125,40.609],[-74.124,40.609],[-74.123,40.609],[-74.123,40.61],[-74.122,40.61],[-74.121,40.61],[-74.122,40.611],[-74.122,40.612],[-74.122,40.613],[-74.123,40.613],[-74.121,40.613],[-74.12,40.613],[-74.119,40.613],[-74.118,40.613],[-74.117,40.614],[-74.115,40.614],[-74.114,40.614],[-74.114,40.615],[-74.114,40.616],[-74.114,40.617],[-74.115,40.617],[-74.115,40.618],[-74.118,40.618],[-74.118,40.619],[-74.119,40.62],[-74.119,40.621],[-74.12,40.621],[-74.12,40.622],[-74.119,40.622],[-74.118,40.623],[-74.119,40.623],[-74.119,40.624],[-74.12,40.624],[-74.12,40.625],[-74.12,40.626],[-74.121,40.626],[-74.122,40.626],[-74.122,40.627],[-74.123,40.627],[-74.124,40.627],[-74.125,40.627],[-74.127,40.627],[-74.128,40.627],[-74.129,40.627],[-74.13,40.626],[-74.131,40.626],[-74.132,40.626],[-74.133,40.626],[-74.134,40.626],[-74.135,40.626],[-74.135,40.625],[-74.136,40.625],[-74.137,40.624],[-74.138,40.624],[-74.141,40.624],[-74.141,40.625],[-74.142,40.625],[-74.143,40.625],[-74.144,40.625],[-74.145,40.625],[-74.146,40.625],[-74.147,40.624],[-74.147,40.623],[-74.148,40.623],[-74.148,40.622],[-74.149,40.621],[-74.149,40.62],[-74.15,40.62],[-74.15,40.619],[-74.151,40.619],[-74.152,40.618],[-74.152,40.617],[-74.153,40.617],[-74.153,40.616],[-74.153,40.615],[-74.153,40.614],[-74.154,40.613],[-74.154,40.612],[-74.155,40.613],[-74.155,40.614],[-74.156,40.614],[-74.157,40.615],[-74.158,40.615],[-74.158,40.616],[-74.159,40.616],[-74.159,40.617],[-74.16,40.617],[-74.161,40.617],[-74.162,40.618],[-74.163,40.619],[-74.164,40.619],[-74.165,40.62],[-74.166,40.62],[-74.167,40.621],[-74.168,40.621],[-74.169,40.621],[-74.17,40.621],[-74.171,40.621],[-74.172,40.622],[-74.173,40.622],[-74.174,40.622],[-74.175,40.623],[-74.176,40.623],[-74.176,40.624],[-74.177,40.624],[-74.177,40.625],[-74.178,40.625],[-74.178,40.626],[-74.179,40.626],[-74.18,40.627],[-74.181,40.627],[-74.182,40.628],[-74.184,40.629],[-74.185,40.629],[-74.185,40.63],[-74.186,40.63],[-74.187,40.63],[-74.188,40.63],[-74.188,40.631],[-74.189,40.631],[-74.19,40.631],[-74.19,40.632],[-74.191,40.632],[-74.192,40.632],[-74.192,40.633],[-74.193,40.633],[-74.196,40.635],[-74.195,40.635],[-74.195,40.636],[-74.195,40.637],[-74.194,40.637],[-74.195,40.637],[-74.194,40.637],[-74.194,40.638],[-74.193,40.638],[-74.189,40.642],[-74.187,40.643],[-74.186,40.643],[-74.186,40.644],[-74.185,40.644],[-74.184,40.644],[-74.184,40.643],[-74.184,40.642],[-74.184,40.643],[-74.183,40.643],[-74.183,40.644],[-74.184,40.644],[-74.184,40.645],[-74.183,40.645],[-74.182,40.645],[-74.181,40.645],[-74.18,40.645],[-74.18,40.644],[-74.18,40.645],[-74.18,40.644],[-74.179,40.644],[-74.179,40.645],[-74.179,40.644],[-74.179,40.643],[-74.18,40.643],[-74.18,40.642],[-74.179,40.642],[-74.179,40.643],[-74.179,40.642],[-74.179,40.643],[-74.178,40.642],[-74.178,40.643],[-74.178,40.642],[-74.178,40.643],[-74.177,40.643],[-74.177,40.642],[-74.176,40.642],[-74.177,40.642],[-74.177,40.643],[-74.176,40.643],[-74.176,40.644],[-74.176,40.643],[-74.175,40.643],[-74.175,40.644],[-74.176,40.644],[-74.175,40.644],[-74.176,40.644],[-74.176,40.645],[-74.175,40.645],[-74.174,40.645],[-74.173,40.645],[-74.173,40.644],[-74.172,40.643],[-74.173,40.643],[-74.172,40.643],[-74.171,40.643],[-74.172,40.643],[-74.172,40.642],[-74.171,40.642],[-74.171,40.641],[-74.172,40.641],[-74.173,40.641],[-74.172,40.641],[-74.171,40.641],[-74.172,40.641],[-74.171,40.641],[-74.171,40.642],[-74.171,40.643],[-74.171,40.642],[-74.17,40.642],[-74.169,40.642],[-74.168,40.642],[-74.167,40.642],[-74.166,40.641],[-74.166,40.642],[-74.166,40.641],[-74.165,40.642],[-74.165,40.641],[-74.165,40.64],[-74.165,40.641],[-74.164,40.641],[-74.165,40.64],[-74.164,40.64],[-74.164,40.641],[-74.164,40.64],[-74.163,40.64],[-74.163,40.641],[-74.162,40.641],[-74.162,40.639],[-74.161,40.639],[-74.162,40.639],[-74.161,40.639],[-74.16,40.639],[-74.16,40.638],[-74.16,40.64],[-74.16,40.639],[-74.16,40.638],[-74.16,40.639],[-74.16,40.638],[-74.159,40.638],[-74.159,40.639],[-74.159,40.638],[-74.158,40.638],[-74.158,40.639],[-74.158,40.638],[-74.157,40.638],[-74.156,40.638],[-74.155,40.638],[-74.155,40.639],[-74.155,40.638],[-74.155,40.637],[-74.154,40.637],[-74.153,40.637],[-74.153,40.638],[-74.152,40.638],[-74.151,40.638],[-74.151,40.639],[-74.15,40.638],[-74.15,40.637],[-74.149,40.637],[-74.149,40.638],[-74.15,40.638],[-74.149,40.638],[-74.149,40.639],[-74.149,40.637],[-74.148,40.637],[-74.148,40.638],[-74.149,40.639],[-74.148,40.639],[-74.147,40.639],[-74.146,40.639],[-74.145,40.639],[-74.144,40.639],[-74.143,40.639],[-74.144,40.639],[-74.143,40.64],[-74.143,40.639],[-74.142,40.639],[-74.142,40.64],[-74.141,40.64],[-74.141,40.641],[-74.14,40.641],[-74.139,40.641],[-74.138,40.641],[-74.137,40.641],[-74.136,40.642],[-74.135,40.642],[-74.134,40.642],[-74.133,40.642],[-74.133,40.641],[-74.133,40.642],[-74.132,40.642],[-74.131,40.642],[-74.132,40.641],[-74.131,40.641],[-74.13,40.641],[-74.129,40.641],[-74.13,40.641],[-74.129,40.64],[-74.129,40.641],[-74.129,40.64],[-74.129,40.641],[-74.129,40.64],[-74.128,40.64],[-74.127,40.64],[-74.127,40.639],[-74.127,40.64],[-74.126,40.64],[-74.126,40.641],[-74.126,40.64],[-74.125,40.64],[-74.124,40.64],[-74.124,40.641],[-74.123,40.641],[-74.122,40.641],[-74.122,40.642],[-74.122,40.641],[-74.122,40.642],[-74.122,40.641],[-74.121,40.642],[-74.121,40.641],[-74.121,40.642],[-74.121,40.641],[-74.12,40.641],[-74.12,40.642],[-74.119,40.641],[-74.119,40.642],[-74.12,40.642],[-74.119,40.642],[-74.118,40.642],[-74.117,40.642],[-74.117,40.643],[-74.117,40.642],[-74.116,40.642],[-74.117,40.643],[-74.116,40.642],[-74.115,40.642],[-74.115,40.643],[-74.114,40.643],[-74.114,40.644],[-74.113,40.645],[-74.114,40.644],[-74.113,40.644],[-74.112,40.644],[-74.112,40.645],[-74.111,40.645],[-74.112,40.645],[-74.111,40.645],[-74.11,40.645],[-74.109,40.645],[-74.109,40.646],[-74.108,40.646],[-74.107,40.646],[-74.105,40.646],[-74.104,40.646],[-74.103,40.646],[-74.102,40.645],[-74.101,40.645],[-74.1,40.645],[-74.099,40.645],[-74.096,40.645],[-74.095,40.646],[-74.094,40.646],[-74.093,40.646],[-74.091,40.647],[-74.09,40.647],[-74.089,40.647],[-74.088,40.648],[-74.086,40.649],[-74.085,40.649],[-74.084,40.649],[-74.083,40.648],[-74.082,40.648]]]]},"properties":{"coundist":"49","shape_leng":"179285.557444","shape_area":"330298818.461"}},{"type":"Feature","geometry":{"type":"MultiPolygon","coordinates":[[[[-74.05,40.566],[-74.049,40.566],[-74.049,40.565],[-74.05,40.565],[-74.051,40.566],[-74.051,40.567],[-74.051,40.566],[-74.05,40.566]]],[[[-74.053,40.578],[-74.054,40.577],[-74.055,40.578],[-74.055,40.58],[-74.054,40.581],[-74.053,40.58],[-74.053,40.578]]],[[[-74.02,40.618],[-74.018,40.617],[-74.017,40.618],[-74.016,40.618],[-74.016,40.619],[-74.014,40.618],[-74.011,40.616],[-74.009,40.615],[-74.01,40.614],[-74.011,40.613],[-74.012,40.613],[-74.011,40.612],[-74.01,40.612],[-74.01,40.611],[-74.009,40.611],[-74.008,40.611],[-74.007,40.61],[-74.008,40.608],[-74.01,40.606],[-74.011,40.605],[-74.013,40.603],[-74.014,40.603],[-74.014,40.602],[-74.015,40.602],[-74.016,40.602],[-74.017,40.602],[-74.018,40.602],[-74.019,40.603],[-74.02,40.603],[-74.021,40.603],[-74.021,40.604],[-74.022,40.604],[-74.025,40.604],[-74.029,40.605],[-74.03,40.605],[-74.031,40.605],[-74.032,40.606],[-74.033,40.606],[-74.034,40.607],[-74.034,40.608],[-74.035,40.608],[-74.035,40.609],[-74.036,40.609],[-74.035,40.609],[-74.035,40.61],[-74.034,40.61],[-74.033,40.61],[-74.032,40.611],[-74.031,40.611],[-74.03,40.611],[-74.03,40.612],[-74.029,40.612],[-74.029,40.613],[-74.028,40.614],[-74.027,40.615],[-74.027,40.616],[-74.026,40.616],[-74.026,40.617],[-74.025,40.617],[-74.025,40.618],[-74.024,40.618],[-74.024,40.619],[-74.023,40.619],[-74.023,40.62],[-74.022,40.619],[-74.021,40.618],[-74.02,40.618]]],[[[-74.196,40.635],[-74.193,40.633],[-74.192,40.633],[-74.192,40.632],[-74.191,40.632],[-74.19,40.632],[-74.19,40.631],[-74.189,40.631],[-74.188,40.631],[-74.188,40.63],[-74.187,40.63],[-74.186,40.63],[-74.185,40.63],[-74.185,40.629],[-74.184,40.629],[-74.182,40.628],[-74.181,40.627],[-74.18,40.627],[-74.179,40.626],[-74.178,40.626],[-74.178,40.625],[-74.177,40.625],[-74.177,40.624],[-74.176,40.624],[-74.176,40.623],[-74.175,40.623],[-74.174,40.622],[-74.173,40.622],[-74.172,40.622],[-74.171,40.621],[-74.17,40.621],[-74.169,40.621],[-74.168,40.621],[-74.167,40.621],[-74.166,40.62],[-74.165,40.62],[-74.164,40.619],[-74.163,40.619],[-74.162,40.618],[-74.161,40.617],[-74.16,40.617],[-74.159,40.617],[-74.159,40.616],[-74.158,40.616],[-74.158,40.615],[-74.157,40.615],[-74.156,40.614],[-74.155,40.614],[-74.155,40.613],[-74.154,40.612],[-74.154,40.613],[-74.153,40.614],[-74.153,40.615],[-74.153,40.616],[-74.153,40.617],[-74.152,40.617],[-74.152,40.618],[-74.151,40.619],[-74.15,40.619],[-74.15,40.62],[-74.149,40.62],[-74.149,40.621],[-74.148,40.622],[-74.148,40.623],[-74.147,40.623],[-74.147,40.624],[-74.146,40.625],[-74.145,40.625],[-74.144,40.625],[-74.143,40.625],[-74.142,40.625],[-74.141,40.625],[-74.141,40.624],[-74.138,40.624],[-74.137,40.624],[-74.136,40.625],[-74.135,40.625],[-74.135,40.626],[-74.134,40.626],[-74.133,40.626],[-74.132,40.626],[-74.131,40.626],[-74.13,40.626],[-74.129,40.627],[-74.128,40.627],[-74.127,40.627],[-74.125,40.627],[-74.124,40.627],[-74.123,40.627],[-74.122,40.627],[-74.122,40.626],[-74.121,40.626],[-74.12,40.626],[-74.12,40.625],[-74.12,40.624],[-74.119,40.624],[-74.119,40.623],[-74.118,40.623],[-74.119,40.622],[-74.12,40.622],[-74.12,40.621],[-74.119,40.621],[-74.119,40.62],[-74.118,40.619],[-74.118,40.618],[-74.115,40.618],[-74.115,40.617],[-74.114,40.617],[-74.114,40.616],[-74.114,40.615],[-74.114,40.614],[-74.115,40.614],[-74.117,40.614],[-74.118,40.613],[-74.119,40.613],[-74.12,40.613],[-74.121,40.613],[-74.123,40.613],[-74.122,40.613],[-74.122,40.612],[-74.122,40.611],[-74.121,40.61],[-74.122,40.61],[-74.123,40.61],[-74.123,40.609],[-74.124,40.609],[-74.125,40.609],[-74.126,40.609],[-74.127,40.609],[-74.128,40.609],[-74.129,40.608],[-74.13,40.608],[-74.131,40.608],[-74.132,40.608],[-74.133,40.608],[-74.134,40.608],[-74.134,40.607],[-74.134,40.606],[-74.134,40.604],[-74.133,40.604],[-74.132,40.604],[-74.131,40.604],[-74.13,40.604],[-74.129,40.604],[-74.128,40.604],[-74.128,40.606],[-74.127,40.606],[-74.126,40.606],[-74.125,40.606],[-74.124,40.606],[-74.123,40.606],[-74.122,40.606],[-74.121,40.606],[-74.12,40.606],[-74.119,40.606],[-74.119,40.607],[-74.118,40.607],[-74.116,40.607],[-74.116,40.608],[-74.116,40.609],[-74.117,40.609],[-74.117,40.61],[-74.117,40.611],[-74.116,40.611],[-74.115,40.611],[-74.114,40.611],[-74.113,40.611],[-74.112,40.611],[-74.111,40.611],[-74.11,40.611],[-74.109,40.61],[-74.108,40.61],[-74.107,40.61],[-74.107,40.611],[-74.106,40.611],[-74.105,40.611],[-74.104,40.611],[-74.103,40.611],[-74.102,40.611],[-74.101,40.611],[-74.1,40.611],[-74.099,40.611],[-74.098,40.611],[-74.097,40.611],[-74.096,40.611],[-74.095,40.611],[-74.094,40.611],[-74.094,40.61],[-74.093,40.61],[-74.092,40.61],[-74.091,40.609],[-74.09,40.609],[-74.089,40.609],[-74.089,40.608],[-74.088,40.608],[-74.087,40.608],[-74.086,40.607],[-74.085,40.607],[-74.084,40.607],[-74.083,40.607],[-74.083,40.606],[-74.082,40.606],[-74.081,40.606],[-74.08,40.606],[-74.078,40.606],[-74.077,40.606],[-74.076,40.606],[-74.075,40.606],[-74.074,40.606],[-74.073,40.606],[-74.073,40.605],[-74.072,40.605],[-74.071,40.605],[-74.07,40.605],[-74.069,40.604],[-74.067,40.603],[-74.066,40.603],[-74.065,40.603],[-74.064,40.602],[-74.063,40.602],[-74.062,40.602],[-74.061,40.602],[-74.06,40.602],[-74.059,40.602],[-74.058,40.602],[-74.056,40.603],[-74.055,40.603],[-74.054,40.603],[-74.054,40.604],[-74.053,40.604],[-74.053,40.602],[-74.053,40.601],[-74.053,40.6],[-74.052,40.6],[-74.053,40.6],[-74.054,40.599],[-74.055,40.599],[-74.057,40.597],[-74.057,40.596],[-74.06,40.594],[-74.061,40.593],[-74.062,40.592],[-74.064,40.59],[-74.065,40.589],[-74.064,40.588],[-74.065,40.588],[-74.065,40.589],[-74.066,40.588],[-74.067,40.587],[-74.069,40.585],[-74.07,40.585],[-74.07,40.584],[-74.071,40.583],[-74.071,40.582],[-74.072,40.582],[-74.071,40.582],[-74.072,40.582],[-74.073,40.581],[-74.074,40.58],[-74.075,40.579],[-74.074,40.579],[-74.074,40.578],[-74.073,40.578],[-74.074,40.578],[-74.073,40.578],[-74.074,40.578],[-74.074,40.579],[-74.075,40.579],[-74.076,40.578],[-74.075,40.578],[-74.076,40.578],[-74.077,40.578],[-74.077,40.577],[-74.077,40.578],[-74.077,40.577],[-74.078,40.577],[-74.079,40.576],[-74.079,40.575],[-74.079,40.576],[-74.08,40.575],[-74.081,40.575],[-74.081,40.574],[-74.082,40.574],[-74.082,40.573],[-74.083,40.573],[-74.084,40.572],[-74.085,40.572],[-74.086,40.57],[-74.087,40.57],[-74.087,40.569],[-74.086,40.569],[-74.087,40.569],[-74.088,40.569],[-74.088,40.568],[-74.089,40.567],[-74.09,40.567],[-74.091,40.567],[-74.091,40.566],[-74.094,40.563],[-74.095,40.563],[-74.096,40.563],[-74.096,40.562],[-74.097,40.562],[-74.097,40.561],[-74.098,40.561],[-74.098,40.56],[-74.098,40.559],[-74.099,40.559],[-74.1,40.559],[-74.101,40.558],[-74.102,40.557],[-74.102,40.556],[-74.101,40.556],[-74.102,40.556],[-74.103,40.556],[-74.104,40.555],[-74.105,40.554],[-74.105,40.553],[-74.106,40.554],[-74.107,40.554],[-74.108,40.554],[-74.109,40.553],[-74.11,40.552],[-74.11,40.551],[-74.111,40.55],[-74.112,40.55],[-74.113,40.548],[-74.114,40.549],[-74.115,40.549],[-74.116,40.549],[-74.117,40.549],[-74.118,40.55],[-74.12,40.552],[-74.119,40.552],[-74.12,40.552],[-74.121,40.553],[-74.123,40.554],[-74.124,40.555],[-74.126,40.556],[-74.127,40.557],[-74.129,40.558],[-74.129,40.559],[-74.129,40.56],[-74.129,40.561],[-74.13,40.561],[-74.13,40.562],[-74.129,40.562],[-74.13,40.563],[-74.131,40.564],[-74.132,40.565],[-74.133,40.563],[-74.133,40.562],[-74.134,40.562],[-74.135,40.561],[-74.135,40.56],[-74.135,40.559],[-74.136,40.559],[-74.137,40.558],[-74.138,40.558],[-74.139,40.558],[-74.14,40.559],[-74.142,40.56],[-74.143,40.56],[-74.145,40.562],[-74.148,40.565],[-74.15,40.566],[-74.152,40.568],[-74.151,40.569],[-74.15,40.569],[-74.149,40.57],[-74.148,40.571],[-74.147,40.572],[-74.147,40.573],[-74.147,40.574],[-74.147,40.575],[-74.148,40.575],[-74.148,40.576],[-74.149,40.576],[-74.149,40.577],[-74.15,40.577],[-74.15,40.578],[-74.151,40.578],[-74.151,40.579],[-74.151,40.58],[-74.152,40.58],[-74.152,40.581],[-74.153,40.581],[-74.152,40.581],[-74.151,40.581],[-74.151,40.582],[-74.15,40.583],[-74.149,40.583],[-74.149,40.584],[-74.148,40.584],[-74.147,40.585],[-74.148,40.585],[-74.147,40.585],[-74.147,40.586],[-74.146,40.586],[-74.146,40.587],[-74.146,40.588],[-74.146,40.589],[-74.146,40.59],[-74.147,40.591],[-74.148,40.591],[-74.151,40.593],[-74.152,40.594],[-74.154,40.595],[-74.155,40.596],[-74.157,40.596],[-74.158,40.596],[-74.159,40.596],[-74.16,40.596],[-74.161,40.596],[-74.162,40.597],[-74.161,40.597],[-74.161,40.598],[-74.162,40.599],[-74.163,40.599],[-74.163,40.6],[-74.163,40.601],[-74.163,40.602],[-74.165,40.602],[-74.166,40.602],[-74.167,40.602],[-74.168,40.6],[-74.168,40.598],[-74.168,40.596],[-74.169,40.595],[-74.168,40.595],[-74.168,40.594],[-74.167,40.594],[-74.166,40.594],[-74.164,40.593],[-74.165,40.593],[-74.165,40.592],[-74.166,40.592],[-74.167,40.592],[-74.171,40.591],[-74.171,40.59],[-74.172,40.59],[-74.173,40.59],[-74.174,40.59],[-74.175,40.59],[-74.176,40.59],[-74.176,40.589],[-74.177,40.589],[-74.177,40.588],[-74.178,40.588],[-74.179,40.588],[-74.18,40.588],[-74.18,40.587],[-74.179,40.587],[-74.179,40.586],[-74.18,40.586],[-74.181,40.586],[-74.181,40.585],[-74.181,40.584],[-74.18,40.584],[-74.18,40.583],[-74.179,40.583],[-74.179,40.582],[-74.178,40.582],[-74.178,40.581],[-74.178,40.58],[-74.178,40.579],[-74.179,40.579],[-74.179,40.578],[-74.18,40.578],[-74.18,40.577],[-74.181,40.577],[-74.182,40.577],[-74.183,40.577],[-74.184,40.577],[-74.185,40.577],[-74.186,40.577],[-74.187,40.577],[-74.19,40.577],[-74.191,40.577],[-74.192,40.577],[-74.194,40.577],[-74.199,40.579],[-74.201,40.579],[-74.203,40.58],[-74.204,40.58],[-74.206,40.58],[-74.206,40.581],[-74.205,40.581],[-74.205,40.582],[-74.205,40.583],[-74.204,40.583],[-74.204,40.584],[-74.205,40.584],[-74.204,40.584],[-74.204,40.585],[-74.204,40.586],[-74.204,40.587],[-74.204,40.588],[-74.205,40.588],[-74.204,40.588],[-74.204,40.589],[-74.205,40.589],[-74.204,40.589],[-74.205,40.589],[-74.204,40.59],[-74.203,40.591],[-74.202,40.591],[-74.203,40.591],[-74.202,40.591],[-74.202,40.592],[-74.201,40.593],[-74.2,40.593],[-74.2,40.594],[-74.199,40.594],[-74.2,40.594],[-74.199,40.594],[-74.199,40.595],[-74.199,40.596],[-74.198,40.596],[-74.198,40.597],[-74.198,40.598],[-74.197,40.598],[-74.197,40.599],[-74.198,40.601],[-74.199,40.602],[-74.2,40.604],[-74.201,40.605],[-74.202,40.606],[-74.203,40.608],[-74.203,40.609],[-74.203,40.61],[-74.202,40.612],[-74.202,40.613],[-74.201,40.616],[-74.201,40.617],[-74.201,40.618],[-74.2,40.618],[-74.201,40.619],[-74.201,40.62],[-74.2,40.62],[-74.201,40.621],[-74.201,40.622],[-74.201,40.623],[-74.202,40.623],[-74.201,40.623],[-74.201,40.624],[-74.201,40.625],[-74.201,40.626],[-74.201,40.629],[-74.201,40.63],[-74.2,40.63],[-74.201,40.63],[-74.2,40.63],[-74.2,40.631],[-74.2,40.632],[-74.2,40.631],[-74.2,40.632],[-74.199,40.632],[-74.199,40.633],[-74.198,40.633],[-74.197,40.633],[-74.197,40.634],[-74.196,40.634],[-74.196,40.635]]]]},"properties":{"coundist":"50","shape_leng":"216581.430117","shape_area":"665198742.902"}},{"type":"Feature","geometry":{"type":"MultiPolygon","coordinates":[[[[-73.908,40.757],[-73.908,40.756],[-73.908,40.755],[-73.909,40.755],[-73.909,40.754],[-73.91,40.754],[-73.91,40.753],[-73.908,40.753],[-73.907,40.753],[-73.906,40.753],[-73.905,40.753],[-73.904,40.752],[-73.903,40.752],[-73.902,40.752],[-73.901,40.752],[-73.901,40.751],[-73.9,40.75],[-73.899,40.75],[-73.898,40.75],[-73.897,40.75],[-73.897,40.751],[-73.896,40.75],[-73.896,40.749],[-73.896,40.748],[-73.895,40.748],[-73.895,40.747],[-73.894,40.746],[-73.893,40.745],[-73.892,40.743],[-73.892,40.742],[-73.891,40.741],[-73.891,40.74],[-73.89,40.739],[-73.89,40.738],[-73.889,40.736],[-73.888,40.736],[-73.888,40.735],[-73.888,40.734],[-73.889,40.735],[-73.89,40.735],[-73.891,40.734],[-73.892,40.734],[-73.893,40.734],[-73.893,40.735],[-73.894,40.735],[-73.895,40.735],[-73.896,40.735],[-73.897,40.735],[-73.898,40.735],[-73.899,40.735],[-73.9,40.735],[-73.9,40.734],[-73.901,40.734],[-73.903,40.732],[-73.904,40.73],[-73.905,40.729],[-73.906,40.729],[-73.906,40.728],[-73.907,40.728],[-73.907,40.727],[-73.908,40.727],[-73.909,40.726],[-73.91,40.725],[-73.911,40.724],[-73.913,40.723],[-73.914,40.723],[-73.916,40.722],[-73.917,40.722],[-73.918,40.722],[-73.919,40.722],[-73.92,40.723],[-73.921,40.723],[-73.922,40.722],[-73.922,40.721],[-73.922,40.72],[-73.923,40.72],[-73.924,40.72],[-73.924,40.721],[-73.924,40.722],[-73.925,40.722],[-73.925,40.723],[-73.925,40.724],[-73.924,40.724],[-73.923,40.724],[-73.922,40.724],[-73.921,40.724],[-73.921,40.723],[-73.921,40.724],[-73.92,40.724],[-73.921,40.724],[-73.922,40.724],[-73.923,40.724],[-73.924,40.724],[-73.925,40.724],[-73.925,40.725],[-73.926,40.725],[-73.927,40.726],[-73.927,40.727],[-73.928,40.727],[-73.928,40.728],[-73.929,40.728],[-73.93,40.728],[-73.93,40.729],[-73.931,40.729],[-73.932,40.729],[-73.934,40.729],[-73.936,40.73],[-73.937,40.73],[-73.938,40.73],[-73.939,40.731],[-73.939,40.732],[-73.939,40.733],[-73.94,40.733],[-73.94,40.734],[-73.941,40.734],[-73.941,40.735],[-73.942,40.736],[-73.943,40.736],[-73.943,40.737],[-73.944,40.737],[-73.945,40.737],[-73.946,40.737],[-73.946,40.738],[-73.946,40.737],[-73.946,40.738],[-73.945,40.738],[-73.944,40.738],[-73.943,40.739],[-73.942,40.739],[-73.941,40.739],[-73.941,40.74],[-73.94,40.74],[-73.941,40.74],[-73.94,40.741],[-73.94,40.742],[-73.939,40.743],[-73.939,40.742],[-73.939,40.743],[-73.94,40.743],[-73.94,40.742],[-73.941,40.741],[-73.941,40.74],[-73.942,40.74],[-73.942,40.739],[-73.943,40.739],[-73.944,40.739],[-73.945,40.739],[-73.945,40.738],[-73.946,40.738],[-73.947,40.738],[-73.95,40.739],[-73.951,40.739],[-73.952,40.739],[-73.953,40.74],[-73.954,40.74],[-73.955,40.74],[-73.956,40.74],[-73.957,40.74],[-73.957,40.739],[-73.958,40.739],[-73.959,40.739],[-73.96,40.739],[-73.96,40.738],[-73.961,40.738],[-73.962,40.738],[-73.962,40.739],[-73.963,40.739],[-73.962,40.74],[-73.961,40.74],[-73.962,40.74],[-73.962,40.741],[-73.961,40.741],[-73.961,40.742],[-73.962,40.742],[-73.961,40.743],[-73.96,40.743],[-73.96,40.744],[-73.96,40.743],[-73.96,40.744],[-73.961,40.744],[-73.96,40.744],[-73.959,40.744],[-73.96,40.744],[-73.959,40.744],[-73.959,40.745],[-73.96,40.745],[-73.959,40.745],[-73.96,40.745],[-73.959,40.745],[-73.959,40.746],[-73.959,40.747],[-73.958,40.747],[-73.959,40.747],[-73.957,40.748],[-73.957,40.749],[-73.955,40.748],[-73.954,40.748],[-73.953,40.748],[-73.955,40.748],[-73.956,40.749],[-73.956,40.75],[-73.955,40.75],[-73.954,40.751],[-73.955,40.751],[-73.954,40.751],[-73.954,40.752],[-73.953,40.753],[-73.952,40.754],[-73.951,40.754],[-73.951,40.755],[-73.949,40.757],[-73.948,40.759],[-73.946,40.761],[-73.945,40.763],[-73.944,40.763],[-73.943,40.762],[-73.942,40.762],[-73.941,40.761],[-73.94,40.761],[-73.939,40.761],[-73.939,40.762],[-73.938,40.762],[-73.938,40.763],[-73.937,40.764],[-73.936,40.764],[-73.935,40.764],[-73.934,40.763],[-73.933,40.762],[-73.932,40.762],[-73.932,40.761],[-73.933,40.76],[-73.934,40.759],[-73.933,40.758],[-73.932,40.758],[-73.931,40.757],[-73.93,40.757],[-73.929,40.756],[-73.928,40.756],[-73.927,40.757],[-73.927,40.758],[-73.926,40.759],[-73.925,40.759],[-73.924,40.758],[-73.923,40.758],[-73.922,40.757],[-73.924,40.756],[-73.923,40.755],[-73.922,40.755],[-73.921,40.755],[-73.921,40.754],[-73.92,40.754],[-73.919,40.754],[-73.918,40.754],[-73.916,40.754],[-73.915,40.754],[-73.913,40.756],[-73.912,40.756],[-73.911,40.758],[-73.91,40.758],[-73.909,40.758],[-73.907,40.76],[-73.906,40.76],[-73.907,40.759],[-73.907,40.758],[-73.908,40.757]]]]},"properties":{"coundist":"26","shape_leng":"85922.6558574","shape_area":"168180994.45"}},{"type":"Feature","geometry":{"type":"MultiPolygon","coordinates":[[[[-73.81,40.6],[-73.81,40.599],[-73.811,40.599],[-73.811,40.598],[-73.812,40.598],[-73.812,40.599],[-73.813,40.599],[-73.813,40.6],[-73.814,40.6],[-73.814,40.601],[-73.815,40.601],[-73.815,40.602],[-73.815,40.603],[-73.815,40.604],[-73.814,40.604],[-73.814,40.605],[-73.813,40.604],[-73.812,40.604],[-73.811,40.603],[-73.81,40.603],[-73.81,40.602],[-73.81,40.601],[-73.81,40.6]]],[[[-73.8,40.607],[-73.799,40.607],[-73.798,40.607],[-73.798,40.606],[-73.798,40.605],[-73.798,40.606],[-73.799,40.606],[-73.799,40.605],[-73.8,40.605],[-73.799,40.605],[-73.799,40.606],[-73.799,40.605],[-73.798,40.605],[-73.799,40.605],[-73.8,40.605],[-73.799,40.605],[-73.798,40.605],[-73.798,40.606],[-73.797,40.606],[-73.796,40.606],[-73.796,40.605],[-73.797,40.605],[-73.796,40.605],[-73.797,40.605],[-73.797,40.604],[-73.797,40.605],[-73.797,40.604],[-73.798,40.604],[-73.799,40.604],[-73.8,40.604],[-73.801,40.604],[-73.802,40.604],[-73.803,40.604],[-73.803,40.605],[-73.803,40.604],[-73.803,40.605],[-73.803,40.604],[-73.804,40.604],[-73.804,40.605],[-73.803,40.605],[-73.804,40.605],[-73.804,40.606],[-73.803,40.606],[-73.802,40.606],[-73.802,40.607],[-73.801,40.607],[-73.801,40.606],[-73.8,40.606],[-73.801,40.606],[-73.801,40.607],[-73.8,40.607]]],[[[-73.797,40.609],[-73.796,40.609],[-73.796,40.608],[-73.796,40.607],[-73.796,40.608],[-73.796,40.607],[-73.795,40.607],[-73.795,40.606],[-73.796,40.605],[-73.796,40.606],[-73.797,40.606],[-73.797,40.607],[-73.798,40.607],[-73.799,40.607],[-73.8,40.607],[-73.801,40.607],[-73.802,40.607],[-73.803,40.607],[-73.803,40.606],[-73.804,40.606],[-73.804,40.607],[-73.803,40.607],[-73.803,40.608],[-73.802,40.608],[-73.801,40.608],[-73.802,40.608],[-73.801,40.608],[-73.801,40.609],[-73.8,40.609],[-73.799,40.609],[-73.798,40.609],[-73.797,40.609]]],[[[-73.767,40.614],[-73.766,40.614],[-73.765,40.614],[-73.765,40.613],[-73.765,40.612],[-73.764,40.612],[-73.763,40.612],[-73.763,40.611],[-73.762,40.611],[-73.762,40.612],[-73.761,40.611],[-73.76,40.611],[-73.761,40.61],[-73.762,40.609],[-73.761,40.609],[-73.761,40.61],[-73.76,40.611],[-73.76,40.61],[-73.759,40.61],[-73.758,40.61],[-73.757,40.61],[-73.756,40.61],[-73.755,40.61],[-73.754,40.611],[-73.75,40.612],[-73.749,40.612],[-73.748,40.612],[-73.747,40.612],[-73.746,40.612],[-73.745,40.611],[-73.745,40.61],[-73.744,40.609],[-73.743,40.608],[-73.743,40.607],[-73.741,40.605],[-73.74,40.605],[-73.739,40.604],[-73.738,40.603],[-73.738,40.602],[-73.738,40.599],[-73.738,40.598],[-73.739,40.597],[-73.74,40.597],[-73.74,40.596],[-73.74,40.597],[-73.741,40.597],[-73.742,40.597],[-73.742,40.596],[-73.741,40.596],[-73.741,40.597],[-73.741,40.596],[-73.741,40.597],[-73.74,40.597],[-73.74,40.596],[-73.741,40.596],[-73.74,40.596],[-73.74,40.597],[-73.74,40.596],[-73.74,40.597],[-73.739,40.597],[-73.74,40.597],[-73.739,40.597],[-73.738,40.597],[-73.738,40.596],[-73.738,40.595],[-73.738,40.594],[-73.739,40.594],[-73.739,40.595],[-73.739,40.594],[-73.74,40.594],[-73.74,40.595],[-73.74,40.594],[-73.74,40.595],[-73.74,40.594],[-73.74,40.595],[-73.74,40.594],[-73.74,40.595],[-73.741,40.595],[-73.741,40.594],[-73.741,40.595],[-73.742,40.595],[-73.743,40.595],[-73.744,40.595],[-73.745,40.595],[-73.745,40.594],[-73.746,40.594],[-73.747,40.594],[-73.748,40.594],[-73.748,40.593],[-73.749,40.593],[-73.75,40.593],[-73.751,40.592],[-73.752,40.591],[-73.753,40.591],[-73.754,40.591],[-73.755,40.591],[-73.756,40.591],[-73.757,40.591],[-73.758,40.591],[-73.759,40.591],[-73.759,40.592],[-73.76,40.592],[-73.761,40.592],[-73.762,40.592],[-73.763,40.592],[-73.764,40.591],[-73.765,40.591],[-73.766,40.591],[-73.767,40.591],[-73.768,40.591],[-73.769,40.591],[-73.77,40.591],[-73.771,40.591],[-73.772,40.591],[-73.772,40.59],[-73.773,40.59],[-73.774,40.59],[-73.775,40.59],[-73.776,40.59],[-73.777,40.59],[-73.778,40.59],[-73.779,40.59],[-73.78,40.59],[-73.781,40.59],[-73.781,40.589],[-73.782,40.589],[-73.783,40.589],[-73.784,40.589],[-73.785,40.589],[-73.785,40.588],[-73.786,40.588],[-73.787,40.588],[-73.788,40.588],[-73.789,40.587],[-73.789,40.588],[-73.79,40.588],[-73.79,40.587],[-73.791,40.587],[-73.792,40.587],[-73.793,40.587],[-73.794,40.587],[-73.795,40.587],[-73.796,40.587],[-73.796,40.586],[-73.797,40.586],[-73.799,40.586],[-73.8,40.586],[-73.801,40.586],[-73.8,40.587],[-73.801,40.587],[-73.801,40.588],[-73.801,40.589],[-73.802,40.589],[-73.803,40.589],[-73.804,40.589],[-73.804,40.588],[-73.805,40.588],[-73.806,40.588],[-73.807,40.588],[-73.81,40.588],[-73.811,40.588],[-73.811,40.589],[-73.811,40.59],[-73.81,40.59],[-73.811,40.59],[-73.81,40.59],[-73.81,40.592],[-73.81,40.593],[-73.809,40.593],[-73.81,40.593],[-73.81,40.594],[-73.809,40.594],[-73.809,40.593],[-73.808,40.593],[-73.807,40.593],[-73.807,40.592],[-73.806,40.592],[-73.806,40.591],[-73.806,40.592],[-73.805,40.592],[-73.805,40.591],[-73.804,40.591],[-73.804,40.592],[-73.805,40.592],[-73.806,40.592],[-73.806,40.593],[-73.807,40.593],[-73.808,40.593],[-73.808,40.594],[-73.808,40.595],[-73.807,40.595],[-73.808,40.595],[-73.807,40.595],[-73.807,40.596],[-73.806,40.596],[-73.806,40.595],[-73.805,40.595],[-73.804,40.595],[-73.804,40.594],[-73.804,40.593],[-73.803,40.593],[-73.802,40.593],[-73.802,40.594],[-73.803,40.594],[-73.802,40.594],[-73.803,40.594],[-73.802,40.594],[-73.803,40.594],[-73.803,40.595],[-73.803,40.594],[-73.803,40.595],[-73.803,40.594],[-73.803,40.595],[-73.804,40.595],[-73.803,40.595],[-73.804,40.595],[-73.803,40.595],[-73.804,40.595],[-73.804,40.596],[-73.805,40.596],[-73.805,40.597],[-73.805,40.598],[-73.804,40.598],[-73.803,40.598],[-73.803,40.599],[-73.802,40.599],[-73.801,40.599],[-73.8,40.599],[-73.799,40.599],[-73.798,40.599],[-73.797,40.599],[-73.796,40.599],[-73.795,40.599],[-73.794,40.599],[-73.794,40.6],[-73.793,40.6],[-73.792,40.6],[-73.791,40.6],[-73.791,40.601],[-73.79,40.601],[-73.79,40.602],[-73.789,40.602],[-73.789,40.603],[-73.788,40.603],[-73.787,40.603],[-73.786,40.603],[-73.787,40.603],[-73.787,40.602],[-73.788,40.602],[-73.788,40.601],[-73.788,40.6],[-73.789,40.6],[-73.79,40.6],[-73.79,40.599],[-73.791,40.598],[-73.791,40.597],[-73.791,40.596],[-73.791,40.595],[-73.79,40.595],[-73.791,40.595],[-73.791,40.596],[-73.791,40.595],[-73.79,40.595],[-73.79,40.596],[-73.79,40.595],[-73.79,40.596],[-73.79,40.595],[-73.789,40.595],[-73.789,40.596],[-73.789,40.597],[-73.789,40.598],[-73.788,40.598],[-73.788,40.599],[-73.787,40.599],[-73.787,40.6],[-73.786,40.6],[-73.786,40.601],[-73.785,40.601],[-73.785,40.602],[-73.784,40.602],[-73.784,40.603],[-73.783,40.603],[-73.783,40.604],[-73.784,40.604],[-73.784,40.605],[-73.783,40.605],[-73.783,40.606],[-73.782,40.606],[-73.782,40.607],[-73.781,40.607],[-73.781,40.608],[-73.78,40.608],[-73.78,40.609],[-73.779,40.609],[-73.779,40.61],[-73.778,40.61],[-73.777,40.61],[-73.776,40.61],[-73.775,40.61],[-73.775,40.609],[-73.774,40.609],[-73.774,40.608],[-73.775,40.608],[-73.774,40.608],[-73.774,40.607],[-73.775,40.607],[-73.775,40.608],[-73.775,40.609],[-73.776,40.609],[-73.775,40.609],[-73.775,40.608],[-73.775,40.607],[-73.775,40.606],[-73.775,40.605],[-73.775,40.604],[-73.776,40.604],[-73.776,40.603],[-73.776,40.602],[-73.777,40.602],[-73.776,40.602],[-73.777,40.602],[-73.777,40.601],[-73.778,40.601],[-73.778,40.6],[-73.779,40.6],[-73.779,40.601],[-73.78,40.601],[-73.78,40.6],[-73.781,40.6],[-73.781,40.599],[-73.782,40.599],[-73.782,40.598],[-73.781,40.598],[-73.781,40.597],[-73.78,40.597],[-73.779,40.597],[-73.779,40.598],[-73.778,40.598],[-73.778,40.599],[-73.777,40.599],[-73.777,40.6],[-73.777,40.601],[-73.776,40.601],[-73.776,40.602],[-73.775,40.602],[-73.775,40.601],[-73.775,40.6],[-73.774,40.6],[-73.774,40.599],[-73.774,40.598],[-73.773,40.598],[-73.772,40.598],[-73.771,40.598],[-73.77,40.598],[-73.769,40.598],[-73.768,40.598],[-73.769,40.598],[-73.769,40.599],[-73.77,40.599],[-73.771,40.599],[-73.771,40.6],[-73.771,40.601],[-73.771,40.602],[-73.77,40.602],[-73.77,40.603],[-73.77,40.604],[-73.77,40.605],[-73.771,40.605],[-73.77,40.605],[-73.77,40.606],[-73.77,40.607],[-73.77,40.608],[-73.769,40.608],[-73.769,40.609],[-73.769,40.61],[-73.77,40.61],[-73.771,40.61],[-73.771,40.611],[-73.772,40.611],[-73.773,40.611],[-73.773,40.61],[-73.773,40.611],[-73.774,40.611],[-73.774,40.612],[-73.774,40.613],[-73.774,40.614],[-73.773,40.614],[-73.772,40.614],[-73.771,40.614],[-73.77,40.614],[-73.769,40.614],[-73.768,40.614],[-73.767,40.614]]],[[[-73.767,40.615],[-73.768,40.615],[-73.771,40.616],[-73.769,40.621],[-73.767,40.62],[-73.767,40.615]]],[[[-73.812,40.62],[-73.813,40.62],[-73.813,40.621],[-73.813,40.62],[-73.812,40.62]]],[[[-73.812,40.625],[-73.812,40.624],[-73.812,40.623],[-73.813,40.623],[-73.813,40.622],[-73.813,40.623],[-73.813,40.624],[-73.814,40.625],[-73.814,40.626],[-73.813,40.626],[-73.812,40.626],[-73.813,40.626],[-73.813,40.627],[-73.812,40.627],[-73.812,40.626],[-73.812,40.625]]],[[[-73.799,40.625],[-73.798,40.625],[-73.798,40.624],[-73.799,40.625],[-73.8,40.625],[-73.8,40.624],[-73.799,40.624],[-73.799,40.623],[-73.8,40.621],[-73.8,40.62],[-73.801,40.62],[-73.802,40.62],[-73.802,40.621],[-73.802,40.62],[-73.802,40.619],[-73.801,40.619],[-73.801,40.618],[-73.802,40.618],[-73.802,40.617],[-73.802,40.616],[-73.803,40.616],[-73.803,40.614],[-73.804,40.616],[-73.804,40.617],[-73.805,40.617],[-73.805,40.618],[-73.805,40.619],[-73.806,40.619],[-73.806,40.62],[-73.806,40.621],[-73.806,40.622],[-73.806,40.623],[-73.805,40.624],[-73.804,40.624],[-73.804,40.625],[-73.803,40.625],[-73.802,40.625],[-73.802,40.626],[-73.8,40.626],[-73.799,40.626],[-73.799,40.627],[-73.798,40.626],[-73.799,40.625]]],[[[-73.814,40.629],[-73.815,40.627],[-73.815,40.628],[-73.816,40.629],[-73.816,40.63],[-73.815,40.63],[-73.814,40.629]]],[[[-73.823,40.639],[-73.823,40.636],[-73.823,40.635],[-73.822,40.635],[-73.822,40.634],[-73.822,40.633],[-73.822,40.632],[-73.821,40.63],[-73.821,40.629],[-73.82,40.628],[-73.818,40.627],[-73.818,40.626],[-73.817,40.625],[-73.816,40.625],[-73.816,40.624],[-73.817,40.624],[-73.818,40.624],[-73.819,40.623],[-73.817,40.622],[-73.818,40.622],[-73.817,40.622],[-73.816,40.622],[-73.815,40.621],[-73.815,40.62],[-73.816,40.62],[-73.817,40.62],[-73.817,40.619],[-73.817,40.618],[-73.818,40.618],[-73.818,40.617],[-73.817,40.616],[-73.817,40.615],[-73.817,40.614],[-73.816,40.614],[-73.815,40.614],[-73.815,40.615],[-73.814,40.615],[-73.814,40.614],[-73.815,40.614],[-73.816,40.614],[-73.815,40.614],[-73.815,40.613],[-73.816,40.613],[-73.816,40.612],[-73.816,40.611],[-73.815,40.61],[-73.815,40.611],[-73.814,40.611],[-73.815,40.61],[-73.815,40.609],[-73.815,40.608],[-73.815,40.607],[-73.816,40.607],[-73.816,40.608],[-73.816,40.609],[-73.817,40.612],[-73.817,40.613],[-73.817,40.614],[-73.82,40.615],[-73.821,40.615],[-73.822,40.615],[-73.824,40.617],[-73.824,40.618],[-73.825,40.618],[-73.825,40.619],[-73.825,40.62],[-73.826,40.621],[-73.829,40.631],[-73.829,40.633],[-73.829,40.634],[-73.83,40.634],[-73.83,40.635],[-73.83,40.636],[-73.831,40.636],[-73.832,40.638],[-73.833,40.638],[-73.833,40.639],[-73.832,40.639],[-73.829,40.637],[-73.828,40.636],[-73.827,40.636],[-73.826,40.636],[-73.825,40.636],[-73.824,40.636],[-73.824,40.639],[-73.825,40.639],[-73.824,40.64],[-73.823,40.639]]],[[[-73.73,40.684],[-73.729,40.684],[-73.728,40.684],[-73.727,40.684],[-73.727,40.683],[-73.726,40.683],[-73.726,40.682],[-73.726,40.681],[-73.726,40.68],[-73.726,40.679],[-73.726,40.678],[-73.726,40.677],[-73.727,40.676],[-73.727,40.675],[-73.727,40.674],[-73.728,40.674],[-73.728,40.672],[-73.728,40.671],[-73.728,40.67],[-73.728,40.669],[-73.728,40.668],[-73.728,40.667],[-73.728,40.666],[-73.728,40.665],[-73.728,40.664],[-73.728,40.663],[-73.728,40.662],[-73.728,40.661],[-73.727,40.66],[-73.726,40.659],[-73.726,40.658],[-73.726,40.657],[-73.725,40.656],[-73.725,40.654],[-73.725,40.652],[-73.727,40.652],[-73.73,40.65],[-73.731,40.65],[-73.732,40.65],[-73.734,40.65],[-73.735,40.65],[-73.737,40.649],[-73.739,40.648],[-73.741,40.647],[-73.741,40.646],[-73.742,40.646],[-73.742,40.645],[-73.742,40.643],[-73.742,40.642],[-73.741,40.641],[-73.742,40.64],[-73.741,40.639],[-73.74,40.637],[-73.74,40.636],[-73.74,40.635],[-73.741,40.635],[-73.742,40.635],[-73.743,40.635],[-73.742,40.635],[-73.743,40.635],[-73.742,40.635],[-73.742,40.636],[-73.743,40.635],[-73.743,40.636],[-73.742,40.636],[-73.742,40.637],[-73.741,40.637],[-73.741,40.638],[-73.741,40.637],[-73.741,40.638],[-73.742,40.638],[-73.743,40.638],[-73.744,40.638],[-73.744,40.639],[-73.743,40.639],[-73.744,40.639],[-73.744,40.638],[-73.745,40.638],[-73.745,40.637],[-73.746,40.637],[-73.746,40.636],[-73.747,40.636],[-73.747,40.637],[-73.746,40.637],[-73.746,40.638],[-73.745,40.638],[-73.746,40.638],[-73.746,40.637],[-73.747,40.637],[-73.747,40.638],[-73.746,40.639],[-73.746,40.64],[-73.746,40.641],[-73.746,40.642],[-73.747,40.642],[-73.747,40.643],[-73.748,40.643],[-73.748,40.644],[-73.749,40.644],[-73.749,40.645],[-73.75,40.645],[-73.75,40.646],[-73.751,40.646],[-73.752,40.646],[-73.752,40.647],[-73.753,40.647],[-73.754,40.647],[-73.753,40.647],[-73.754,40.647],[-73.754,40.648],[-73.755,40.648],[-73.755,40.647],[-73.754,40.647],[-73.753,40.647],[-73.754,40.647],[-73.751,40.645],[-73.75,40.645],[-73.75,40.644],[-73.749,40.644],[-73.749,40.643],[-73.748,40.643],[-73.748,40.642],[-73.747,40.641],[-73.748,40.641],[-73.748,40.64],[-73.747,40.64],[-73.748,40.64],[-73.748,40.639],[-73.748,40.638],[-73.748,40.637],[-73.748,40.636],[-73.749,40.636],[-73.748,40.636],[-73.749,40.636],[-73.749,40.635],[-73.75,40.635],[-73.751,40.635],[-73.751,40.634],[-73.752,40.634],[-73.753,40.634],[-73.753,40.633],[-73.754,40.633],[-73.755,40.633],[-73.756,40.633],[-73.756,40.632],[-73.757,40.632],[-73.758,40.632],[-73.759,40.632],[-73.759,40.631],[-73.76,40.631],[-73.761,40.631],[-73.761,40.63],[-73.762,40.63],[-73.763,40.63],[-73.764,40.63],[-73.764,40.629],[-73.765,40.629],[-73.766,40.629],[-73.766,40.628],[-73.767,40.628],[-73.767,40.627],[-73.768,40.626],[-73.768,40.625],[-73.769,40.625],[-73.769,40.624],[-73.769,40.623],[-73.769,40.622],[-73.77,40.622],[-73.77,40.621],[-73.77,40.62],[-73.771,40.62],[-73.772,40.62],[-73.772,40.621],[-73.772,40.622],[-73.771,40.622],[-73.771,40.623],[-73.772,40.623],[-73.772,40.624],[-73.772,40.623],[-73.773,40.622],[-73.773,40.621],[-73.774,40.621],[-73.774,40.62],[-73.775,40.62],[-73.775,40.619],[-73.775,40.62],[-73.774,40.62],[-73.775,40.62],[-73.774,40.62],[-73.774,40.621],[-73.773,40.621],[-73.773,40.622],[-73.773,40.623],[-73.772,40.623],[-73.772,40.624],[-73.772,40.623],[-73.772,40.624],[-73.773,40.624],[-73.773,40.625],[-73.774,40.625],[-73.773,40.625],[-73.774,40.625],[-73.774,40.626],[-73.776,40.628],[-73.779,40.627],[-73.781,40.625],[-73.784,40.621],[-73.785,40.621],[-73.785,40.62],[-73.785,40.619],[-73.785,40.618],[-73.784,40.618],[-73.785,40.618],[-73.784,40.618],[-73.784,40.617],[-73.784,40.616],[-73.783,40.616],[-73.782,40.616],[-73.782,40.615],[-73.781,40.615],[-73.781,40.614],[-73.781,40.613],[-73.782,40.613],[-73.783,40.612],[-73.784,40.612],[-73.785,40.612],[-73.785,40.611],[-73.786,40.611],[-73.787,40.611],[-73.787,40.61],[-73.788,40.61],[-73.789,40.61],[-73.789,40.609],[-73.79,40.609],[-73.79,40.608],[-73.791,40.608],[-73.792,40.608],[-73.791,40.608],[-73.791,40.609],[-73.792,40.609],[-73.793,40.609],[-73.794,40.609],[-73.794,40.61],[-73.795,40.61],[-73.795,40.611],[-73.796,40.611],[-73.797,40.611],[-73.798,40.611],[-73.799,40.611],[-73.799,40.612],[-73.8,40.612],[-73.801,40.612],[-73.8,40.612],[-73.8,40.613],[-73.799,40.613],[-73.799,40.614],[-73.8,40.614],[-73.799,40.614],[-73.799,40.615],[-73.799,40.616],[-73.799,40.615],[-73.799,40.616],[-73.798,40.616],[-73.798,40.617],[-73.797,40.617],[-73.797,40.618],[-73.796,40.618],[-73.796,40.619],[-73.796,40.62],[-73.796,40.621],[-73.795,40.621],[-73.795,40.622],[-73.794,40.622],[-73.795,40.622],[-73.795,40.623],[-73.794,40.623],[-73.793,40.623],[-73.793,40.622],[-73.792,40.622],[-73.791,40.622],[-73.791,40.623],[-73.79,40.623],[-73.789,40.623],[-73.788,40.624],[-73.786,40.626],[-73.785,40.627],[-73.784,40.628],[-73.783,40.629],[-73.784,40.63],[-73.784,40.631],[-73.785,40.632],[-73.786,40.632],[-73.787,40.632],[-73.787,40.633],[-73.788,40.633],[-73.789,40.634],[-73.79,40.634],[-73.791,40.634],[-73.794,40.633],[-73.796,40.632],[-73.798,40.631],[-73.796,40.632],[-73.794,40.633],[-73.791,40.634],[-73.791,40.635],[-73.792,40.636],[-73.793,40.636],[-73.794,40.636],[-73.794,40.637],[-73.795,40.637],[-73.796,40.637],[-73.796,40.638],[-73.797,40.638],[-73.798,40.638],[-73.799,40.638],[-73.8,40.639],[-73.802,40.64],[-73.803,40.64],[-73.805,40.641],[-73.806,40.642],[-73.807,40.642],[-73.808,40.642],[-73.809,40.643],[-73.81,40.643],[-73.811,40.644],[-73.812,40.644],[-73.813,40.645],[-73.814,40.645],[-73.815,40.645],[-73.816,40.646],[-73.817,40.646],[-73.818,40.646],[-73.819,40.647],[-73.82,40.648],[-73.821,40.648],[-73.821,40.649],[-73.822,40.649],[-73.822,40.65],[-73.822,40.651],[-73.823,40.652],[-73.823,40.653],[-73.823,40.654],[-73.823,40.655],[-73.823,40.656],[-73.823,40.658],[-73.823,40.659],[-73.822,40.659],[-73.822,40.66],[-73.82,40.661],[-73.819,40.661],[-73.818,40.661],[-73.817,40.661],[-73.818,40.661],[-73.817,40.661],[-73.816,40.661],[-73.815,40.661],[-73.815,40.66],[-73.815,40.661],[-73.815,40.66],[-73.814,40.66],[-73.813,40.66],[-73.812,40.66],[-73.811,40.66],[-73.811,40.661],[-73.812,40.661],[-73.813,40.661],[-73.814,40.661],[-73.815,40.661],[-73.816,40.662],[-73.817,40.662],[-73.818,40.662],[-73.819,40.662],[-73.82,40.662],[-73.82,40.661],[-73.821,40.661],[-73.822,40.661],[-73.823,40.66],[-73.824,40.659],[-73.824,40.658],[-73.824,40.657],[-73.825,40.656],[-73.825,40.655],[-73.825,40.654],[-73.824,40.654],[-73.824,40.653],[-73.824,40.652],[-73.824,40.651],[-73.823,40.651],[-73.823,40.65],[-73.823,40.649],[-73.823,40.648],[-73.824,40.648],[-73.824,40.649],[-73.825,40.649],[-73.825,40.65],[-73.825,40.649],[-73.825,40.65],[-73.826,40.65],[-73.826,40.649],[-73.826,40.648],[-73.827,40.65],[-73.827,40.651],[-73.827,40.652],[-73.828,40.653],[-73.828,40.654],[-73.828,40.655],[-73.828,40.656],[-73.829,40.657],[-73.829,40.659],[-73.83,40.66],[-73.831,40.662],[-73.832,40.664],[-73.832,40.665],[-73.833,40.665],[-73.832,40.665],[-73.831,40.665],[-73.83,40.665],[-73.829,40.665],[-73.828,40.665],[-73.827,40.664],[-73.826,40.664],[-73.825,40.664],[-73.823,40.664],[-73.821,40.664],[-73.819,40.663],[-73.818,40.663],[-73.817,40.663],[-73.815,40.663],[-73.814,40.663],[-73.813,40.663],[-73.812,40.663],[-73.811,40.663],[-73.81,40.664],[-73.809,40.664],[-73.808,40.664],[-73.808,40.665],[-73.807,40.665],[-73.806,40.665],[-73.806,40.666],[-73.805,40.666],[-73.803,40.666],[-73.802,40.666],[-73.801,40.666],[-73.8,40.666],[-73.799,40.666],[-73.798,40.666],[-73.797,40.666],[-73.796,40.666],[-73.795,40.666],[-73.794,40.666],[-73.793,40.666],[-73.792,40.666],[-73.79,40.666],[-73.789,40.666],[-73.788,40.666],[-73.787,40.666],[-73.786,40.667],[-73.785,40.667],[-73.784,40.667],[-73.782,40.667],[-73.78,40.667],[-73.779,40.667],[-73.778,40.667],[-73.777,40.667],[-73.776,40.667],[-73.775,40.667],[-73.774,40.667],[-73.773,40.667],[-73.772,40.667],[-73.771,40.667],[-73.77,40.667],[-73.768,40.667],[-73.767,40.667],[-73.767,40.668],[-73.766,40.669],[-73.766,40.67],[-73.765,40.67],[-73.765,40.671],[-73.764,40.672],[-73.764,40.673],[-73.764,40.674],[-73.763,40.674],[-73.76,40.672],[-73.759,40.673],[-73.758,40.673],[-73.759,40.673],[-73.758,40.673],[-73.757,40.673],[-73.757,40.676],[-73.756,40.676],[-73.756,40.677],[-73.757,40.678],[-73.758,40.679],[-73.757,40.679],[-73.756,40.68],[-73.755,40.68],[-73.754,40.68],[-73.753,40.68],[-73.753,40.681],[-73.752,40.681],[-73.752,40.682],[-73.751,40.683],[-73.751,40.684],[-73.751,40.685],[-73.75,40.686],[-73.749,40.687],[-73.749,40.688],[-73.748,40.689],[-73.747,40.69],[-73.746,40.689],[-73.745,40.689],[-73.744,40.689],[-73.742,40.688],[-73.741,40.688],[-73.74,40.688],[-73.739,40.687],[-73.738,40.687],[-73.737,40.687],[-73.737,40.686],[-73.736,40.686],[-73.735,40.686],[-73.734,40.686],[-73.734,40.685],[-73.733,40.685],[-73.732,40.685],[-73.731,40.685],[-73.73,40.684]]]]},"properties":{"coundist":"31","shape_leng":"367887.446424","shape_area":"507654004.762"}},{"type":"Feature","geometry":{"type":"MultiPolygon","coordinates":[[[[-73.726,40.683],[-73.727,40.683],[-73.727,40.684],[-73.728,40.684],[-73.729,40.684],[-73.73,40.684],[-73.731,40.685],[-73.732,40.685],[-73.733,40.685],[-73.734,40.685],[-73.734,40.686],[-73.735,40.686],[-73.736,40.686],[-73.737,40.686],[-73.737,40.687],[-73.738,40.687],[-73.739,40.687],[-73.74,40.688],[-73.741,40.688],[-73.742,40.688],[-73.744,40.689],[-73.745,40.689],[-73.746,40.689],[-73.747,40.69],[-73.748,40.689],[-73.749,40.688],[-73.749,40.687],[-73.75,40.686],[-73.751,40.685],[-73.751,40.684],[-73.751,40.683],[-73.752,40.682],[-73.752,40.681],[-73.753,40.681],[-73.753,40.68],[-73.754,40.68],[-73.755,40.68],[-73.756,40.68],[-73.757,40.679],[-73.758,40.679],[-73.757,40.678],[-73.756,40.677],[-73.756,40.676],[-73.757,40.676],[-73.757,40.673],[-73.758,40.673],[-73.759,40.673],[-73.758,40.673],[-73.759,40.673],[-73.76,40.672],[-73.763,40.674],[-73.764,40.674],[-73.766,40.675],[-73.768,40.677],[-73.769,40.677],[-73.77,40.678],[-73.771,40.678],[-73.772,40.679],[-73.773,40.68],[-73.775,40.681],[-73.774,40.681],[-73.773,40.681],[-73.772,40.681],[-73.772,40.682],[-73.771,40.682],[-73.77,40.683],[-73.77,40.684],[-73.772,40.685],[-73.773,40.686],[-73.774,40.686],[-73.775,40.687],[-73.776,40.688],[-73.777,40.688],[-73.777,40.689],[-73.778,40.69],[-73.779,40.69],[-73.78,40.689],[-73.781,40.691],[-73.782,40.692],[-73.783,40.694],[-73.784,40.694],[-73.784,40.693],[-73.785,40.693],[-73.786,40.693],[-73.787,40.691],[-73.788,40.692],[-73.789,40.693],[-73.79,40.695],[-73.791,40.697],[-73.792,40.698],[-73.794,40.7],[-73.795,40.701],[-73.796,40.701],[-73.797,40.701],[-73.797,40.7],[-73.798,40.7],[-73.799,40.7],[-73.799,40.699],[-73.8,40.699],[-73.801,40.698],[-73.802,40.698],[-73.804,40.697],[-73.804,40.696],[-73.805,40.696],[-73.806,40.695],[-73.807,40.694],[-73.808,40.694],[-73.808,40.693],[-73.809,40.693],[-73.809,40.692],[-73.81,40.692],[-73.811,40.692],[-73.811,40.693],[-73.811,40.694],[-73.812,40.694],[-73.812,40.695],[-73.813,40.696],[-73.813,40.697],[-73.814,40.697],[-73.814,40.698],[-73.814,40.699],[-73.813,40.699],[-73.812,40.699],[-73.811,40.699],[-73.811,40.7],[-73.81,40.7],[-73.809,40.7],[-73.809,40.701],[-73.809,40.702],[-73.81,40.704],[-73.81,40.705],[-73.811,40.706],[-73.81,40.706],[-73.809,40.706],[-73.808,40.706],[-73.807,40.707],[-73.805,40.707],[-73.803,40.708],[-73.802,40.707],[-73.802,40.706],[-73.8,40.706],[-73.799,40.707],[-73.798,40.707],[-73.797,40.707],[-73.796,40.708],[-73.795,40.708],[-73.794,40.709],[-73.795,40.71],[-73.794,40.71],[-73.793,40.711],[-73.792,40.711],[-73.791,40.711],[-73.79,40.712],[-73.789,40.712],[-73.788,40.712],[-73.787,40.712],[-73.786,40.712],[-73.785,40.712],[-73.785,40.711],[-73.784,40.71],[-73.783,40.708],[-73.782,40.708],[-73.781,40.708],[-73.78,40.709],[-73.779,40.709],[-73.778,40.709],[-73.777,40.709],[-73.776,40.709],[-73.775,40.709],[-73.774,40.71],[-73.773,40.71],[-73.772,40.71],[-73.771,40.71],[-73.771,40.711],[-73.77,40.711],[-73.77,40.712],[-73.769,40.712],[-73.768,40.713],[-73.767,40.713],[-73.766,40.713],[-73.765,40.713],[-73.764,40.713],[-73.763,40.713],[-73.761,40.713],[-73.76,40.714],[-73.759,40.714],[-73.758,40.714],[-73.757,40.714],[-73.756,40.714],[-73.755,40.714],[-73.754,40.714],[-73.753,40.714],[-73.752,40.714],[-73.751,40.715],[-73.75,40.715],[-73.749,40.715],[-73.748,40.715],[-73.747,40.716],[-73.746,40.716],[-73.745,40.716],[-73.744,40.716],[-73.743,40.717],[-73.742,40.717],[-73.741,40.717],[-73.74,40.717],[-73.739,40.718],[-73.738,40.718],[-73.737,40.718],[-73.736,40.718],[-73.735,40.718],[-73.734,40.719],[-73.733,40.72],[-73.732,40.72],[-73.731,40.72],[-73.73,40.721],[-73.729,40.719],[-73.729,40.718],[-73.729,40.717],[-73.728,40.717],[-73.727,40.712],[-73.727,40.711],[-73.727,40.71],[-73.727,40.709],[-73.727,40.708],[-73.727,40.706],[-73.727,40.704],[-73.727,40.703],[-73.727,40.702],[-73.727,40.701],[-73.727,40.699],[-73.727,40.698],[-73.727,40.697],[-73.726,40.691],[-73.726,40.69],[-73.726,40.689],[-73.726,40.688],[-73.726,40.687],[-73.726,40.686],[-73.726,40.685],[-73.726,40.684],[-73.726,40.683]]]]},"properties":{"coundist":"27","shape_leng":"86551.9712181","shape_area":"210812077.831"}},{"type":"Feature","geometry":{"type":"MultiPolygon","coordinates":[[[[-73.764,40.674],[-73.764,40.673],[-73.764,40.672],[-73.765,40.671],[-73.765,40.67],[-73.766,40.67],[-73.766,40.669],[-73.767,40.668],[-73.767,40.667],[-73.768,40.667],[-73.77,40.667],[-73.771,40.667],[-73.772,40.667],[-73.773,40.667],[-73.774,40.667],[-73.775,40.667],[-73.776,40.667],[-73.777,40.667],[-73.778,40.667],[-73.779,40.667],[-73.78,40.667],[-73.782,40.667],[-73.784,40.667],[-73.785,40.667],[-73.786,40.667],[-73.787,40.666],[-73.788,40.666],[-73.789,40.666],[-73.79,40.666],[-73.792,40.666],[-73.793,40.666],[-73.794,40.666],[-73.795,40.666],[-73.796,40.666],[-73.797,40.666],[-73.798,40.666],[-73.799,40.666],[-73.8,40.666],[-73.801,40.666],[-73.802,40.666],[-73.803,40.666],[-73.805,40.666],[-73.806,40.666],[-73.806,40.665],[-73.807,40.665],[-73.808,40.665],[-73.808,40.664],[-73.809,40.664],[-73.81,40.664],[-73.811,40.663],[-73.812,40.663],[-73.813,40.663],[-73.814,40.663],[-73.815,40.663],[-73.817,40.663],[-73.818,40.663],[-73.819,40.663],[-73.821,40.664],[-73.823,40.664],[-73.825,40.664],[-73.826,40.664],[-73.827,40.664],[-73.828,40.665],[-73.829,40.665],[-73.83,40.665],[-73.831,40.665],[-73.832,40.665],[-73.833,40.665],[-73.833,40.666],[-73.833,40.667],[-73.835,40.671],[-73.836,40.672],[-73.836,40.673],[-73.837,40.674],[-73.837,40.675],[-73.838,40.675],[-73.838,40.676],[-73.838,40.677],[-73.84,40.68],[-73.84,40.681],[-73.839,40.681],[-73.838,40.682],[-73.837,40.682],[-73.836,40.682],[-73.835,40.683],[-73.834,40.683],[-73.834,40.684],[-73.833,40.684],[-73.832,40.684],[-73.831,40.685],[-73.83,40.685],[-73.829,40.685],[-73.829,40.686],[-73.828,40.686],[-73.827,40.686],[-73.826,40.686],[-73.825,40.686],[-73.824,40.686],[-73.823,40.687],[-73.822,40.687],[-73.821,40.687],[-73.821,40.688],[-73.82,40.688],[-73.819,40.688],[-73.818,40.689],[-73.817,40.689],[-73.816,40.689],[-73.816,40.69],[-73.815,40.69],[-73.814,40.691],[-73.813,40.691],[-73.814,40.691],[-73.813,40.691],[-73.812,40.692],[-73.811,40.692],[-73.81,40.692],[-73.809,40.692],[-73.809,40.693],[-73.808,40.693],[-73.808,40.694],[-73.807,40.694],[-73.806,40.695],[-73.805,40.696],[-73.804,40.696],[-73.804,40.697],[-73.802,40.698],[-73.801,40.698],[-73.8,40.699],[-73.799,40.699],[-73.799,40.7],[-73.798,40.7],[-73.797,40.7],[-73.797,40.701],[-73.796,40.701],[-73.795,40.701],[-73.794,40.7],[-73.792,40.698],[-73.791,40.697],[-73.79,40.695],[-73.789,40.693],[-73.788,40.692],[-73.787,40.691],[-73.786,40.693],[-73.785,40.693],[-73.784,40.693],[-73.784,40.694],[-73.783,40.694],[-73.782,40.692],[-73.781,40.691],[-73.78,40.689],[-73.779,40.69],[-73.778,40.69],[-73.777,40.689],[-73.777,40.688],[-73.776,40.688],[-73.775,40.687],[-73.774,40.686],[-73.773,40.686],[-73.772,40.685],[-73.77,40.684],[-73.77,40.683],[-73.771,40.682],[-73.772,40.682],[-73.772,40.681],[-73.773,40.681],[-73.774,40.681],[-73.775,40.681],[-73.773,40.68],[-73.772,40.679],[-73.771,40.678],[-73.77,40.678],[-73.769,40.677],[-73.768,40.677],[-73.766,40.675],[-73.764,40.674]]]]},"properties":{"coundist":"28","shape_leng":"59851.260356","shape_area":"175135463.164"}},{"type":"Feature","geometry":{"type":"MultiPolygon","coordinates":[[[[-73.888,40.871],[-73.887,40.87],[-73.886,40.87],[-73.885,40.87],[-73.885,40.869],[-73.885,40.868],[-73.884,40.868],[-73.884,40.867],[-73.883,40.867],[-73.881,40.868],[-73.88,40.868],[-73.879,40.868],[-73.879,40.869],[-73.878,40.869],[-73.877,40.869],[-73.876,40.869],[-73.876,40.868],[-73.875,40.867],[-73.874,40.867],[-73.873,40.867],[-73.873,40.866],[-73.872,40.866],[-73.871,40.866],[-73.871,40.865],[-73.87,40.865],[-73.869,40.865],[-73.868,40.865],[-73.867,40.865],[-73.867,40.863],[-73.868,40.861],[-73.868,40.86],[-73.868,40.859],[-73.868,40.858],[-73.869,40.857],[-73.87,40.856],[-73.87,40.855],[-73.869,40.854],[-73.869,40.852],[-73.868,40.852],[-73.868,40.851],[-73.869,40.849],[-73.87,40.849],[-73.87,40.848],[-73.869,40.848],[-73.869,40.847],[-73.87,40.847],[-73.87,40.846],[-73.871,40.846],[-73.871,40.845],[-73.872,40.845],[-73.872,40.844],[-73.872,40.843],[-73.872,40.842],[-73.872,40.841],[-73.873,40.841],[-73.873,40.84],[-73.873,40.839],[-73.873,40.838],[-73.874,40.838],[-73.874,40.837],[-73.875,40.837],[-73.877,40.837],[-73.878,40.837],[-73.879,40.837],[-73.88,40.837],[-73.881,40.837],[-73.881,40.838],[-73.882,40.838],[-73.883,40.839],[-73.884,40.839],[-73.885,40.84],[-73.886,40.84],[-73.886,40.839],[-73.885,40.839],[-73.886,40.838],[-73.887,40.838],[-73.888,40.837],[-73.89,40.836],[-73.891,40.836],[-73.892,40.836],[-73.893,40.836],[-73.894,40.836],[-73.894,40.835],[-73.894,40.834],[-73.895,40.834],[-73.896,40.834],[-73.897,40.833],[-73.898,40.834],[-73.899,40.834],[-73.9,40.834],[-73.901,40.834],[-73.902,40.835],[-73.901,40.835],[-73.901,40.836],[-73.901,40.837],[-73.9,40.837],[-73.9,40.838],[-73.901,40.838],[-73.902,40.839],[-73.903,40.839],[-73.904,40.839],[-73.904,40.84],[-73.905,40.84],[-73.906,40.84],[-73.905,40.84],[-73.905,40.841],[-73.905,40.842],[-73.905,40.843],[-73.906,40.843],[-73.907,40.843],[-73.908,40.843],[-73.909,40.843],[-73.91,40.843],[-73.911,40.843],[-73.912,40.843],[-73.912,40.844],[-73.911,40.845],[-73.91,40.845],[-73.909,40.845],[-73.907,40.845],[-73.906,40.845],[-73.905,40.845],[-73.904,40.845],[-73.904,40.846],[-73.904,40.847],[-73.905,40.847],[-73.906,40.847],[-73.906,40.848],[-73.906,40.849],[-73.906,40.85],[-73.905,40.85],[-73.905,40.851],[-73.904,40.851],[-73.904,40.852],[-73.903,40.853],[-73.902,40.854],[-73.902,40.855],[-73.901,40.855],[-73.901,40.856],[-73.9,40.856],[-73.9,40.857],[-73.9,40.858],[-73.899,40.858],[-73.899,40.859],[-73.899,40.86],[-73.898,40.86],[-73.898,40.861],[-73.897,40.862],[-73.896,40.864],[-73.895,40.865],[-73.894,40.866],[-73.894,40.867],[-73.893,40.868],[-73.892,40.869],[-73.892,40.87],[-73.891,40.87],[-73.89,40.87],[-73.89,40.871],[-73.889,40.871],[-73.888,40.871]]]]},"properties":{"coundist":"15","shape_leng":"50041.051399","shape_area":"102496347.072"}},{"type":"Feature","geometry":{"type":"MultiPolygon","coordinates":[[[[-73.897,40.796],[-73.898,40.796],[-73.899,40.796],[-73.899,40.797],[-73.898,40.797],[-73.897,40.797],[-73.897,40.796]]],[[[-73.908,40.8],[-73.908,40.799],[-73.908,40.8]]],[[[-73.908,40.799],[-73.908,40.8],[-73.908,40.799]]],[[[-73.906,40.801],[-73.907,40.801],[-73.906,40.801]]],[[[-73.898,40.802],[-73.897,40.801],[-73.898,40.8],[-73.899,40.799],[-73.9,40.799],[-73.9,40.8],[-73.9,40.801],[-73.899,40.802],[-73.898,40.802]]],[[[-73.904,40.803]]],[[[-73.904,40.804]]],[[[-73.904,40.804]]],[[[-73.903,40.804]]],[[[-73.903,40.804]]],[[[-73.903,40.804]]],[[[-73.867,40.839],[-73.866,40.838],[-73.866,40.835],[-73.867,40.835],[-73.868,40.835],[-73.869,40.836],[-73.87,40.836],[-73.871,40.836],[-73.872,40.836],[-73.873,40.836],[-73.874,40.836],[-73.874,40.835],[-73.874,40.834],[-73.874,40.833],[-73.874,40.832],[-73.873,40.831],[-73.873,40.83],[-73.874,40.83],[-73.875,40.83],[-73.876,40.829],[-73.877,40.829],[-73.878,40.829],[-73.879,40.829],[-73.879,40.826],[-73.878,40.824],[-73.879,40.824],[-73.88,40.824],[-73.882,40.823],[-73.883,40.823],[-73.884,40.823],[-73.884,40.822],[-73.883,40.82],[-73.882,40.819],[-73.881,40.818],[-73.878,40.816],[-73.877,40.816],[-73.877,40.815],[-73.875,40.815],[-73.874,40.815],[-73.873,40.814],[-73.872,40.814],[-73.872,40.813],[-73.871,40.812],[-73.871,40.811],[-73.868,40.807],[-73.868,40.806],[-73.87,40.804],[-73.871,40.803],[-73.871,40.802],[-73.872,40.802],[-73.872,40.801],[-73.873,40.801],[-73.874,40.801],[-73.875,40.801],[-73.876,40.801],[-73.878,40.801],[-73.878,40.802],[-73.878,40.803],[-73.879,40.803],[-73.88,40.803],[-73.881,40.803],[-73.882,40.803],[-73.882,40.802],[-73.883,40.802],[-73.884,40.802],[-73.885,40.802],[-73.886,40.803],[-73.887,40.803],[-73.887,40.804],[-73.888,40.804],[-73.888,40.805],[-73.889,40.805],[-73.889,40.806],[-73.89,40.805],[-73.889,40.806],[-73.89,40.806],[-73.891,40.806],[-73.892,40.806],[-73.893,40.806],[-73.892,40.806],[-73.892,40.805],[-73.891,40.805],[-73.892,40.805],[-73.892,40.806],[-73.893,40.806],[-73.894,40.806],[-73.895,40.806],[-73.895,40.807],[-73.895,40.806],[-73.896,40.807],[-73.896,40.806],[-73.897,40.806],[-73.898,40.806],[-73.898,40.805],[-73.9,40.805],[-73.901,40.805],[-73.902,40.805],[-73.903,40.809],[-73.903,40.81],[-73.903,40.811],[-73.903,40.812],[-73.904,40.812],[-73.904,40.813],[-73.904,40.814],[-73.903,40.815],[-73.903,40.816],[-73.903,40.817],[-73.904,40.818],[-73.905,40.818],[-73.906,40.818],[-73.907,40.818],[-73.908,40.819],[-73.909,40.819],[-73.909,40.817],[-73.91,40.816],[-73.911,40.814],[-73.912,40.814],[-73.913,40.814],[-73.915,40.814],[-73.916,40.814],[-73.916,40.815],[-73.917,40.815],[-73.918,40.815],[-73.918,40.816],[-73.919,40.816],[-73.92,40.816],[-73.921,40.816],[-73.923,40.817],[-73.924,40.816],[-73.924,40.815],[-73.925,40.816],[-73.926,40.816],[-73.927,40.816],[-73.928,40.816],[-73.928,40.817],[-73.929,40.817],[-73.93,40.817],[-73.93,40.818],[-73.929,40.819],[-73.928,40.819],[-73.927,40.819],[-73.927,40.82],[-73.926,40.821],[-73.926,40.82],[-73.925,40.82],[-73.924,40.82],[-73.923,40.82],[-73.923,40.821],[-73.922,40.821],[-73.921,40.822],[-73.92,40.822],[-73.919,40.823],[-73.918,40.823],[-73.918,40.824],[-73.917,40.824],[-73.916,40.825],[-73.915,40.825],[-73.914,40.826],[-73.913,40.825],[-73.912,40.825],[-73.911,40.825],[-73.91,40.825],[-73.909,40.824],[-73.909,40.825],[-73.908,40.825],[-73.908,40.826],[-73.908,40.827],[-73.907,40.827],[-73.907,40.828],[-73.907,40.83],[-73.906,40.829],[-73.904,40.831],[-73.903,40.832],[-73.902,40.832],[-73.901,40.832],[-73.901,40.833],[-73.901,40.834],[-73.9,40.834],[-73.899,40.834],[-73.898,40.834],[-73.897,40.833],[-73.896,40.834],[-73.895,40.834],[-73.894,40.834],[-73.894,40.835],[-73.894,40.836],[-73.893,40.836],[-73.892,40.836],[-73.891,40.836],[-73.89,40.836],[-73.888,40.837],[-73.887,40.838],[-73.886,40.838],[-73.885,40.839],[-73.886,40.839],[-73.886,40.84],[-73.885,40.84],[-73.884,40.839],[-73.883,40.839],[-73.882,40.838],[-73.881,40.838],[-73.881,40.837],[-73.88,40.837],[-73.879,40.837],[-73.878,40.837],[-73.877,40.837],[-73.875,40.837],[-73.874,40.837],[-73.874,40.838],[-73.873,40.838],[-73.872,40.838],[-73.871,40.839],[-73.87,40.839],[-73.869,40.84],[-73.868,40.84],[-73.867,40.84],[-73.867,40.839]]]]},"properties":{"coundist":"17","shape_leng":"85548.5142129","shape_area":"115114099.45"}},{"type":"Feature","geometry":{"type":"MultiPolygon","coordinates":[[[[-74.011,40.684],[-74.012,40.684],[-74.01,40.685],[-74.009,40.686],[-74.008,40.686],[-74.009,40.686],[-74.01,40.685],[-74.011,40.684]]],[[[-74.005,40.688],[-74.006,40.687],[-74.008,40.687],[-74.007,40.688],[-74.005,40.688]]],[[[-74.004,40.689],[-74.005,40.688],[-74.007,40.689],[-74.006,40.69],[-74.004,40.689]]],[[[-74.003,40.69],[-74.006,40.69],[-74.005,40.691],[-74.003,40.69]]],[[[-74.044,40.69],[-74.043,40.69],[-74.043,40.689],[-74.044,40.689],[-74.044,40.688],[-74.045,40.689],[-74.046,40.689],[-74.047,40.69],[-74.048,40.69],[-74.047,40.69],[-74.047,40.691],[-74.046,40.691],[-74.045,40.691],[-74.044,40.69]]],[[[-74.002,40.692]]],[[[-74.001,40.691],[-74.005,40.692],[-74.004,40.693],[-74.002,40.692],[-74.001,40.691]]],[[[-74.017,40.693],[-74.015,40.693],[-74.014,40.693],[-74.013,40.692],[-74.012,40.693],[-74.012,40.692],[-74.013,40.692],[-74.013,40.691],[-74.012,40.691],[-74.013,40.691],[-74.012,40.691],[-74.012,40.689],[-74.013,40.689],[-74.013,40.688],[-74.015,40.687],[-74.016,40.687],[-74.017,40.687],[-74.017,40.686],[-74.015,40.687],[-74.015,40.686],[-74.017,40.686],[-74.017,40.687],[-74.02,40.685],[-74.019,40.685],[-74.021,40.684],[-74.02,40.685],[-74.021,40.685],[-74.022,40.685],[-74.022,40.684],[-74.023,40.684],[-74.022,40.684],[-74.023,40.683],[-74.022,40.684],[-74.023,40.684],[-74.024,40.684],[-74.025,40.684],[-74.026,40.684],[-74.026,40.685],[-74.027,40.685],[-74.027,40.686],[-74.026,40.686],[-74.026,40.687],[-74.025,40.687],[-74.025,40.688],[-74.024,40.688],[-74.024,40.689],[-74.023,40.689],[-74.023,40.69],[-74.022,40.69],[-74.022,40.691],[-74.021,40.691],[-74.021,40.692],[-74.02,40.692],[-74.02,40.693],[-74.019,40.693],[-74.018,40.693],[-74.017,40.693]]],[[[-74.001,40.693],[-74.002,40.692],[-74.004,40.693],[-74.004,40.694],[-74.001,40.693]]],[[[-74.001,40.694],[-74.003,40.695],[-74.002,40.696],[-74.0,40.695],[-74.001,40.694]]],[[[-73.998,40.698],[-73.999,40.697],[-74.001,40.698],[-74.001,40.699],[-73.998,40.698]]],[[[-74.04,40.7],[-74.039,40.7],[-74.039,40.699],[-74.038,40.699],[-74.039,40.699],[-74.04,40.699],[-74.04,40.7],[-74.041,40.7],[-74.04,40.7]]],[[[-73.998,40.699],[-74.0,40.7],[-73.999,40.7],[-73.998,40.7],[-73.998,40.699]]],[[[-73.996,40.701],[-73.997,40.701],[-73.998,40.701],[-73.998,40.702],[-73.996,40.703],[-73.995,40.703],[-73.996,40.702],[-73.996,40.701]]],[[[-73.995,40.703],[-73.995,40.704],[-73.995,40.703]]],[[[-73.995,40.704]]],[[[-73.982,40.706],[-73.983,40.706],[-73.982,40.706],[-73.981,40.706],[-73.982,40.706]]],[[[-73.998,40.726],[-73.997,40.725],[-73.996,40.725],[-73.995,40.725],[-73.994,40.725],[-73.993,40.724],[-73.992,40.724],[-73.991,40.724],[-73.99,40.723],[-73.989,40.723],[-73.988,40.723],[-73.987,40.722],[-73.986,40.722],[-73.986,40.721],[-73.985,40.721],[-73.984,40.72],[-73.983,40.72],[-73.983,40.719],[-73.984,40.717],[-73.983,40.717],[-73.982,40.717],[-73.981,40.717],[-73.981,40.716],[-73.98,40.716],[-73.979,40.716],[-73.978,40.716],[-73.978,40.715],[-73.977,40.715],[-73.976,40.715],[-73.975,40.715],[-73.975,40.714],[-73.976,40.713],[-73.976,40.712],[-73.977,40.712],[-73.977,40.711],[-73.978,40.711],[-73.979,40.711],[-73.979,40.71],[-73.98,40.71],[-73.981,40.71],[-73.983,40.71],[-73.984,40.71],[-73.984,40.709],[-73.986,40.709],[-73.988,40.709],[-73.989,40.709],[-73.989,40.71],[-73.99,40.71],[-73.991,40.71],[-73.992,40.71],[-73.992,40.709],[-73.993,40.709],[-73.994,40.709],[-73.995,40.709],[-73.996,40.709],[-73.997,40.709],[-73.998,40.709],[-73.998,40.708],[-73.999,40.708],[-74.0,40.708],[-74.0,40.707],[-74.001,40.707],[-74.001,40.706],[-74.001,40.705],[-74.002,40.705],[-74.003,40.706],[-74.003,40.705],[-74.002,40.705],[-74.003,40.706],[-74.004,40.706],[-74.004,40.705],[-74.003,40.704],[-74.004,40.705],[-74.005,40.705],[-74.005,40.704],[-74.006,40.704],[-74.007,40.704],[-74.006,40.703],[-74.005,40.703],[-74.005,40.702],[-74.006,40.703],[-74.005,40.703],[-74.006,40.703],[-74.007,40.703],[-74.007,40.704],[-74.007,40.703],[-74.008,40.703],[-74.008,40.702],[-74.009,40.702],[-74.009,40.701],[-74.008,40.702],[-74.008,40.701],[-74.009,40.701],[-74.01,40.702],[-74.011,40.702],[-74.011,40.701],[-74.011,40.7],[-74.011,40.701],[-74.012,40.701],[-74.012,40.7],[-74.012,40.701],[-74.012,40.7],[-74.012,40.701],[-74.013,40.701],[-74.013,40.7],[-74.014,40.7],[-74.013,40.7],[-74.014,40.7],[-74.013,40.7],[-74.014,40.7],[-74.013,40.7],[-74.014,40.7],[-74.014,40.701],[-74.013,40.701],[-74.014,40.701],[-74.014,40.7],[-74.014,40.701],[-74.014,40.7],[-74.015,40.7],[-74.014,40.7],[-74.014,40.701],[-74.015,40.701],[-74.015,40.7],[-74.015,40.701],[-74.016,40.701],[-74.016,40.702],[-74.017,40.702],[-74.017,40.703],[-74.018,40.703],[-74.018,40.704],[-74.018,40.703],[-74.018,40.704],[-74.019,40.704],[-74.017,40.705],[-74.018,40.705],[-74.019,40.705],[-74.019,40.706],[-74.019,40.707],[-74.018,40.707],[-74.018,40.708],[-74.019,40.708],[-74.019,40.709],[-74.019,40.71],[-74.018,40.71],[-74.018,40.711],[-74.018,40.712],[-74.018,40.713],[-74.018,40.712],[-74.017,40.712],[-74.016,40.712],[-74.017,40.712],[-74.017,40.713],[-74.016,40.713],[-74.017,40.714],[-74.018,40.714],[-74.018,40.713],[-74.018,40.714],[-74.017,40.714],[-74.017,40.715],[-74.017,40.716],[-74.017,40.717],[-74.017,40.718],[-74.017,40.719],[-74.016,40.719],[-74.016,40.718],[-74.015,40.718],[-74.013,40.718],[-74.013,40.719],[-74.013,40.72],[-74.014,40.72],[-74.016,40.72],[-74.016,40.721],[-74.014,40.721],[-74.013,40.72],[-74.013,40.721],[-74.016,40.721],[-74.013,40.721],[-74.014,40.721],[-74.014,40.722],[-74.013,40.721],[-74.013,40.722],[-74.013,40.721],[-74.013,40.722],[-74.012,40.722],[-74.012,40.723],[-74.012,40.724],[-74.012,40.725],[-74.012,40.726],[-74.014,40.726],[-74.015,40.726],[-74.015,40.727],[-74.012,40.726],[-74.011,40.726],[-74.01,40.726],[-74.009,40.726],[-74.008,40.726],[-74.007,40.726],[-74.006,40.726],[-74.005,40.726],[-74.004,40.725],[-74.004,40.726],[-74.003,40.727],[-74.003,40.728],[-74.002,40.728],[-74.001,40.728],[-74.001,40.727],[-74.0,40.727],[-73.999,40.727],[-73.998,40.726]]]]},"properties":{"coundist":"1","shape_leng":"106727.603404","shape_area":"78109814.286"}},{"type":"Feature","geometry":{"type":"MultiPolygon","coordinates":[[[[-73.932,40.728],[-73.933,40.728],[-73.934,40.727],[-73.935,40.726],[-73.937,40.725],[-73.937,40.724],[-73.936,40.724],[-73.937,40.724],[-73.938,40.724],[-73.939,40.724],[-73.939,40.723],[-73.94,40.723],[-73.941,40.722],[-73.942,40.722],[-73.942,40.721],[-73.943,40.721],[-73.944,40.721],[-73.944,40.72],[-73.945,40.72],[-73.945,40.719],[-73.946,40.719],[-73.947,40.719],[-73.948,40.718],[-73.95,40.718],[-73.95,40.717],[-73.95,40.716],[-73.951,40.715],[-73.952,40.715],[-73.953,40.714],[-73.954,40.714],[-73.953,40.714],[-73.953,40.715],[-73.954,40.715],[-73.955,40.716],[-73.956,40.717],[-73.958,40.718],[-73.959,40.719],[-73.96,40.719],[-73.961,40.719],[-73.962,40.718],[-73.963,40.717],[-73.964,40.716],[-73.965,40.716],[-73.965,40.715],[-73.965,40.714],[-73.966,40.714],[-73.966,40.713],[-73.966,40.712],[-73.966,40.711],[-73.967,40.711],[-73.967,40.71],[-73.967,40.709],[-73.967,40.708],[-73.967,40.707],[-73.967,40.706],[-73.967,40.705],[-73.966,40.705],[-73.966,40.704],[-73.965,40.704],[-73.965,40.703],[-73.964,40.703],[-73.964,40.704],[-73.963,40.704],[-73.962,40.705],[-73.96,40.706],[-73.959,40.707],[-73.958,40.707],[-73.957,40.707],[-73.956,40.707],[-73.955,40.707],[-73.954,40.707],[-73.953,40.707],[-73.952,40.706],[-73.951,40.706],[-73.95,40.706],[-73.95,40.705],[-73.949,40.705],[-73.948,40.705],[-73.948,40.704],[-73.947,40.704],[-73.946,40.703],[-73.945,40.703],[-73.945,40.702],[-73.944,40.702],[-73.943,40.702],[-73.943,40.701],[-73.942,40.701],[-73.944,40.7],[-73.945,40.7],[-73.946,40.7],[-73.947,40.7],[-73.948,40.7],[-73.95,40.7],[-73.951,40.7],[-73.952,40.7],[-73.953,40.7],[-73.953,40.699],[-73.953,40.698],[-73.953,40.697],[-73.953,40.696],[-73.953,40.695],[-73.952,40.694],[-73.952,40.693],[-73.952,40.692],[-73.952,40.691],[-73.954,40.691],[-73.955,40.691],[-73.956,40.691],[-73.957,40.691],[-73.958,40.691],[-73.959,40.691],[-73.959,40.69],[-73.96,40.69],[-73.961,40.692],[-73.961,40.694],[-73.962,40.696],[-73.963,40.696],[-73.964,40.696],[-73.965,40.696],[-73.965,40.698],[-73.966,40.698],[-73.967,40.698],[-73.968,40.698],[-73.969,40.698],[-73.97,40.698],[-73.971,40.698],[-73.972,40.698],[-73.973,40.698],[-73.974,40.698],[-73.975,40.698],[-73.976,40.698],[-73.977,40.698],[-73.978,40.698],[-73.981,40.698],[-73.981,40.699],[-73.981,40.7],[-73.98,40.7],[-73.98,40.701],[-73.981,40.701],[-73.982,40.701],[-73.983,40.701],[-73.984,40.701],[-73.985,40.701],[-73.985,40.7],[-73.984,40.7],[-73.983,40.7],[-73.983,40.698],[-73.983,40.697],[-73.982,40.697],[-73.982,40.696],[-73.983,40.696],[-73.984,40.696],[-73.984,40.695],[-73.983,40.694],[-73.983,40.693],[-73.983,40.692],[-73.982,40.692],[-73.982,40.691],[-73.981,40.69],[-73.981,40.689],[-73.981,40.688],[-73.98,40.688],[-73.98,40.687],[-73.979,40.687],[-73.979,40.686],[-73.978,40.685],[-73.978,40.684],[-73.979,40.684],[-73.979,40.683],[-73.98,40.682],[-73.982,40.683],[-73.984,40.684],[-73.986,40.685],[-73.987,40.685],[-73.988,40.686],[-73.989,40.685],[-73.991,40.686],[-73.994,40.687],[-73.993,40.688],[-73.993,40.689],[-73.992,40.69],[-73.994,40.69],[-73.996,40.691],[-73.998,40.691],[-73.999,40.691],[-73.999,40.692],[-74.0,40.692],[-74.001,40.692],[-74.002,40.693],[-74.002,40.692],[-74.001,40.693],[-74.001,40.694],[-74.0,40.695],[-74.0,40.696],[-73.999,40.696],[-73.999,40.697],[-73.998,40.698],[-73.998,40.699],[-73.998,40.7],[-73.997,40.7],[-73.997,40.701],[-73.996,40.701],[-73.996,40.702],[-73.995,40.703],[-73.995,40.704],[-73.994,40.705],[-73.994,40.704],[-73.994,40.705],[-73.993,40.705],[-73.992,40.705],[-73.992,40.704],[-73.991,40.704],[-73.99,40.704],[-73.99,40.705],[-73.989,40.705],[-73.988,40.705],[-73.987,40.705],[-73.986,40.705],[-73.985,40.706],[-73.984,40.706],[-73.983,40.706],[-73.982,40.706],[-73.981,40.705],[-73.981,40.706],[-73.98,40.706],[-73.979,40.706],[-73.978,40.706],[-73.979,40.706],[-73.978,40.706],[-73.979,40.705],[-73.978,40.705],[-73.978,40.704],[-73.977,40.704],[-73.978,40.703],[-73.977,40.703],[-73.977,40.704],[-73.976,40.705],[-73.977,40.703],[-73.976,40.702],[-73.975,40.703],[-73.976,40.702],[-73.975,40.702],[-73.976,40.7],[-73.975,40.7],[-73.974,40.701],[-73.973,40.701],[-73.973,40.7],[-73.972,40.7],[-73.973,40.7],[-73.973,40.701],[-73.974,40.701],[-73.974,40.702],[-73.973,40.702],[-73.973,40.701],[-73.972,40.7],[-73.971,40.7],[-73.972,40.702],[-73.973,40.702],[-73.973,40.703],[-73.972,40.703],[-73.97,40.7],[-73.969,40.7],[-73.972,40.703],[-73.973,40.703],[-73.972,40.703],[-73.969,40.701],[-73.969,40.702],[-73.972,40.703],[-73.972,40.704],[-73.972,40.703],[-73.971,40.703],[-73.971,40.704],[-73.973,40.705],[-73.975,40.706],[-73.974,40.706],[-73.973,40.706],[-73.972,40.706],[-73.973,40.707],[-73.975,40.708],[-73.974,40.708],[-73.973,40.707],[-73.972,40.706],[-73.971,40.706],[-73.971,40.707],[-73.973,40.709],[-73.972,40.709],[-73.971,40.707],[-73.97,40.707],[-73.971,40.705],[-73.97,40.705],[-73.968,40.703],[-73.968,40.704],[-73.968,40.705],[-73.969,40.705],[-73.969,40.706],[-73.969,40.707],[-73.97,40.708],[-73.97,40.709],[-73.97,40.71],[-73.97,40.711],[-73.969,40.711],[-73.97,40.711],[-73.969,40.711],[-73.969,40.712],[-73.969,40.713],[-73.968,40.713],[-73.969,40.713],[-73.968,40.714],[-73.968,40.715],[-73.968,40.716],[-73.967,40.717],[-73.967,40.718],[-73.966,40.718],[-73.966,40.719],[-73.965,40.719],[-73.965,40.72],[-73.964,40.72],[-73.964,40.721],[-73.963,40.722],[-73.962,40.724],[-73.962,40.725],[-73.961,40.725],[-73.96,40.725],[-73.959,40.724],[-73.958,40.724],[-73.958,40.725],[-73.96,40.725],[-73.96,40.726],[-73.961,40.726],[-73.962,40.726],[-73.962,40.727],[-73.961,40.727],[-73.961,40.728],[-73.961,40.729],[-73.961,40.73],[-73.961,40.731],[-73.962,40.731],[-73.962,40.732],[-73.962,40.733],[-73.962,40.734],[-73.962,40.735],[-73.961,40.736],[-73.96,40.736],[-73.96,40.737],[-73.959,40.737],[-73.959,40.738],[-73.958,40.738],[-73.958,40.739],[-73.957,40.739],[-73.956,40.739],[-73.955,40.739],[-73.954,40.739],[-73.953,40.739],[-73.952,40.739],[-73.951,40.739],[-73.951,40.738],[-73.95,40.738],[-73.949,40.738],[-73.948,40.737],[-73.947,40.737],[-73.946,40.737],[-73.947,40.736],[-73.947,40.735],[-73.947,40.734],[-73.947,40.735],[-73.947,40.736],[-73.946,40.736],[-73.946,40.737],[-73.945,40.737],[-73.945,40.736],[-73.945,40.735],[-73.945,40.736],[-73.944,40.736],[-73.943,40.736],[-73.942,40.735],[-73.941,40.734],[-73.941,40.733],[-73.94,40.732],[-73.94,40.731],[-73.939,40.73],[-73.938,40.73],[-73.937,40.729],[-73.936,40.729],[-73.935,40.729],[-73.935,40.728],[-73.934,40.728],[-73.933,40.728],[-73.932,40.728]]]]},"properties":{"coundist":"33","shape_leng":"128723.547363","shape_area":"110198296.878"}},{"type":"Feature","geometry":{"type":"MultiPolygon","coordinates":[[[[-73.926,40.878],[-73.926,40.877],[-73.927,40.877],[-73.926,40.877],[-73.925,40.877],[-73.924,40.877],[-73.923,40.877],[-73.922,40.877],[-73.922,40.876],[-73.923,40.875],[-73.923,40.874],[-73.922,40.874],[-73.922,40.873],[-73.921,40.873],[-73.92,40.873],[-73.92,40.874],[-73.921,40.874],[-73.921,40.875],[-73.921,40.876],[-73.921,40.875],[-73.92,40.875],[-73.919,40.875],[-73.919,40.874],[-73.919,40.873],[-73.918,40.873],[-73.919,40.873],[-73.918,40.873],[-73.918,40.874],[-73.917,40.874],[-73.916,40.874],[-73.915,40.874],[-73.914,40.874],[-73.913,40.874],[-73.912,40.874],[-73.912,40.873],[-73.911,40.873],[-73.911,40.872],[-73.91,40.872],[-73.911,40.872],[-73.91,40.872],[-73.91,40.871],[-73.911,40.871],[-73.911,40.87],[-73.911,40.869],[-73.911,40.87],[-73.912,40.87],[-73.912,40.869],[-73.911,40.869],[-73.911,40.868],[-73.912,40.868],[-73.912,40.867],[-73.913,40.867],[-73.912,40.867],[-73.913,40.866],[-73.913,40.865],[-73.914,40.865],[-73.915,40.865],[-73.915,40.864],[-73.914,40.864],[-73.915,40.864],[-73.916,40.864],[-73.915,40.864],[-73.915,40.863],[-73.916,40.863],[-73.916,40.862],[-73.917,40.862],[-73.917,40.861],[-73.918,40.861],[-73.918,40.86],[-73.919,40.86],[-73.919,40.859],[-73.92,40.859],[-73.921,40.859],[-73.92,40.859],[-73.921,40.859],[-73.92,40.859],[-73.921,40.859],[-73.921,40.86],[-73.922,40.86],[-73.922,40.859],[-73.922,40.86],[-73.922,40.859],[-73.922,40.86],[-73.922,40.859],[-73.921,40.859],[-73.921,40.858],[-73.921,40.857],[-73.922,40.857],[-73.922,40.856],[-73.922,40.857],[-73.921,40.857],[-73.922,40.856],[-73.922,40.855],[-73.923,40.855],[-73.923,40.854],[-73.924,40.854],[-73.924,40.853],[-73.925,40.852],[-73.925,40.851],[-73.926,40.851],[-73.926,40.85],[-73.927,40.85],[-73.927,40.849],[-73.927,40.848],[-73.928,40.848],[-73.928,40.847],[-73.929,40.846],[-73.93,40.845],[-73.93,40.844],[-73.93,40.843],[-73.931,40.843],[-73.931,40.842],[-73.931,40.841],[-73.932,40.841],[-73.932,40.84],[-73.933,40.839],[-73.933,40.838],[-73.934,40.838],[-73.934,40.837],[-73.934,40.836],[-73.935,40.836],[-73.936,40.835],[-73.937,40.834],[-73.938,40.833],[-73.939,40.833],[-73.939,40.832],[-73.939,40.831],[-73.94,40.831],[-73.94,40.83],[-73.94,40.831],[-73.941,40.831],[-73.943,40.832],[-73.946,40.833],[-73.945,40.833],[-73.945,40.834],[-73.944,40.835],[-73.944,40.836],[-73.943,40.837],[-73.942,40.838],[-73.941,40.839],[-73.943,40.84],[-73.944,40.839],[-73.945,40.839],[-73.946,40.839],[-73.946,40.84],[-73.945,40.841],[-73.946,40.841],[-73.947,40.841],[-73.948,40.842],[-73.947,40.842],[-73.947,40.843],[-73.946,40.843],[-73.946,40.844],[-73.946,40.845],[-73.946,40.846],[-73.947,40.846],[-73.946,40.846],[-73.947,40.846],[-73.946,40.846],[-73.947,40.846],[-73.947,40.847],[-73.947,40.848],[-73.947,40.849],[-73.947,40.85],[-73.947,40.851],[-73.946,40.851],[-73.945,40.851],[-73.945,40.852],[-73.944,40.852],[-73.943,40.853],[-73.942,40.853],[-73.942,40.854],[-73.942,40.855],[-73.941,40.855],[-73.941,40.856],[-73.94,40.856],[-73.94,40.857],[-73.939,40.858],[-73.939,40.859],[-73.938,40.859],[-73.938,40.86],[-73.937,40.861],[-73.936,40.862],[-73.936,40.863],[-73.935,40.864],[-73.934,40.864],[-73.934,40.865],[-73.934,40.866],[-73.933,40.866],[-73.933,40.867],[-73.932,40.868],[-73.932,40.869],[-73.933,40.869],[-73.933,40.868],[-73.933,40.869],[-73.932,40.869],[-73.933,40.869],[-73.932,40.869],[-73.933,40.87],[-73.932,40.87],[-73.932,40.869],[-73.932,40.87],[-73.932,40.871],[-73.932,40.872],[-73.931,40.872],[-73.931,40.873],[-73.93,40.874],[-73.929,40.875],[-73.929,40.876],[-73.928,40.876],[-73.928,40.877],[-73.927,40.877],[-73.927,40.878],[-73.926,40.878]]],[[[-73.924,40.879]]],[[[-73.907,40.876],[-73.907,40.875],[-73.907,40.874],[-73.907,40.873],[-73.908,40.873],[-73.909,40.873],[-73.909,40.872],[-73.909,40.873],[-73.91,40.873],[-73.91,40.874],[-73.911,40.874],[-73.912,40.874],[-73.912,40.875],[-73.913,40.875],[-73.914,40.875],[-73.915,40.876],[-73.916,40.876],[-73.915,40.877],[-73.912,40.878],[-73.912,40.879],[-73.91,40.879],[-73.909,40.879],[-73.908,40.878],[-73.908,40.877],[-73.907,40.877],[-73.907,40.876]]]]},"properties":{"coundist":"10","shape_leng":"64423.4062626","shape_area":"76997843.7396"}},{"type":"Feature","geometry":{"type":"MultiPolygon","coordinates":[[[[-73.84,40.901],[-73.841,40.9],[-73.842,40.9],[-73.843,40.9],[-73.844,40.9],[-73.845,40.9],[-73.846,40.899],[-73.847,40.899],[-73.848,40.899],[-73.849,40.899],[-73.85,40.898],[-73.849,40.896],[-73.85,40.896],[-73.85,40.895],[-73.85,40.894],[-73.851,40.894],[-73.85,40.892],[-73.849,40.892],[-73.849,40.891],[-73.849,40.89],[-73.852,40.891],[-73.852,40.89],[-73.853,40.889],[-73.856,40.89],[-73.856,40.889],[-73.859,40.89],[-73.86,40.89],[-73.862,40.891],[-73.863,40.891],[-73.864,40.89],[-73.865,40.888],[-73.865,40.887],[-73.866,40.885],[-73.866,40.884],[-73.867,40.882],[-73.868,40.88],[-73.869,40.879],[-73.869,40.878],[-73.87,40.877],[-73.87,40.876],[-73.87,40.875],[-73.87,40.873],[-73.871,40.871],[-73.871,40.87],[-73.871,40.869],[-73.871,40.868],[-73.871,40.867],[-73.87,40.865],[-73.871,40.865],[-73.871,40.866],[-73.872,40.866],[-73.873,40.866],[-73.873,40.867],[-73.874,40.867],[-73.875,40.867],[-73.876,40.868],[-73.876,40.869],[-73.877,40.869],[-73.878,40.869],[-73.879,40.869],[-73.879,40.868],[-73.88,40.868],[-73.881,40.868],[-73.883,40.867],[-73.884,40.867],[-73.884,40.868],[-73.885,40.868],[-73.885,40.869],[-73.885,40.87],[-73.886,40.87],[-73.887,40.87],[-73.888,40.871],[-73.887,40.871],[-73.886,40.872],[-73.885,40.873],[-73.885,40.874],[-73.886,40.875],[-73.887,40.875],[-73.888,40.875],[-73.889,40.875],[-73.889,40.873],[-73.89,40.872],[-73.891,40.872],[-73.892,40.872],[-73.893,40.871],[-73.894,40.871],[-73.895,40.87],[-73.896,40.869],[-73.897,40.869],[-73.899,40.87],[-73.898,40.871],[-73.898,40.872],[-73.898,40.873],[-73.898,40.874],[-73.899,40.874],[-73.9,40.874],[-73.9,40.875],[-73.9,40.876],[-73.9,40.877],[-73.899,40.877],[-73.898,40.878],[-73.898,40.879],[-73.899,40.879],[-73.9,40.879],[-73.9,40.88],[-73.899,40.88],[-73.899,40.881],[-73.899,40.882],[-73.899,40.881],[-73.9,40.881],[-73.9,40.88],[-73.901,40.88],[-73.901,40.881],[-73.902,40.881],[-73.902,40.88],[-73.903,40.879],[-73.904,40.879],[-73.904,40.878],[-73.904,40.877],[-73.905,40.877],[-73.906,40.877],[-73.907,40.877],[-73.908,40.878],[-73.909,40.879],[-73.91,40.879],[-73.912,40.879],[-73.912,40.878],[-73.915,40.877],[-73.916,40.876],[-73.917,40.876],[-73.918,40.876],[-73.919,40.876],[-73.92,40.876],[-73.92,40.877],[-73.922,40.878],[-73.922,40.879],[-73.923,40.879],[-73.924,40.879],[-73.925,40.879],[-73.924,40.88],[-73.922,40.885],[-73.921,40.886],[-73.921,40.887],[-73.92,40.888],[-73.92,40.889],[-73.919,40.891],[-73.919,40.892],[-73.918,40.892],[-73.918,40.894],[-73.918,40.895],[-73.917,40.897],[-73.917,40.898],[-73.915,40.902],[-73.915,40.903],[-73.915,40.904],[-73.914,40.904],[-73.914,40.905],[-73.913,40.907],[-73.913,40.908],[-73.912,40.909],[-73.912,40.911],[-73.912,40.912],[-73.911,40.913],[-73.912,40.913],[-73.912,40.914],[-73.911,40.914],[-73.911,40.915],[-73.91,40.916],[-73.91,40.915],[-73.909,40.915],[-73.903,40.913],[-73.901,40.913],[-73.9,40.912],[-73.898,40.912],[-73.897,40.912],[-73.897,40.911],[-73.892,40.91],[-73.886,40.908],[-73.885,40.908],[-73.884,40.908],[-73.883,40.907],[-73.882,40.907],[-73.878,40.906],[-73.877,40.906],[-73.876,40.905],[-73.875,40.905],[-73.874,40.905],[-73.873,40.904],[-73.871,40.904],[-73.868,40.903],[-73.867,40.903],[-73.866,40.902],[-73.865,40.902],[-73.863,40.901],[-73.862,40.901],[-73.861,40.901],[-73.86,40.901],[-73.859,40.901],[-73.859,40.902],[-73.859,40.901],[-73.859,40.902],[-73.86,40.902],[-73.859,40.903],[-73.859,40.902],[-73.858,40.902],[-73.858,40.903],[-73.857,40.904],[-73.857,40.905],[-73.856,40.905],[-73.856,40.906],[-73.857,40.906],[-73.856,40.906],[-73.855,40.907],[-73.854,40.907],[-73.854,40.908],[-73.855,40.908],[-73.855,40.909],[-73.854,40.91],[-73.853,40.91],[-73.852,40.91],[-73.851,40.91],[-73.852,40.91],[-73.852,40.909],[-73.853,40.908],[-73.853,40.907],[-73.852,40.907],[-73.851,40.907],[-73.85,40.907],[-73.849,40.907],[-73.847,40.906],[-73.846,40.906],[-73.845,40.906],[-73.845,40.905],[-73.845,40.904],[-73.844,40.904],[-73.843,40.904],[-73.842,40.904],[-73.841,40.904],[-73.841,40.903],[-73.841,40.902],[-73.841,40.901],[-73.84,40.901]]]]},"properties":{"coundist":"11","shape_leng":"94385.135787","shape_area":"216986543.713"}},{"type":"Feature","geometry":{"type":"MultiPolygon","coordinates":[[[[-73.962,40.724],[-73.963,40.724],[-73.962,40.724]]],[[[-73.961,40.73],[-73.962,40.73],[-73.963,40.73],[-73.962,40.73],[-73.961,40.73]]],[[[-73.962,40.732],[-73.962,40.731],[-73.963,40.731],[-73.964,40.731],[-73.963,40.731],[-73.962,40.732]]],[[[-73.96,40.744],[-73.961,40.744],[-73.96,40.744]]],[[[-73.964,40.765],[-73.965,40.764],[-73.965,40.763],[-73.966,40.763],[-73.966,40.762],[-73.967,40.762],[-73.967,40.761],[-73.965,40.76],[-73.964,40.76],[-73.962,40.759],[-73.96,40.758],[-73.959,40.758],[-73.959,40.759],[-73.959,40.758],[-73.96,40.757],[-73.96,40.756],[-73.961,40.756],[-73.962,40.755],[-73.963,40.754],[-73.963,40.753],[-73.964,40.753],[-73.965,40.752],[-73.965,40.751],[-73.968,40.748],[-73.968,40.747],[-73.969,40.747],[-73.969,40.746],[-73.97,40.746],[-73.97,40.745],[-73.971,40.745],[-73.971,40.744],[-73.971,40.745],[-73.971,40.744],[-73.971,40.743],[-73.972,40.743],[-73.972,40.742],[-73.972,40.741],[-73.972,40.74],[-73.973,40.739],[-73.973,40.738],[-73.973,40.737],[-73.973,40.736],[-73.972,40.736],[-73.973,40.736],[-73.974,40.736],[-73.975,40.736],[-73.974,40.736],[-73.975,40.736],[-73.974,40.736],[-73.975,40.736],[-73.974,40.736],[-73.975,40.736],[-73.974,40.736],[-73.973,40.735],[-73.973,40.736],[-73.973,40.735],[-73.974,40.735],[-73.974,40.734],[-73.974,40.733],[-73.974,40.732],[-73.973,40.731],[-73.973,40.73],[-73.972,40.73],[-73.972,40.729],[-73.971,40.729],[-73.971,40.728],[-73.972,40.728],[-73.972,40.727],[-73.973,40.727],[-73.976,40.728],[-73.976,40.729],[-73.977,40.729],[-73.978,40.729],[-73.979,40.73],[-73.98,40.73],[-73.982,40.731],[-73.983,40.731],[-73.982,40.731],[-73.982,40.732],[-73.981,40.733],[-73.981,40.734],[-73.98,40.734],[-73.98,40.735],[-73.979,40.736],[-73.979,40.737],[-73.978,40.737],[-73.978,40.738],[-73.977,40.739],[-73.976,40.74],[-73.977,40.74],[-73.978,40.741],[-73.979,40.741],[-73.978,40.742],[-73.977,40.743],[-73.977,40.744],[-73.979,40.744],[-73.981,40.745],[-73.98,40.746],[-73.982,40.746],[-73.983,40.745],[-73.984,40.746],[-73.986,40.746],[-73.986,40.747],[-73.988,40.748],[-73.988,40.749],[-73.988,40.75],[-73.988,40.751],[-73.987,40.752],[-73.987,40.753],[-73.987,40.754],[-73.987,40.755],[-73.986,40.756],[-73.986,40.757],[-73.986,40.758],[-73.985,40.759],[-73.984,40.76],[-73.984,40.761],[-73.983,40.761],[-73.983,40.762],[-73.982,40.762],[-73.982,40.763],[-73.981,40.764],[-73.98,40.763],[-73.979,40.762],[-73.978,40.763],[-73.978,40.764],[-73.977,40.764],[-73.977,40.765],[-73.976,40.766],[-73.974,40.765],[-73.973,40.764],[-73.973,40.765],[-73.972,40.766],[-73.971,40.767],[-73.97,40.768],[-73.97,40.769],[-73.969,40.769],[-73.969,40.77],[-73.968,40.77],[-73.968,40.771],[-73.968,40.772],[-73.967,40.773],[-73.966,40.773],[-73.966,40.774],[-73.965,40.775],[-73.965,40.776],[-73.964,40.776],[-73.964,40.777],[-73.963,40.778],[-73.962,40.779],[-73.962,40.78],[-73.961,40.78],[-73.961,40.781],[-73.96,40.782],[-73.96,40.783],[-73.959,40.783],[-73.959,40.784],[-73.958,40.785],[-73.957,40.786],[-73.956,40.785],[-73.957,40.784],[-73.955,40.783],[-73.954,40.783],[-73.953,40.783],[-73.954,40.782],[-73.954,40.781],[-73.955,40.781],[-73.955,40.78],[-73.954,40.779],[-73.954,40.778],[-73.955,40.778],[-73.955,40.777],[-73.956,40.776],[-73.957,40.775],[-73.957,40.774],[-73.958,40.774],[-73.958,40.773],[-73.959,40.773],[-73.959,40.772],[-73.96,40.771],[-73.96,40.77],[-73.961,40.77],[-73.961,40.769],[-73.962,40.768],[-73.963,40.767],[-73.963,40.766],[-73.964,40.765]]]]},"properties":{"coundist":"4","shape_leng":"65741.0360877","shape_area":"66803001.7138"}},{"type":"Feature","geometry":{"type":"MultiPolygon","coordinates":[[[[-73.964,40.747],[-73.964,40.746],[-73.965,40.746],[-73.965,40.747],[-73.964,40.747]]],[[[-73.958,40.748],[-73.957,40.748],[-73.958,40.748]]],[[[-73.936,40.772]]],[[[-73.942,40.769],[-73.943,40.769],[-73.943,40.768],[-73.944,40.767],[-73.945,40.766],[-73.946,40.764],[-73.947,40.764],[-73.947,40.763],[-73.948,40.762],[-73.949,40.761],[-73.95,40.76],[-73.951,40.759],[-73.952,40.758],[-73.953,40.757],[-73.953,40.756],[-73.954,40.756],[-73.955,40.755],[-73.956,40.754],[-73.957,40.753],[-73.958,40.752],[-73.959,40.752],[-73.959,40.751],[-73.96,40.751],[-73.96,40.75],[-73.961,40.75],[-73.962,40.75],[-73.961,40.75],[-73.961,40.751],[-73.96,40.752],[-73.96,40.753],[-73.959,40.754],[-73.958,40.755],[-73.957,40.756],[-73.956,40.757],[-73.955,40.757],[-73.955,40.758],[-73.954,40.759],[-73.954,40.76],[-73.953,40.76],[-73.953,40.761],[-73.952,40.761],[-73.952,40.762],[-73.951,40.763],[-73.95,40.763],[-73.95,40.764],[-73.949,40.764],[-73.949,40.765],[-73.948,40.766],[-73.947,40.767],[-73.946,40.768],[-73.946,40.769],[-73.945,40.769],[-73.946,40.769],[-73.945,40.769],[-73.945,40.77],[-73.944,40.77],[-73.943,40.771],[-73.943,40.772],[-73.942,40.772],[-73.941,40.772],[-73.941,40.773],[-73.94,40.773],[-73.94,40.772],[-73.94,40.771],[-73.94,40.77],[-73.941,40.77],[-73.941,40.769],[-73.942,40.769]]],[[[-73.938,40.781],[-73.938,40.78],[-73.939,40.78],[-73.939,40.779],[-73.94,40.78],[-73.939,40.78],[-73.939,40.781],[-73.938,40.781]]],[[[-73.953,40.787],[-73.953,40.786],[-73.952,40.786],[-73.951,40.786],[-73.95,40.786],[-73.949,40.785],[-73.95,40.785],[-73.949,40.784],[-73.948,40.784],[-73.945,40.783],[-73.945,40.782],[-73.946,40.782],[-73.946,40.781],[-73.947,40.781],[-73.946,40.781],[-73.945,40.78],[-73.944,40.78],[-73.944,40.781],[-73.945,40.782],[-73.944,40.782],[-73.944,40.783],[-73.944,40.782],[-73.944,40.781],[-73.944,40.78],[-73.943,40.78],[-73.942,40.78],[-73.942,40.779],[-73.943,40.779],[-73.943,40.778],[-73.942,40.777],[-73.942,40.778],[-73.942,40.777],[-73.942,40.778],[-73.942,40.777],[-73.942,40.776],[-73.943,40.775],[-73.943,40.774],[-73.944,40.774],[-73.944,40.773],[-73.945,40.773],[-73.946,40.772],[-73.946,40.771],[-73.947,40.771],[-73.948,40.77],[-73.949,40.769],[-73.949,40.768],[-73.95,40.768],[-73.95,40.767],[-73.951,40.766],[-73.952,40.765],[-73.953,40.763],[-73.954,40.762],[-73.956,40.761],[-73.957,40.76],[-73.958,40.759],[-73.959,40.759],[-73.959,40.758],[-73.959,40.759],[-73.959,40.758],[-73.96,40.758],[-73.962,40.759],[-73.964,40.76],[-73.965,40.76],[-73.967,40.761],[-73.967,40.762],[-73.966,40.762],[-73.966,40.763],[-73.965,40.763],[-73.965,40.764],[-73.964,40.765],[-73.963,40.766],[-73.963,40.767],[-73.962,40.768],[-73.961,40.769],[-73.961,40.77],[-73.96,40.77],[-73.96,40.771],[-73.959,40.772],[-73.959,40.773],[-73.958,40.773],[-73.958,40.774],[-73.957,40.774],[-73.957,40.775],[-73.956,40.776],[-73.955,40.777],[-73.955,40.778],[-73.954,40.778],[-73.954,40.779],[-73.955,40.78],[-73.955,40.781],[-73.954,40.781],[-73.954,40.782],[-73.953,40.783],[-73.954,40.783],[-73.955,40.783],[-73.957,40.784],[-73.956,40.785],[-73.957,40.786],[-73.957,40.787],[-73.956,40.787],[-73.955,40.787],[-73.954,40.787],[-73.953,40.787]]]]},"properties":{"coundist":"5","shape_leng":"58083.630801","shape_area":"37752249.1985"}},{"type":"Feature","geometry":{"type":"MultiPolygon","coordinates":[[[[-73.888,40.871],[-73.889,40.871],[-73.89,40.871],[-73.89,40.87],[-73.891,40.87],[-73.892,40.87],[-73.892,40.869],[-73.893,40.868],[-73.894,40.867],[-73.894,40.866],[-73.895,40.865],[-73.896,40.864],[-73.897,40.862],[-73.898,40.861],[-73.898,40.86],[-73.899,40.86],[-73.899,40.859],[-73.899,40.858],[-73.9,40.858],[-73.9,40.857],[-73.9,40.856],[-73.901,40.856],[-73.901,40.855],[-73.902,40.855],[-73.902,40.854],[-73.903,40.853],[-73.904,40.852],[-73.904,40.851],[-73.905,40.851],[-73.905,40.85],[-73.906,40.85],[-73.906,40.849],[-73.906,40.848],[-73.906,40.847],[-73.905,40.847],[-73.904,40.847],[-73.904,40.846],[-73.904,40.845],[-73.905,40.845],[-73.906,40.845],[-73.907,40.845],[-73.909,40.845],[-73.91,40.845],[-73.911,40.845],[-73.912,40.845],[-73.913,40.845],[-73.914,40.845],[-73.915,40.845],[-73.916,40.845],[-73.917,40.845],[-73.918,40.845],[-73.919,40.845],[-73.92,40.845],[-73.921,40.845],[-73.922,40.845],[-73.923,40.845],[-73.924,40.845],[-73.925,40.845],[-73.926,40.845],[-73.926,40.846],[-73.925,40.846],[-73.924,40.848],[-73.924,40.849],[-73.922,40.85],[-73.921,40.85],[-73.919,40.853],[-73.918,40.853],[-73.918,40.854],[-73.917,40.854],[-73.917,40.855],[-73.917,40.856],[-73.917,40.857],[-73.917,40.858],[-73.916,40.859],[-73.915,40.86],[-73.914,40.861],[-73.913,40.862],[-73.914,40.862],[-73.913,40.863],[-73.912,40.864],[-73.913,40.864],[-73.912,40.864],[-73.913,40.864],[-73.911,40.866],[-73.91,40.867],[-73.91,40.868],[-73.909,40.869],[-73.909,40.87],[-73.909,40.871],[-73.909,40.872],[-73.909,40.873],[-73.908,40.873],[-73.907,40.873],[-73.907,40.874],[-73.907,40.875],[-73.907,40.876],[-73.907,40.877],[-73.908,40.877],[-73.908,40.878],[-73.907,40.877],[-73.906,40.877],[-73.905,40.877],[-73.904,40.877],[-73.904,40.878],[-73.904,40.879],[-73.903,40.879],[-73.902,40.88],[-73.902,40.881],[-73.901,40.881],[-73.901,40.88],[-73.9,40.88],[-73.9,40.881],[-73.899,40.881],[-73.899,40.882],[-73.899,40.881],[-73.899,40.88],[-73.9,40.88],[-73.9,40.879],[-73.899,40.879],[-73.898,40.879],[-73.898,40.878],[-73.899,40.877],[-73.9,40.877],[-73.9,40.876],[-73.9,40.875],[-73.9,40.874],[-73.899,40.874],[-73.898,40.874],[-73.898,40.873],[-73.898,40.872],[-73.898,40.871],[-73.899,40.87],[-73.897,40.869],[-73.896,40.869],[-73.895,40.87],[-73.894,40.871],[-73.893,40.871],[-73.892,40.872],[-73.891,40.872],[-73.89,40.872],[-73.889,40.873],[-73.889,40.875],[-73.888,40.875],[-73.887,40.875],[-73.886,40.875],[-73.885,40.874],[-73.885,40.873],[-73.886,40.872],[-73.887,40.871],[-73.888,40.871]]]]},"properties":{"coundist":"14","shape_leng":"50678.3711772","shape_area":"52585074.8021"}},{"type":"Feature","geometry":{"type":"MultiPolygon","coordinates":[[[[-73.826,40.59],[-73.827,40.59],[-73.828,40.59],[-73.828,40.591],[-73.828,40.59],[-73.828,40.591],[-73.827,40.591],[-73.827,40.592],[-73.826,40.592],[-73.826,40.591],[-73.826,40.59]]],[[[-73.81,40.592],[-73.81,40.593],[-73.81,40.592]]],[[[-73.81,40.592],[-73.81,40.59],[-73.811,40.59],[-73.81,40.59],[-73.811,40.59],[-73.811,40.589],[-73.811,40.588],[-73.81,40.588],[-73.807,40.588],[-73.806,40.588],[-73.805,40.588],[-73.804,40.588],[-73.804,40.589],[-73.803,40.589],[-73.802,40.589],[-73.801,40.589],[-73.801,40.588],[-73.801,40.587],[-73.8,40.587],[-73.801,40.586],[-73.8,40.586],[-73.801,40.586],[-73.801,40.585],[-73.802,40.585],[-73.803,40.585],[-73.804,40.585],[-73.805,40.585],[-73.806,40.584],[-73.807,40.584],[-73.808,40.584],[-73.809,40.584],[-73.81,40.584],[-73.811,40.584],[-73.812,40.584],[-73.813,40.584],[-73.814,40.584],[-73.814,40.583],[-73.815,40.583],[-73.816,40.583],[-73.817,40.583],[-73.817,40.582],[-73.818,40.582],[-73.819,40.582],[-73.82,40.582],[-73.82,40.581],[-73.821,40.581],[-73.822,40.581],[-73.823,40.581],[-73.824,40.581],[-73.824,40.58],[-73.825,40.58],[-73.826,40.58],[-73.827,40.58],[-73.827,40.579],[-73.828,40.579],[-73.829,40.579],[-73.83,40.579],[-73.831,40.579],[-73.831,40.578],[-73.832,40.578],[-73.833,40.578],[-73.834,40.578],[-73.835,40.577],[-73.836,40.577],[-73.837,40.576],[-73.838,40.576],[-73.839,40.576],[-73.84,40.575],[-73.841,40.575],[-73.842,40.575],[-73.843,40.574],[-73.844,40.574],[-73.845,40.573],[-73.846,40.573],[-73.847,40.573],[-73.848,40.572],[-73.849,40.572],[-73.85,40.572],[-73.85,40.571],[-73.851,40.571],[-73.852,40.571],[-73.853,40.571],[-73.853,40.57],[-73.854,40.57],[-73.855,40.57],[-73.856,40.57],[-73.856,40.569],[-73.857,40.569],[-73.858,40.569],[-73.859,40.569],[-73.859,40.568],[-73.86,40.568],[-73.861,40.568],[-73.862,40.567],[-73.863,40.567],[-73.863,40.566],[-73.863,40.567],[-73.864,40.567],[-73.865,40.567],[-73.866,40.567],[-73.866,40.566],[-73.867,40.566],[-73.866,40.566],[-73.867,40.566],[-73.868,40.566],[-73.868,40.565],[-73.868,40.566],[-73.869,40.566],[-73.869,40.565],[-73.87,40.565],[-73.871,40.565],[-73.87,40.564],[-73.871,40.565],[-73.872,40.565],[-73.872,40.564],[-73.873,40.564],[-73.872,40.564],[-73.873,40.564],[-73.874,40.564],[-73.875,40.564],[-73.875,40.563],[-73.876,40.563],[-73.877,40.563],[-73.878,40.563],[-73.878,40.562],[-73.879,40.562],[-73.88,40.562],[-73.88,40.561],[-73.88,40.562],[-73.881,40.562],[-73.881,40.561],[-73.882,40.561],[-73.883,40.561],[-73.884,40.561],[-73.884,40.56],[-73.885,40.56],[-73.886,40.56],[-73.887,40.56],[-73.887,40.559],[-73.888,40.559],[-73.889,40.559],[-73.89,40.559],[-73.891,40.559],[-73.891,40.558],[-73.892,40.558],[-73.893,40.558],[-73.894,40.558],[-73.894,40.557],[-73.895,40.557],[-73.896,40.557],[-73.897,40.557],[-73.898,40.557],[-73.899,40.557],[-73.9,40.557],[-73.9,40.556],[-73.9,40.557],[-73.9,40.556],[-73.901,40.556],[-73.901,40.557],[-73.902,40.557],[-73.903,40.557],[-73.904,40.557],[-73.904,40.556],[-73.905,40.556],[-73.906,40.556],[-73.907,40.556],[-73.908,40.555],[-73.909,40.555],[-73.912,40.554],[-73.916,40.552],[-73.917,40.552],[-73.918,40.551],[-73.919,40.551],[-73.926,40.548],[-73.928,40.548],[-73.929,40.547],[-73.93,40.546],[-73.933,40.546],[-73.934,40.545],[-73.935,40.545],[-73.936,40.545],[-73.936,40.544],[-73.937,40.544],[-73.938,40.544],[-73.939,40.543],[-73.94,40.543],[-73.941,40.543],[-73.941,40.542],[-73.94,40.548],[-73.94,40.55],[-73.94,40.551],[-73.94,40.552],[-73.94,40.553],[-73.94,40.554],[-73.939,40.555],[-73.939,40.556],[-73.937,40.557],[-73.936,40.557],[-73.935,40.557],[-73.934,40.557],[-73.933,40.557],[-73.932,40.558],[-73.931,40.558],[-73.929,40.56],[-73.928,40.56],[-73.928,40.561],[-73.927,40.561],[-73.926,40.562],[-73.925,40.562],[-73.924,40.562],[-73.923,40.562],[-73.922,40.562],[-73.921,40.562],[-73.92,40.562],[-73.92,40.563],[-73.92,40.562],[-73.92,40.563],[-73.92,40.562],[-73.919,40.562],[-73.918,40.563],[-73.917,40.563],[-73.916,40.563],[-73.916,40.564],[-73.915,40.564],[-73.914,40.565],[-73.913,40.565],[-73.912,40.565],[-73.912,40.566],[-73.912,40.565],[-73.911,40.565],[-73.91,40.565],[-73.91,40.564],[-73.909,40.564],[-73.908,40.564],[-73.908,40.563],[-73.907,40.563],[-73.906,40.563],[-73.905,40.563],[-73.904,40.563],[-73.903,40.563],[-73.902,40.563],[-73.901,40.563],[-73.9,40.563],[-73.896,40.565],[-73.896,40.566],[-73.895,40.566],[-73.895,40.567],[-73.896,40.567],[-73.895,40.567],[-73.895,40.568],[-73.894,40.568],[-73.893,40.568],[-73.893,40.569],[-73.892,40.569],[-73.891,40.568],[-73.89,40.568],[-73.889,40.568],[-73.888,40.568],[-73.887,40.568],[-73.886,40.569],[-73.886,40.568],[-73.886,40.569],[-73.885,40.569],[-73.884,40.569],[-73.885,40.569],[-73.885,40.568],[-73.884,40.569],[-73.884,40.568],[-73.885,40.568],[-73.884,40.568],[-73.884,40.569],[-73.884,40.568],[-73.883,40.569],[-73.884,40.569],[-73.883,40.569],[-73.883,40.568],[-73.882,40.568],[-73.882,40.569],[-73.881,40.569],[-73.88,40.569],[-73.879,40.569],[-73.878,40.569],[-73.877,40.569],[-73.876,40.569],[-73.876,40.57],[-73.875,40.57],[-73.874,40.57],[-73.874,40.571],[-73.873,40.571],[-73.867,40.574],[-73.865,40.575],[-73.864,40.576],[-73.863,40.576],[-73.861,40.577],[-73.86,40.578],[-73.859,40.578],[-73.858,40.578],[-73.858,40.579],[-73.857,40.579],[-73.856,40.58],[-73.855,40.58],[-73.855,40.581],[-73.854,40.581],[-73.853,40.581],[-73.852,40.581],[-73.851,40.582],[-73.85,40.582],[-73.849,40.582],[-73.848,40.582],[-73.847,40.582],[-73.846,40.582],[-73.845,40.582],[-73.844,40.582],[-73.843,40.582],[-73.842,40.582],[-73.841,40.582],[-73.84,40.582],[-73.839,40.582],[-73.839,40.583],[-73.838,40.583],[-73.839,40.583],[-73.838,40.583],[-73.837,40.583],[-73.836,40.583],[-73.831,40.584],[-73.83,40.584],[-73.83,40.585],[-73.829,40.585],[-73.828,40.585],[-73.828,40.586],[-73.827,40.587],[-73.825,40.587],[-73.823,40.587],[-73.822,40.587],[-73.821,40.587],[-73.82,40.587],[-73.82,40.588],[-73.819,40.588],[-73.818,40.588],[-73.818,40.589],[-73.817,40.589],[-73.818,40.589],[-73.817,40.589],[-73.816,40.589],[-73.816,40.59],[-73.815,40.59],[-73.815,40.591],[-73.814,40.591],[-73.813,40.591],[-73.814,40.592],[-73.813,40.591],[-73.812,40.591],[-73.812,40.592],[-73.811,40.592],[-73.812,40.592],[-73.811,40.592],[-73.811,40.593],[-73.812,40.593],[-73.811,40.593],[-73.811,40.592],[-73.811,40.593],[-73.811,40.592],[-73.811,40.593],[-73.811,40.592],[-73.81,40.592],[-73.81,40.593],[-73.81,40.592]]],[[[-73.832,40.593],[-73.831,40.592],[-73.834,40.589],[-73.835,40.589],[-73.836,40.589],[-73.836,40.59],[-73.837,40.59],[-73.838,40.59],[-73.838,40.591],[-73.839,40.591],[-73.838,40.59],[-73.839,40.59],[-73.839,40.591],[-73.84,40.591],[-73.841,40.592],[-73.841,40.591],[-73.841,40.592],[-73.842,40.592],[-73.842,40.593],[-73.843,40.593],[-73.844,40.595],[-73.841,40.597],[-73.838,40.597],[-73.837,40.596],[-73.836,40.596],[-73.836,40.595],[-73.835,40.595],[-73.835,40.594],[-73.834,40.594],[-73.832,40.593]]],[[[-73.829,40.607],[-73.83,40.607],[-73.829,40.607]]],[[[-73.827,40.609],[-73.826,40.609],[-73.826,40.608],[-73.827,40.608],[-73.826,40.608],[-73.826,40.607],[-73.825,40.607],[-73.826,40.607],[-73.825,40.607],[-73.825,40.606],[-73.825,40.605],[-73.826,40.605],[-73.827,40.605],[-73.828,40.605],[-73.829,40.605],[-73.829,40.606],[-73.829,40.605],[-73.829,40.606],[-73.829,40.607],[-73.828,40.608],[-73.827,40.608],[-73.827,40.609],[-73.828,40.609],[-73.827,40.609]]],[[[-73.832,40.609],[-73.831,40.609],[-73.831,40.608],[-73.831,40.609],[-73.831,40.608],[-73.83,40.608],[-73.83,40.607],[-73.83,40.606],[-73.831,40.606],[-73.831,40.605],[-73.832,40.605],[-73.833,40.605],[-73.834,40.605],[-73.835,40.605],[-73.836,40.605],[-73.836,40.606],[-73.835,40.607],[-73.834,40.608],[-73.834,40.609],[-73.833,40.609],[-73.832,40.609]]],[[[-73.832,40.624],[-73.832,40.623],[-73.833,40.623],[-73.833,40.622],[-73.833,40.621],[-73.834,40.621],[-73.834,40.623],[-73.833,40.623],[-73.833,40.624],[-73.833,40.623],[-73.833,40.624],[-73.834,40.624],[-73.833,40.624],[-73.832,40.624],[-73.832,40.625],[-73.832,40.624]]],[[[-73.836,40.632],[-73.835,40.632],[-73.836,40.631],[-73.836,40.632]]],[[[-73.829,40.631],[-73.826,40.621],[-73.825,40.62],[-73.825,40.619],[-73.825,40.618],[-73.824,40.618],[-73.824,40.617],[-73.822,40.615],[-73.821,40.615],[-73.82,40.615],[-73.817,40.614],[-73.817,40.613],[-73.817,40.612],[-73.816,40.609],[-73.816,40.608],[-73.816,40.607],[-73.815,40.607],[-73.816,40.607],[-73.816,40.606],[-73.816,40.605],[-73.817,40.605],[-73.817,40.604],[-73.818,40.603],[-73.818,40.602],[-73.818,40.601],[-73.818,40.6],[-73.819,40.599],[-73.819,40.598],[-73.819,40.597],[-73.82,40.597],[-73.82,40.596],[-73.821,40.596],[-73.821,40.595],[-73.822,40.595],[-73.823,40.595],[-73.824,40.595],[-73.826,40.595],[-73.827,40.595],[-73.828,40.595],[-73.829,40.595],[-73.831,40.594],[-73.832,40.594],[-73.833,40.594],[-73.834,40.594],[-73.834,40.595],[-73.835,40.595],[-73.835,40.596],[-73.834,40.596],[-73.834,40.597],[-73.833,40.597],[-73.832,40.598],[-73.831,40.598],[-73.831,40.597],[-73.831,40.598],[-73.83,40.598],[-73.829,40.598],[-73.828,40.598],[-73.827,40.598],[-73.827,40.599],[-73.826,40.599],[-73.825,40.598],[-73.824,40.598],[-73.824,40.599],[-73.825,40.599],[-73.825,40.598],[-73.825,40.599],[-73.824,40.599],[-73.825,40.599],[-73.824,40.599],[-73.824,40.6],[-73.823,40.6],[-73.822,40.6],[-73.823,40.6],[-73.824,40.6],[-73.824,40.601],[-73.825,40.601],[-73.824,40.601],[-73.824,40.602],[-73.823,40.602],[-73.824,40.602],[-73.823,40.602],[-73.823,40.603],[-73.823,40.604],[-73.823,40.605],[-73.823,40.606],[-73.822,40.606],[-73.822,40.607],[-73.821,40.607],[-73.821,40.608],[-73.82,40.609],[-73.82,40.61],[-73.82,40.611],[-73.82,40.612],[-73.821,40.612],[-73.821,40.611],[-73.82,40.61],[-73.821,40.61],[-73.821,40.609],[-73.821,40.608],[-73.822,40.608],[-73.822,40.609],[-73.822,40.61],[-73.823,40.61],[-73.823,40.611],[-73.824,40.611],[-73.824,40.612],[-73.825,40.612],[-73.825,40.613],[-73.825,40.614],[-73.826,40.614],[-73.827,40.614],[-73.827,40.613],[-73.828,40.614],[-73.827,40.614],[-73.828,40.614],[-73.829,40.614],[-73.83,40.615],[-73.831,40.615],[-73.832,40.615],[-73.833,40.614],[-73.834,40.614],[-73.834,40.616],[-73.834,40.619],[-73.834,40.621],[-73.833,40.621],[-73.833,40.622],[-73.832,40.622],[-73.833,40.622],[-73.833,40.623],[-73.832,40.623],[-73.832,40.622],[-73.831,40.622],[-73.831,40.623],[-73.831,40.622],[-73.83,40.622],[-73.83,40.623],[-73.83,40.624],[-73.83,40.623],[-73.83,40.624],[-73.829,40.624],[-73.83,40.624],[-73.83,40.623],[-73.831,40.623],[-73.83,40.623],[-73.831,40.623],[-73.831,40.624],[-73.831,40.623],[-73.832,40.623],[-73.832,40.624],[-73.831,40.624],[-73.831,40.625],[-73.831,40.626],[-73.831,40.627],[-73.832,40.627],[-73.832,40.628],[-73.832,40.629],[-73.832,40.628],[-73.833,40.628],[-73.833,40.629],[-73.832,40.629],[-73.832,40.63],[-73.832,40.631],[-73.832,40.632],[-73.831,40.632],[-73.831,40.633],[-73.831,40.634],[-73.832,40.634],[-73.832,40.635],[-73.832,40.636],[-73.833,40.636],[-73.833,40.637],[-73.833,40.639],[-73.833,40.638],[-73.832,40.638],[-73.831,40.636],[-73.83,40.636],[-73.83,40.635],[-73.83,40.634],[-73.829,40.634],[-73.829,40.633],[-73.829,40.631]]],[[[-73.857,40.65],[-73.859,40.653],[-73.86,40.654],[-73.861,40.655],[-73.86,40.655],[-73.86,40.654],[-73.859,40.654],[-73.859,40.653],[-73.859,40.652],[-73.858,40.652],[-73.858,40.651],[-73.857,40.651],[-73.857,40.65]]],[[[-73.83,40.655],[-73.83,40.656],[-73.83,40.655]]],[[[-73.857,40.712],[-73.857,40.708],[-73.856,40.708],[-73.855,40.708],[-73.854,40.708],[-73.853,40.707],[-73.851,40.708],[-73.85,40.708],[-73.849,40.708],[-73.848,40.708],[-73.847,40.708],[-73.846,40.708],[-73.845,40.709],[-73.844,40.709],[-73.843,40.709],[-73.842,40.709],[-73.841,40.709],[-73.84,40.709],[-73.839,40.709],[-73.838,40.708],[-73.837,40.708],[-73.838,40.707],[-73.838,40.706],[-73.837,40.705],[-73.837,40.704],[-73.838,40.703],[-73.839,40.703],[-73.84,40.703],[-73.842,40.701],[-73.843,40.701],[-73.844,40.7],[-73.845,40.699],[-73.847,40.699],[-73.848,40.699],[-73.849,40.699],[-73.849,40.698],[-73.85,40.698],[-73.849,40.698],[-73.848,40.695],[-73.847,40.693],[-73.846,40.691],[-73.845,40.689],[-73.844,40.689],[-73.844,40.688],[-73.843,40.687],[-73.842,40.685],[-73.841,40.683],[-73.84,40.681],[-73.84,40.68],[-73.838,40.677],[-73.838,40.676],[-73.838,40.675],[-73.837,40.675],[-73.837,40.674],[-73.836,40.673],[-73.836,40.672],[-73.835,40.671],[-73.833,40.667],[-73.833,40.666],[-73.833,40.665],[-73.832,40.665],[-73.832,40.664],[-73.831,40.662],[-73.83,40.66],[-73.829,40.659],[-73.829,40.657],[-73.828,40.656],[-73.828,40.655],[-73.828,40.654],[-73.828,40.653],[-73.827,40.652],[-73.827,40.651],[-73.827,40.65],[-73.826,40.648],[-73.827,40.648],[-73.827,40.649],[-73.828,40.649],[-73.829,40.649],[-73.829,40.65],[-73.83,40.65],[-73.83,40.651],[-73.831,40.651],[-73.831,40.652],[-73.831,40.653],[-73.831,40.654],[-73.832,40.654],[-73.831,40.654],[-73.83,40.655],[-73.829,40.656],[-73.83,40.656],[-73.831,40.655],[-73.831,40.654],[-73.832,40.654],[-73.832,40.655],[-73.831,40.655],[-73.831,40.656],[-73.83,40.656],[-73.83,40.657],[-73.83,40.656],[-73.829,40.656],[-73.829,40.657],[-73.829,40.658],[-73.83,40.658],[-73.83,40.659],[-73.83,40.66],[-73.83,40.659],[-73.83,40.658],[-73.829,40.658],[-73.829,40.657],[-73.83,40.657],[-73.83,40.656],[-73.831,40.656],[-73.832,40.656],[-73.832,40.655],[-73.832,40.656],[-73.833,40.657],[-73.832,40.656],[-73.833,40.658],[-73.832,40.658],[-73.831,40.658],[-73.832,40.658],[-73.833,40.658],[-73.833,40.657],[-73.833,40.656],[-73.833,40.655],[-73.832,40.654],[-73.832,40.653],[-73.832,40.652],[-73.832,40.651],[-73.831,40.651],[-73.831,40.65],[-73.831,40.649],[-73.832,40.648],[-73.835,40.648],[-73.836,40.648],[-73.836,40.649],[-73.836,40.651],[-73.837,40.653],[-73.837,40.654],[-73.838,40.656],[-73.838,40.658],[-73.838,40.659],[-73.839,40.661],[-73.838,40.661],[-73.838,40.662],[-73.839,40.662],[-73.84,40.662],[-73.84,40.661],[-73.84,40.66],[-73.839,40.659],[-73.839,40.658],[-73.838,40.656],[-73.838,40.654],[-73.838,40.653],[-73.837,40.651],[-73.837,40.649],[-73.836,40.645],[-73.838,40.645],[-73.839,40.645],[-73.84,40.645],[-73.841,40.645],[-73.846,40.644],[-73.85,40.644],[-73.852,40.646],[-73.852,40.647],[-73.852,40.648],[-73.852,40.649],[-73.851,40.649],[-73.851,40.65],[-73.85,40.65],[-73.85,40.651],[-73.849,40.651],[-73.85,40.651],[-73.85,40.652],[-73.851,40.652],[-73.851,40.651],[-73.852,40.651],[-73.853,40.651],[-73.854,40.651],[-73.855,40.651],[-73.856,40.651],[-73.856,40.652],[-73.856,40.653],[-73.857,40.653],[-73.858,40.653],[-73.859,40.653],[-73.859,40.654],[-73.859,40.655],[-73.86,40.655],[-73.86,40.656],[-73.861,40.656],[-73.861,40.657],[-73.86,40.657],[-73.861,40.657],[-73.86,40.657],[-73.86,40.658],[-73.86,40.659],[-73.861,40.659],[-73.86,40.659],[-73.861,40.659],[-73.861,40.658],[-73.861,40.659],[-73.861,40.658],[-73.86,40.658],[-73.861,40.658],[-73.86,40.658],[-73.86,40.657],[-73.861,40.657],[-73.862,40.657],[-73.862,40.658],[-73.863,40.658],[-73.862,40.659],[-73.861,40.659],[-73.86,40.66],[-73.859,40.66],[-73.858,40.66],[-73.858,40.661],[-73.858,40.662],[-73.858,40.663],[-73.858,40.664],[-73.857,40.664],[-73.856,40.664],[-73.856,40.666],[-73.856,40.667],[-73.857,40.668],[-73.857,40.669],[-73.857,40.67],[-73.858,40.672],[-73.859,40.672],[-73.859,40.671],[-73.86,40.671],[-73.861,40.673],[-73.861,40.674],[-73.861,40.675],[-73.862,40.677],[-73.862,40.678],[-73.862,40.679],[-73.863,40.679],[-73.864,40.681],[-73.864,40.682],[-73.865,40.682],[-73.866,40.682],[-73.866,40.683],[-73.867,40.684],[-73.867,40.685],[-73.867,40.686],[-73.867,40.687],[-73.867,40.688],[-73.868,40.688],[-73.868,40.689],[-73.868,40.69],[-73.868,40.691],[-73.869,40.694],[-73.868,40.695],[-73.869,40.695],[-73.87,40.695],[-73.871,40.695],[-73.874,40.694],[-73.879,40.691],[-73.88,40.691],[-73.881,40.69],[-73.882,40.689],[-73.884,40.688],[-73.885,40.687],[-73.887,40.686],[-73.888,40.685],[-73.889,40.685],[-73.89,40.684],[-73.89,40.685],[-73.891,40.685],[-73.892,40.684],[-73.893,40.684],[-73.894,40.685],[-73.895,40.684],[-73.896,40.684],[-73.896,40.683],[-73.896,40.682],[-73.897,40.682],[-73.899,40.685],[-73.901,40.688],[-73.9,40.688],[-73.902,40.691],[-73.901,40.692],[-73.901,40.693],[-73.9,40.693],[-73.9,40.694],[-73.899,40.694],[-73.897,40.694],[-73.897,40.693],[-73.898,40.693],[-73.897,40.692],[-73.896,40.692],[-73.895,40.692],[-73.895,40.693],[-73.893,40.692],[-73.894,40.693],[-73.896,40.694],[-73.895,40.695],[-73.892,40.695],[-73.892,40.694],[-73.889,40.695],[-73.888,40.695],[-73.889,40.696],[-73.886,40.696],[-73.887,40.697],[-73.888,40.697],[-73.888,40.698],[-73.888,40.699],[-73.888,40.7],[-73.887,40.7],[-73.886,40.7],[-73.885,40.7],[-73.885,40.702],[-73.885,40.704],[-73.886,40.705],[-73.886,40.706],[-73.885,40.706],[-73.884,40.706],[-73.883,40.706],[-73.882,40.706],[-73.881,40.706],[-73.88,40.706],[-73.879,40.706],[-73.878,40.707],[-73.877,40.707],[-73.876,40.707],[-73.875,40.707],[-73.874,40.707],[-73.873,40.707],[-73.871,40.707],[-73.869,40.707],[-73.869,40.708],[-73.87,40.708],[-73.87,40.709],[-73.869,40.709],[-73.868,40.71],[-73.867,40.71],[-73.866,40.711],[-73.865,40.711],[-73.862,40.712],[-73.86,40.713],[-73.86,40.712],[-73.858,40.712],[-73.857,40.712]]]]},"properties":{"coundist":"32","shape_leng":"344800.268816","shape_area":"358667930.035"}},{"type":"Feature","geometry":{"type":"MultiPolygon","coordinates":[[[[-73.901,40.692],[-73.902,40.691],[-73.9,40.688],[-73.901,40.688],[-73.899,40.685],[-73.897,40.682],[-73.896,40.682],[-73.896,40.683],[-73.896,40.684],[-73.895,40.684],[-73.894,40.685],[-73.893,40.684],[-73.892,40.684],[-73.891,40.685],[-73.89,40.685],[-73.89,40.684],[-73.889,40.685],[-73.888,40.685],[-73.887,40.686],[-73.885,40.687],[-73.884,40.688],[-73.882,40.689],[-73.881,40.69],[-73.88,40.691],[-73.879,40.691],[-73.874,40.694],[-73.871,40.695],[-73.87,40.695],[-73.869,40.695],[-73.868,40.695],[-73.869,40.694],[-73.868,40.691],[-73.868,40.69],[-73.868,40.689],[-73.868,40.688],[-73.867,40.688],[-73.867,40.687],[-73.867,40.686],[-73.867,40.685],[-73.867,40.684],[-73.866,40.683],[-73.866,40.682],[-73.865,40.682],[-73.864,40.682],[-73.864,40.681],[-73.863,40.679],[-73.862,40.679],[-73.862,40.678],[-73.862,40.677],[-73.861,40.675],[-73.861,40.674],[-73.862,40.674],[-73.863,40.675],[-73.864,40.675],[-73.865,40.675],[-73.866,40.676],[-73.867,40.676],[-73.868,40.676],[-73.869,40.677],[-73.87,40.677],[-73.871,40.677],[-73.872,40.677],[-73.873,40.677],[-73.874,40.676],[-73.875,40.676],[-73.876,40.676],[-73.877,40.676],[-73.878,40.676],[-73.879,40.676],[-73.88,40.675],[-73.881,40.675],[-73.882,40.675],[-73.883,40.675],[-73.884,40.675],[-73.885,40.675],[-73.886,40.675],[-73.887,40.675],[-73.888,40.674],[-73.889,40.674],[-73.89,40.674],[-73.891,40.674],[-73.892,40.674],[-73.893,40.674],[-73.894,40.673],[-73.895,40.673],[-73.896,40.673],[-73.896,40.672],[-73.895,40.671],[-73.897,40.67],[-73.898,40.67],[-73.899,40.67],[-73.9,40.67],[-73.9,40.669],[-73.901,40.669],[-73.902,40.668],[-73.903,40.668],[-73.904,40.668],[-73.904,40.669],[-73.904,40.67],[-73.904,40.671],[-73.905,40.67],[-73.906,40.67],[-73.907,40.67],[-73.908,40.67],[-73.908,40.671],[-73.907,40.672],[-73.908,40.672],[-73.908,40.673],[-73.908,40.674],[-73.908,40.673],[-73.909,40.673],[-73.911,40.673],[-73.911,40.674],[-73.911,40.675],[-73.911,40.676],[-73.911,40.678],[-73.911,40.679],[-73.911,40.68],[-73.911,40.681],[-73.912,40.682],[-73.912,40.683],[-73.912,40.684],[-73.913,40.684],[-73.914,40.685],[-73.915,40.685],[-73.915,40.686],[-73.916,40.686],[-73.917,40.686],[-73.917,40.687],[-73.918,40.687],[-73.919,40.688],[-73.92,40.688],[-73.921,40.689],[-73.922,40.69],[-73.923,40.69],[-73.924,40.69],[-73.924,40.691],[-73.925,40.691],[-73.926,40.691],[-73.926,40.692],[-73.925,40.693],[-73.925,40.694],[-73.924,40.694],[-73.925,40.695],[-73.926,40.695],[-73.924,40.697],[-73.924,40.698],[-73.925,40.698],[-73.926,40.698],[-73.926,40.699],[-73.925,40.7],[-73.923,40.702],[-73.922,40.703],[-73.92,40.705],[-73.919,40.706],[-73.918,40.707],[-73.917,40.707],[-73.917,40.706],[-73.916,40.706],[-73.915,40.706],[-73.915,40.705],[-73.914,40.705],[-73.913,40.704],[-73.912,40.704],[-73.912,40.703],[-73.913,40.702],[-73.912,40.702],[-73.911,40.702],[-73.911,40.701],[-73.912,40.7],[-73.911,40.7],[-73.909,40.699],[-73.909,40.698],[-73.908,40.698],[-73.907,40.697],[-73.906,40.697],[-73.905,40.696],[-73.904,40.696],[-73.905,40.695],[-73.906,40.694],[-73.905,40.694],[-73.904,40.693],[-73.903,40.693],[-73.903,40.692],[-73.902,40.692],[-73.901,40.692]]]]},"properties":{"coundist":"37","shape_leng":"66588.1268518","shape_area":"101031674.429"}},{"type":"Feature","geometry":{"type":"MultiPolygon","coordinates":[[[[-73.869,40.786],[-73.87,40.785],[-73.869,40.784],[-73.868,40.784],[-73.869,40.784],[-73.871,40.782],[-73.872,40.781],[-73.871,40.781],[-73.87,40.781],[-73.871,40.781],[-73.872,40.781],[-73.873,40.781],[-73.872,40.781],[-73.871,40.78],[-73.87,40.779],[-73.868,40.779],[-73.868,40.778],[-73.866,40.778],[-73.866,40.777],[-73.865,40.777],[-73.861,40.775],[-73.859,40.774],[-73.858,40.774],[-73.858,40.773],[-73.857,40.773],[-73.856,40.773],[-73.856,40.772],[-73.855,40.772],[-73.856,40.771],[-73.856,40.77],[-73.857,40.77],[-73.858,40.77],[-73.858,40.771],[-73.858,40.77],[-73.857,40.77],[-73.857,40.769],[-73.856,40.769],[-73.857,40.769],[-73.858,40.768],[-73.859,40.767],[-73.86,40.767],[-73.861,40.767],[-73.862,40.767],[-73.863,40.767],[-73.862,40.766],[-73.862,40.765],[-73.861,40.765],[-73.86,40.764],[-73.86,40.763],[-73.859,40.763],[-73.859,40.762],[-73.859,40.763],[-73.859,40.762],[-73.858,40.762],[-73.858,40.763],[-73.858,40.764],[-73.859,40.763],[-73.858,40.764],[-73.858,40.763],[-73.857,40.764],[-73.857,40.763],[-73.858,40.763],[-73.857,40.763],[-73.858,40.763],[-73.858,40.762],[-73.857,40.762],[-73.858,40.762],[-73.859,40.762],[-73.857,40.761],[-73.856,40.761],[-73.855,40.761],[-73.855,40.76],[-73.854,40.76],[-73.853,40.76],[-73.852,40.76],[-73.853,40.76],[-73.852,40.76],[-73.852,40.759],[-73.851,40.759],[-73.85,40.76],[-73.849,40.76],[-73.85,40.761],[-73.852,40.76],[-73.85,40.761],[-73.849,40.76],[-73.848,40.76],[-73.848,40.761],[-73.847,40.761],[-73.846,40.762],[-73.845,40.762],[-73.845,40.763],[-73.844,40.763],[-73.844,40.764],[-73.843,40.763],[-73.843,40.764],[-73.843,40.765],[-73.842,40.765],[-73.841,40.765],[-73.84,40.765],[-73.839,40.765],[-73.84,40.765],[-73.84,40.764],[-73.84,40.763],[-73.839,40.762],[-73.839,40.761],[-73.839,40.76],[-73.839,40.759],[-73.839,40.758],[-73.839,40.757],[-73.838,40.756],[-73.838,40.755],[-73.838,40.754],[-73.837,40.753],[-73.836,40.752],[-73.836,40.751],[-73.835,40.751],[-73.835,40.75],[-73.835,40.749],[-73.835,40.748],[-73.835,40.747],[-73.836,40.747],[-73.836,40.746],[-73.837,40.746],[-73.837,40.745],[-73.838,40.744],[-73.838,40.743],[-73.839,40.743],[-73.84,40.743],[-73.841,40.742],[-73.842,40.742],[-73.843,40.741],[-73.844,40.741],[-73.845,40.74],[-73.846,40.74],[-73.847,40.739],[-73.848,40.739],[-73.849,40.739],[-73.849,40.738],[-73.85,40.738],[-73.851,40.738],[-73.852,40.737],[-73.853,40.737],[-73.854,40.737],[-73.855,40.737],[-73.856,40.736],[-73.857,40.736],[-73.858,40.736],[-73.859,40.736],[-73.86,40.736],[-73.86,40.735],[-73.861,40.735],[-73.862,40.735],[-73.863,40.735],[-73.865,40.734],[-73.865,40.735],[-73.865,40.736],[-73.866,40.737],[-73.865,40.737],[-73.864,40.737],[-73.865,40.739],[-73.865,40.74],[-73.866,40.741],[-73.866,40.742],[-73.866,40.743],[-73.867,40.742],[-73.868,40.742],[-73.868,40.743],[-73.868,40.744],[-73.868,40.745],[-73.868,40.746],[-73.869,40.745],[-73.87,40.745],[-73.871,40.745],[-73.871,40.744],[-73.873,40.745],[-73.875,40.746],[-73.877,40.747],[-73.879,40.748],[-73.88,40.748],[-73.881,40.748],[-73.882,40.748],[-73.883,40.748],[-73.883,40.75],[-73.882,40.75],[-73.881,40.75],[-73.88,40.75],[-73.879,40.75],[-73.878,40.75],[-73.877,40.751],[-73.876,40.751],[-73.875,40.751],[-73.874,40.751],[-73.873,40.751],[-73.874,40.753],[-73.874,40.754],[-73.874,40.755],[-73.873,40.755],[-73.874,40.757],[-73.875,40.757],[-73.876,40.757],[-73.876,40.759],[-73.877,40.76],[-73.877,40.762],[-73.877,40.763],[-73.877,40.764],[-73.878,40.766],[-73.878,40.768],[-73.879,40.77],[-73.88,40.77],[-73.88,40.769],[-73.881,40.769],[-73.882,40.769],[-73.883,40.768],[-73.884,40.768],[-73.884,40.767],[-73.885,40.767],[-73.886,40.767],[-73.888,40.766],[-73.888,40.767],[-73.889,40.769],[-73.889,40.771],[-73.889,40.773],[-73.888,40.774],[-73.886,40.774],[-73.884,40.774],[-73.885,40.774],[-73.885,40.775],[-73.885,40.776],[-73.884,40.776],[-73.885,40.777],[-73.885,40.778],[-73.885,40.779],[-73.885,40.78],[-73.884,40.78],[-73.883,40.78],[-73.882,40.78],[-73.882,40.781],[-73.881,40.781],[-73.88,40.781],[-73.879,40.781],[-73.879,40.782],[-73.878,40.783],[-73.875,40.782],[-73.871,40.786],[-73.87,40.785],[-73.869,40.786]]]]},"properties":{"coundist":"21","shape_leng":"87223.8390714","shape_area":"130912211.275"}},{"type":"Feature","geometry":{"type":"MultiPolygon","coordinates":[[[[-73.885,40.779],[-73.885,40.78],[-73.885,40.779]]],[[[-73.885,40.78]]],[[[-73.88,40.783],[-73.879,40.783],[-73.879,40.782],[-73.879,40.783],[-73.88,40.783]]],[[[-73.906,40.79],[-73.903,40.789],[-73.902,40.79],[-73.902,40.789],[-73.901,40.789],[-73.9,40.789],[-73.9,40.788],[-73.899,40.788],[-73.898,40.787],[-73.897,40.787],[-73.897,40.786],[-73.896,40.786],[-73.897,40.786],[-73.896,40.786],[-73.896,40.785],[-73.897,40.784],[-73.898,40.784],[-73.899,40.783],[-73.901,40.783],[-73.902,40.782],[-73.903,40.781],[-73.903,40.78],[-73.902,40.78],[-73.902,40.781],[-73.901,40.782],[-73.9,40.782],[-73.899,40.782],[-73.897,40.783],[-73.896,40.783],[-73.895,40.784],[-73.894,40.784],[-73.895,40.784],[-73.895,40.783],[-73.896,40.783],[-73.895,40.783],[-73.895,40.782],[-73.894,40.782],[-73.893,40.782],[-73.892,40.782],[-73.893,40.783],[-73.892,40.782],[-73.893,40.782],[-73.892,40.782],[-73.892,40.781],[-73.892,40.78],[-73.892,40.779],[-73.892,40.78],[-73.892,40.779],[-73.892,40.78],[-73.892,40.779],[-73.891,40.779],[-73.892,40.778],[-73.892,40.777],[-73.891,40.776],[-73.892,40.776],[-73.892,40.775],[-73.891,40.776],[-73.891,40.777],[-73.891,40.778],[-73.89,40.778],[-73.89,40.777],[-73.889,40.776],[-73.89,40.775],[-73.89,40.774],[-73.889,40.774],[-73.889,40.773],[-73.889,40.771],[-73.889,40.769],[-73.888,40.767],[-73.888,40.766],[-73.886,40.767],[-73.885,40.767],[-73.884,40.767],[-73.884,40.768],[-73.883,40.768],[-73.882,40.769],[-73.881,40.769],[-73.88,40.769],[-73.88,40.77],[-73.879,40.77],[-73.878,40.768],[-73.878,40.766],[-73.877,40.764],[-73.877,40.763],[-73.877,40.762],[-73.878,40.762],[-73.879,40.762],[-73.88,40.762],[-73.881,40.762],[-73.882,40.762],[-73.883,40.762],[-73.884,40.761],[-73.885,40.761],[-73.886,40.761],[-73.887,40.761],[-73.888,40.761],[-73.889,40.763],[-73.89,40.763],[-73.891,40.763],[-73.892,40.763],[-73.893,40.762],[-73.895,40.762],[-73.896,40.762],[-73.897,40.762],[-73.898,40.761],[-73.898,40.76],[-73.899,40.759],[-73.899,40.758],[-73.9,40.758],[-73.901,40.758],[-73.902,40.758],[-73.903,40.758],[-73.904,40.757],[-73.905,40.757],[-73.906,40.757],[-73.907,40.757],[-73.908,40.757],[-73.907,40.758],[-73.907,40.759],[-73.906,40.76],[-73.907,40.76],[-73.909,40.758],[-73.91,40.758],[-73.911,40.758],[-73.912,40.756],[-73.913,40.756],[-73.915,40.754],[-73.916,40.754],[-73.918,40.754],[-73.919,40.754],[-73.92,40.754],[-73.921,40.754],[-73.921,40.755],[-73.922,40.755],[-73.923,40.755],[-73.924,40.756],[-73.922,40.757],[-73.923,40.758],[-73.924,40.758],[-73.925,40.759],[-73.926,40.759],[-73.927,40.758],[-73.927,40.757],[-73.928,40.756],[-73.929,40.756],[-73.93,40.757],[-73.931,40.757],[-73.932,40.758],[-73.933,40.758],[-73.934,40.759],[-73.933,40.76],[-73.932,40.761],[-73.932,40.762],[-73.933,40.762],[-73.934,40.763],[-73.935,40.764],[-73.936,40.764],[-73.937,40.764],[-73.938,40.763],[-73.938,40.762],[-73.939,40.762],[-73.939,40.761],[-73.94,40.761],[-73.941,40.761],[-73.942,40.762],[-73.943,40.762],[-73.944,40.763],[-73.945,40.763],[-73.944,40.764],[-73.942,40.767],[-73.941,40.767],[-73.94,40.768],[-73.939,40.768],[-73.938,40.769],[-73.937,40.769],[-73.936,40.77],[-73.936,40.769],[-73.935,40.77],[-73.935,40.771],[-73.934,40.771],[-73.934,40.772],[-73.935,40.772],[-73.936,40.772],[-73.938,40.773],[-73.938,40.774],[-73.938,40.775],[-73.937,40.776],[-73.936,40.777],[-73.935,40.778],[-73.934,40.778],[-73.933,40.778],[-73.932,40.778],[-73.931,40.777],[-73.93,40.776],[-73.929,40.776],[-73.929,40.777],[-73.928,40.777],[-73.926,40.778],[-73.926,40.779],[-73.925,40.779],[-73.924,40.779],[-73.923,40.78],[-73.923,40.781],[-73.922,40.781],[-73.921,40.782],[-73.92,40.783],[-73.919,40.783],[-73.918,40.784],[-73.917,40.784],[-73.917,40.785],[-73.916,40.786],[-73.915,40.786],[-73.916,40.786],[-73.914,40.788],[-73.913,40.789],[-73.912,40.789],[-73.913,40.789],[-73.912,40.789],[-73.912,40.79],[-73.911,40.79],[-73.91,40.791],[-73.907,40.79],[-73.906,40.79]]],[[[-73.889,40.799],[-73.888,40.799],[-73.888,40.798],[-73.887,40.798],[-73.886,40.798],[-73.886,40.797],[-73.885,40.797],[-73.885,40.796],[-73.884,40.796],[-73.883,40.796],[-73.883,40.795],[-73.882,40.795],[-73.881,40.795],[-73.88,40.795],[-73.879,40.795],[-73.878,40.794],[-73.877,40.794],[-73.876,40.794],[-73.876,40.793],[-73.875,40.793],[-73.875,40.792],[-73.874,40.792],[-73.873,40.792],[-73.873,40.791],[-73.872,40.791],[-73.871,40.79],[-73.871,40.789],[-73.871,40.788],[-73.871,40.787],[-73.872,40.787],[-73.872,40.786],[-73.873,40.786],[-73.874,40.786],[-73.875,40.786],[-73.876,40.786],[-73.877,40.786],[-73.878,40.785],[-73.885,40.787],[-73.886,40.787],[-73.887,40.787],[-73.888,40.787],[-73.889,40.787],[-73.889,40.788],[-73.89,40.788],[-73.89,40.789],[-73.89,40.79],[-73.891,40.79],[-73.892,40.79],[-73.893,40.793],[-73.893,40.794],[-73.892,40.797],[-73.891,40.797],[-73.891,40.798],[-73.89,40.798],[-73.889,40.798],[-73.888,40.798],[-73.889,40.798],[-73.888,40.798],[-73.888,40.799],[-73.889,40.799]]]]},"properties":{"coundist":"22","shape_leng":"100202.295898","shape_area":"150395657.511"}},{"type":"Feature","geometry":{"type":"MultiPolygon","coordinates":[[[[-73.911,40.845],[-73.912,40.844],[-73.912,40.843],[-73.911,40.843],[-73.91,40.843],[-73.909,40.843],[-73.908,40.843],[-73.907,40.843],[-73.906,40.843],[-73.905,40.843],[-73.905,40.842],[-73.905,40.841],[-73.905,40.84],[-73.906,40.84],[-73.905,40.84],[-73.904,40.84],[-73.904,40.839],[-73.903,40.839],[-73.902,40.839],[-73.901,40.838],[-73.9,40.838],[-73.9,40.837],[-73.901,40.837],[-73.901,40.836],[-73.901,40.835],[-73.902,40.835],[-73.901,40.834],[-73.9,40.834],[-73.901,40.834],[-73.901,40.833],[-73.901,40.832],[-73.902,40.832],[-73.903,40.832],[-73.904,40.831],[-73.906,40.829],[-73.907,40.83],[-73.907,40.828],[-73.907,40.827],[-73.908,40.827],[-73.908,40.826],[-73.908,40.825],[-73.909,40.825],[-73.909,40.824],[-73.91,40.825],[-73.911,40.825],[-73.912,40.825],[-73.913,40.825],[-73.914,40.826],[-73.915,40.825],[-73.916,40.825],[-73.917,40.824],[-73.918,40.824],[-73.918,40.823],[-73.919,40.823],[-73.92,40.822],[-73.921,40.822],[-73.922,40.821],[-73.923,40.821],[-73.923,40.82],[-73.924,40.82],[-73.925,40.82],[-73.926,40.82],[-73.926,40.821],[-73.927,40.821],[-73.927,40.822],[-73.927,40.823],[-73.928,40.824],[-73.928,40.825],[-73.929,40.825],[-73.93,40.826],[-73.93,40.827],[-73.931,40.827],[-73.931,40.828],[-73.932,40.828],[-73.933,40.828],[-73.933,40.83],[-73.933,40.831],[-73.934,40.833],[-73.933,40.833],[-73.933,40.834],[-73.933,40.835],[-73.933,40.836],[-73.933,40.837],[-73.932,40.837],[-73.932,40.838],[-73.931,40.838],[-73.931,40.839],[-73.931,40.84],[-73.93,40.84],[-73.93,40.841],[-73.93,40.842],[-73.929,40.843],[-73.929,40.845],[-73.928,40.845],[-73.928,40.846],[-73.927,40.846],[-73.927,40.847],[-73.927,40.848],[-73.926,40.848],[-73.925,40.849],[-73.925,40.85],[-73.924,40.85],[-73.924,40.851],[-73.924,40.852],[-73.923,40.852],[-73.923,40.853],[-73.922,40.854],[-73.921,40.854],[-73.921,40.855],[-73.92,40.855],[-73.921,40.855],[-73.921,40.856],[-73.92,40.856],[-73.92,40.857],[-73.919,40.857],[-73.918,40.858],[-73.918,40.859],[-73.917,40.859],[-73.916,40.861],[-73.915,40.862],[-73.914,40.862],[-73.913,40.862],[-73.914,40.861],[-73.915,40.86],[-73.916,40.859],[-73.917,40.858],[-73.917,40.857],[-73.917,40.856],[-73.917,40.855],[-73.917,40.854],[-73.918,40.854],[-73.918,40.853],[-73.919,40.853],[-73.921,40.85],[-73.922,40.85],[-73.924,40.849],[-73.924,40.848],[-73.925,40.846],[-73.926,40.846],[-73.926,40.845],[-73.925,40.845],[-73.924,40.845],[-73.923,40.845],[-73.922,40.845],[-73.921,40.845],[-73.92,40.845],[-73.919,40.845],[-73.918,40.845],[-73.917,40.845],[-73.916,40.845],[-73.915,40.845],[-73.914,40.845],[-73.913,40.845],[-73.912,40.845],[-73.911,40.845]]]]},"properties":{"coundist":"16","shape_leng":"49466.2997955","shape_area":"62082469.0564"}},{"type":"Feature","geometry":{"type":"MultiPolygon","coordinates":[[[[-73.978,40.633],[-73.977,40.631],[-73.977,40.63],[-73.977,40.629],[-73.977,40.628],[-73.977,40.627],[-73.976,40.627],[-73.976,40.626],[-73.975,40.626],[-73.974,40.626],[-73.973,40.626],[-73.972,40.626],[-73.971,40.627],[-73.97,40.627],[-73.969,40.627],[-73.968,40.627],[-73.967,40.627],[-73.966,40.627],[-73.965,40.627],[-73.964,40.627],[-73.963,40.627],[-73.962,40.628],[-73.961,40.628],[-73.96,40.628],[-73.959,40.628],[-73.958,40.628],[-73.957,40.628],[-73.956,40.626],[-73.956,40.623],[-73.956,40.621],[-73.955,40.619],[-73.954,40.619],[-73.953,40.619],[-73.952,40.619],[-73.951,40.619],[-73.95,40.619],[-73.949,40.619],[-73.948,40.619],[-73.948,40.617],[-73.949,40.617],[-73.95,40.617],[-73.951,40.617],[-73.952,40.617],[-73.953,40.616],[-73.954,40.616],[-73.955,40.616],[-73.956,40.616],[-73.957,40.616],[-73.958,40.616],[-73.959,40.616],[-73.96,40.616],[-73.96,40.615],[-73.961,40.615],[-73.962,40.615],[-73.963,40.615],[-73.963,40.612],[-73.962,40.61],[-73.962,40.608],[-73.962,40.607],[-73.962,40.605],[-73.963,40.605],[-73.964,40.605],[-73.964,40.603],[-73.965,40.603],[-73.966,40.602],[-73.966,40.6],[-73.966,40.598],[-73.965,40.596],[-73.965,40.594],[-73.965,40.593],[-73.965,40.592],[-73.965,40.591],[-73.966,40.591],[-73.967,40.591],[-73.968,40.591],[-73.969,40.591],[-73.97,40.59],[-73.971,40.59],[-73.972,40.59],[-73.973,40.59],[-73.974,40.59],[-73.974,40.592],[-73.975,40.592],[-73.976,40.592],[-73.975,40.593],[-73.976,40.593],[-73.976,40.594],[-73.976,40.595],[-73.976,40.596],[-73.977,40.597],[-73.977,40.599],[-73.977,40.601],[-73.978,40.602],[-73.978,40.604],[-73.978,40.605],[-73.978,40.606],[-73.979,40.608],[-73.979,40.611],[-73.98,40.613],[-73.979,40.612],[-73.979,40.613],[-73.978,40.614],[-73.977,40.614],[-73.98,40.616],[-73.979,40.616],[-73.981,40.617],[-73.983,40.618],[-73.984,40.619],[-73.986,40.62],[-73.988,40.621],[-73.99,40.623],[-73.993,40.624],[-73.994,40.625],[-73.995,40.626],[-73.997,40.627],[-73.999,40.628],[-74.001,40.63],[-74.004,40.631],[-74.003,40.632],[-74.002,40.632],[-74.002,40.633],[-74.001,40.633],[-74.003,40.635],[-74.002,40.636],[-74.001,40.636],[-74.0,40.637],[-74.001,40.637],[-74.0,40.638],[-73.999,40.639],[-73.998,40.638],[-73.997,40.639],[-73.996,40.639],[-73.996,40.64],[-73.995,40.64],[-73.994,40.641],[-73.993,40.641],[-73.993,40.642],[-73.99,40.64],[-73.988,40.639],[-73.986,40.638],[-73.984,40.636],[-73.981,40.635],[-73.979,40.633],[-73.978,40.633]]]]},"properties":{"coundist":"44","shape_leng":"62842.483633","shape_area":"99194858.1299"}},{"type":"Feature","geometry":{"type":"MultiPolygon","coordinates":[[[[-73.978,40.685],[-73.978,40.684],[-73.977,40.683],[-73.976,40.682],[-73.975,40.681],[-73.975,40.68],[-73.974,40.68],[-73.974,40.679],[-73.973,40.678],[-73.972,40.677],[-73.972,40.676],[-73.969,40.676],[-73.97,40.675],[-73.969,40.675],[-73.969,40.674],[-73.969,40.673],[-73.969,40.672],[-73.968,40.672],[-73.968,40.671],[-73.967,40.67],[-73.966,40.669],[-73.966,40.668],[-73.965,40.667],[-73.965,40.666],[-73.964,40.666],[-73.963,40.665],[-73.963,40.664],[-73.962,40.663],[-73.963,40.663],[-73.963,40.662],[-73.963,40.66],[-73.963,40.658],[-73.962,40.655],[-73.964,40.654],[-73.966,40.653],[-73.972,40.651],[-73.973,40.651],[-73.974,40.651],[-73.974,40.65],[-73.975,40.65],[-73.975,40.649],[-73.975,40.648],[-73.974,40.645],[-73.974,40.643],[-73.973,40.644],[-73.972,40.644],[-73.971,40.644],[-73.97,40.644],[-73.969,40.644],[-73.969,40.643],[-73.969,40.642],[-73.968,40.642],[-73.968,40.64],[-73.968,40.638],[-73.968,40.637],[-73.969,40.636],[-73.97,40.636],[-73.971,40.636],[-73.972,40.636],[-73.973,40.636],[-73.974,40.636],[-73.975,40.636],[-73.976,40.636],[-73.977,40.636],[-73.978,40.636],[-73.978,40.633],[-73.979,40.633],[-73.981,40.635],[-73.984,40.636],[-73.986,40.638],[-73.988,40.639],[-73.99,40.64],[-73.993,40.642],[-73.992,40.642],[-73.991,40.643],[-73.99,40.643],[-73.99,40.644],[-73.989,40.644],[-73.988,40.645],[-73.985,40.646],[-73.983,40.647],[-73.982,40.647],[-73.981,40.647],[-73.98,40.648],[-73.981,40.65],[-73.981,40.652],[-73.981,40.653],[-73.982,40.655],[-73.984,40.657],[-73.986,40.658],[-73.988,40.659],[-73.989,40.659],[-73.99,40.658],[-73.992,40.659],[-73.993,40.658],[-73.995,40.66],[-73.994,40.661],[-73.993,40.661],[-73.993,40.662],[-73.992,40.663],[-73.991,40.664],[-73.99,40.664],[-73.99,40.665],[-73.989,40.666],[-73.988,40.667],[-73.987,40.668],[-73.987,40.669],[-73.986,40.669],[-73.989,40.67],[-73.991,40.672],[-73.993,40.673],[-73.996,40.674],[-73.997,40.674],[-73.997,40.673],[-73.998,40.673],[-73.998,40.672],[-73.999,40.672],[-73.999,40.673],[-74.0,40.674],[-74.0,40.675],[-74.001,40.675],[-74.001,40.676],[-74.002,40.677],[-74.002,40.678],[-74.003,40.678],[-74.003,40.679],[-74.004,40.679],[-74.004,40.68],[-74.005,40.68],[-74.005,40.681],[-74.006,40.682],[-74.006,40.683],[-74.007,40.683],[-74.007,40.684],[-74.008,40.685],[-74.009,40.686],[-74.008,40.686],[-74.007,40.686],[-74.007,40.687],[-74.006,40.686],[-74.006,40.687],[-74.005,40.688],[-74.004,40.689],[-74.003,40.69],[-74.002,40.69],[-74.001,40.69],[-74.001,40.691],[-74.002,40.692],[-74.002,40.693],[-74.001,40.692],[-74.0,40.692],[-73.999,40.692],[-73.999,40.691],[-73.998,40.691],[-73.996,40.691],[-73.994,40.69],[-73.992,40.69],[-73.993,40.689],[-73.993,40.688],[-73.994,40.687],[-73.991,40.686],[-73.989,40.685],[-73.988,40.686],[-73.987,40.685],[-73.986,40.685],[-73.984,40.684],[-73.982,40.683],[-73.98,40.682],[-73.979,40.683],[-73.979,40.684],[-73.978,40.684],[-73.978,40.685]]]]},"properties":{"coundist":"39","shape_leng":"72283.5838559","shape_area":"118294455.373"}},{"type":"Feature","geometry":{"type":"MultiPolygon","coordinates":[[[[-73.937,40.664],[-73.937,40.663],[-73.937,40.662],[-73.937,40.661],[-73.937,40.66],[-73.937,40.659],[-73.937,40.658],[-73.936,40.658],[-73.935,40.658],[-73.934,40.658],[-73.932,40.658],[-73.931,40.658],[-73.931,40.657],[-73.932,40.657],[-73.933,40.657],[-73.934,40.656],[-73.935,40.656],[-73.936,40.656],[-73.937,40.656],[-73.936,40.655],[-73.936,40.653],[-73.936,40.651],[-73.936,40.65],[-73.937,40.65],[-73.938,40.65],[-73.939,40.65],[-73.94,40.65],[-73.941,40.65],[-73.942,40.649],[-73.943,40.649],[-73.944,40.649],[-73.945,40.649],[-73.947,40.649],[-73.948,40.649],[-73.949,40.649],[-73.949,40.648],[-73.949,40.647],[-73.949,40.645],[-73.949,40.644],[-73.949,40.643],[-73.95,40.643],[-73.951,40.643],[-73.952,40.643],[-73.953,40.643],[-73.954,40.643],[-73.956,40.643],[-73.958,40.643],[-73.957,40.642],[-73.956,40.641],[-73.955,40.64],[-73.956,40.639],[-73.957,40.639],[-73.958,40.638],[-73.959,40.638],[-73.96,40.637],[-73.961,40.637],[-73.962,40.636],[-73.963,40.636],[-73.964,40.635],[-73.965,40.635],[-73.966,40.634],[-73.967,40.634],[-73.969,40.633],[-73.972,40.632],[-73.971,40.631],[-73.971,40.63],[-73.971,40.629],[-73.971,40.628],[-73.971,40.627],[-73.972,40.626],[-73.973,40.626],[-73.974,40.626],[-73.975,40.626],[-73.976,40.626],[-73.976,40.627],[-73.977,40.627],[-73.977,40.628],[-73.977,40.629],[-73.977,40.63],[-73.977,40.631],[-73.978,40.633],[-73.978,40.636],[-73.977,40.636],[-73.976,40.636],[-73.975,40.636],[-73.974,40.636],[-73.973,40.636],[-73.972,40.636],[-73.971,40.636],[-73.97,40.636],[-73.969,40.636],[-73.968,40.637],[-73.968,40.638],[-73.968,40.64],[-73.968,40.642],[-73.969,40.642],[-73.969,40.643],[-73.969,40.644],[-73.97,40.644],[-73.971,40.644],[-73.972,40.644],[-73.973,40.644],[-73.974,40.643],[-73.974,40.645],[-73.975,40.648],[-73.975,40.649],[-73.975,40.65],[-73.974,40.65],[-73.974,40.651],[-73.973,40.651],[-73.972,40.651],[-73.966,40.653],[-73.964,40.654],[-73.962,40.655],[-73.963,40.658],[-73.963,40.66],[-73.963,40.662],[-73.963,40.663],[-73.962,40.663],[-73.961,40.663],[-73.96,40.663],[-73.957,40.663],[-73.954,40.664],[-73.951,40.664],[-73.949,40.664],[-73.948,40.664],[-73.945,40.664],[-73.944,40.664],[-73.943,40.664],[-73.94,40.664],[-73.939,40.664],[-73.937,40.664]]]]},"properties":{"coundist":"40","shape_leng":"54130.6499767","shape_area":"73666488.5106"}}],"crs":{"type":"name","properties":{"name":"urn:ogc:def:crs:OGC:1.3:CRS84"}}}