{"type":"FeatureCollection","features":[{"type":"Feature","properties":{"DISTRICT":1,"BASENAME":"1"},"geometry":{"type":"MultiPolygon","coordinates":[[[[-75.911,42.989],[-75.952,42.988],[-75.966,42.988],[-75.981,42.987],[-76.018,42.986],[-76.066,42.983],[-76.076,42.983],[-76.092,42.982],[-76.1,42.982],[-76.108,42.987],[-76.109,43.004],[-76.111,43.022],[-76.112,43.029],[-76.107,43.033],[-76.095,43.033],[-76.079,43.036],[-76.074,43.038],[-76.082,43.041],[-76.085,43.046],[-76.09,43.051],[-76.088,43.055],[-76.084,43.058],[-76.089,43.065],[-76.093,43.068],[-76.099,43.07],[-76.103,43.076],[-76.112,43.076],[-76.119,43.073],[-76.135,43.079],[-76.142,43.081],[-76.149,43.084],[-76.158,43.083],[-76.166,43.081],[-76.171,43.077],[-76.178,43.078],[-76.198,43.064],[-76.197,43.06],[-76.2,43.056],[-76.197,43.051],[-76.194,43.047],[-76.197,43.042],[-76.201,43.046],[-76.204,43.044],[-76.198,43.042],[-76.188,43.038],[-76.195,43.032],[-76.206,43.032],[-76.222,43.031],[-76.232,43.031],[-76.25,43.03],[-76.278,43.029],[-76.297,43.014],[-76.319,43.013],[-76.334,43.012],[-76.372,43.019],[-76.375,43.058],[-76.373,43.082],[-76.362,43.083],[-76.331,43.084],[-76.298,43.094],[-76.262,43.101],[-76.27,43.113],[-76.278,43.123],[-76.273,43.125],[-76.267,43.124],[-76.262,43.124],[-76.257,43.12],[-76.251,43.123],[-76.254,43.128],[-76.249,43.13],[-76.244,43.132],[-76.239,43.137],[-76.239,43.142],[-76.237,43.145],[-76.239,43.152],[-76.243,43.156],[-76.248,43.161],[-76.253,43.163],[-76.258,43.165],[-76.264,43.167],[-76.268,43.171],[-76.272,43.174],[-76.277,43.176],[-76.277,43.183],[-76.277,43.187],[-76.278,43.192],[-76.282,43.196],[-76.28,43.201],[-76.283,43.207],[-76.288,43.216],[-76.298,43.224],[-76.303,43.228],[-76.311,43.23],[-76.317,43.23],[-76.326,43.232],[-76.352,43.232],[-76.363,43.232],[-76.384,43.231],[-76.417,43.23],[-76.46,43.228],[-76.48,43.24],[-76.49,43.257],[-76.524,43.256],[-76.555,43.255],[-76.601,43.254],[-76.606,43.264],[-76.608,43.297],[-76.61,43.324],[-76.61,43.336],[-76.612,43.353],[-76.612,43.364],[-76.614,43.385],[-76.615,43.398],[-76.616,43.41],[-76.618,43.418],[-76.621,43.414],[-76.626,43.412],[-76.632,43.412],[-76.636,43.407],[-76.643,43.4],[-76.647,43.395],[-76.65,43.389],[-76.655,43.384],[-76.659,43.379],[-76.663,43.375],[-76.667,43.37],[-76.671,43.364],[-76.676,43.361],[-76.68,43.356],[-76.684,43.353],[-76.689,43.35],[-76.694,43.346],[-76.7,43.344],[-76.707,43.345],[-76.713,43.346],[-76.72,43.344],[-76.722,43.336],[-76.721,43.328],[-76.721,43.321],[-76.72,43.315],[-76.719,43.305],[-76.718,43.286],[-76.715,43.264],[-76.714,43.254],[-76.713,43.24],[-76.712,43.225],[-76.711,43.217],[-76.71,43.207],[-76.71,43.198],[-76.709,43.183],[-76.708,43.172],[-76.707,43.152],[-76.707,43.143],[-76.706,43.13],[-76.705,43.118],[-76.704,43.108],[-76.704,43.098],[-76.703,43.084],[-76.704,43.077],[-76.706,43.072],[-76.711,43.069],[-76.715,43.066],[-76.718,43.062],[-76.718,43.05],[-76.719,43.037],[-76.718,43.03],[-76.714,43.025],[-76.711,43.019],[-76.715,43.014],[-76.721,43.008],[-76.721,43.002],[-76.722,42.993],[-76.728,42.986],[-76.731,42.975],[-76.737,42.968],[-76.738,42.962],[-76.739,42.954],[-76.736,42.947],[-76.736,42.935],[-76.739,42.911],[-76.732,42.892],[-76.725,42.879],[-76.721,42.868],[-76.719,42.846],[-76.719,42.825],[-76.727,42.811],[-76.74,42.79],[-76.737,42.754],[-76.733,42.727],[-76.724,42.704],[-76.72,42.701],[-76.715,42.697],[-76.698,42.685],[-76.683,42.665],[-76.674,42.64],[-76.667,42.624],[-76.633,42.625],[-76.616,42.625],[-76.597,42.623],[-76.573,42.623],[-76.554,42.624],[-76.541,42.625],[-76.523,42.625],[-76.513,42.626],[-76.492,42.626],[-76.468,42.627],[-76.459,42.627],[-76.455,42.619],[-76.421,42.62],[-76.413,42.62],[-76.404,42.62],[-76.386,42.621],[-76.373,42.621],[-76.358,42.621],[-76.349,42.621],[-76.323,42.622],[-76.305,42.623],[-76.273,42.623],[-76.267,42.645],[-76.269,42.681],[-76.272,42.73],[-76.274,42.761],[-76.256,42.772],[-76.244,42.773],[-76.196,42.775],[-76.169,42.776],[-76.143,42.777],[-76.129,42.778],[-76.115,42.779],[-76.054,42.783],[-76.031,42.784],[-75.998,42.785],[-75.956,42.788],[-75.916,42.79],[-75.897,42.802],[-75.897,42.809],[-75.898,42.815],[-75.9,42.843],[-75.902,42.869],[-75.904,42.888],[-75.906,42.921],[-75.906,42.929],[-75.908,42.945],[-75.909,42.965],[-75.91,42.988],[-75.911,42.989]]],[[[-75.973,44.305],[-75.975,44.303],[-75.981,44.302],[-75.983,44.299],[-75.984,44.296],[-75.987,44.297],[-75.988,44.293],[-75.991,44.289],[-75.992,44.286],[-75.994,44.284],[-76.001,44.283],[-76.001,44.279],[-76.003,44.276],[-76.005,44.277],[-76.009,44.276],[-76.013,44.274],[-76.014,44.274],[-76.015,44.27],[-76.013,44.267],[-76.017,44.264],[-76.013,44.261],[-76.016,44.262],[-76.019,44.262],[-76.017,44.267],[-76.023,44.267],[-76.027,44.267],[-76.032,44.264],[-76.037,44.264],[-76.04,44.261],[-76.037,44.258],[-76.036,44.254],[-76.04,44.256],[-76.044,44.255],[-76.051,44.253],[-76.055,44.251],[-76.057,44.248],[-76.058,44.25],[-76.061,44.248],[-76.063,44.245],[-76.069,44.243],[-76.071,44.242],[-76.072,44.241],[-76.073,44.244],[-76.075,44.243],[-76.079,44.239],[-76.078,44.245],[-76.08,44.246],[-76.082,44.242],[-76.089,44.243],[-76.089,44.24],[-76.089,44.236],[-76.086,44.233],[-76.085,44.23],[-76.089,44.23],[-76.093,44.225],[-76.097,44.222],[-76.096,44.224],[-76.094,44.227],[-76.09,44.23],[-76.092,44.233],[-76.095,44.234],[-76.101,44.235],[-76.101,44.235],[-76.102,44.235],[-76.104,44.237],[-76.109,44.239],[-76.112,44.235],[-76.116,44.23],[-76.121,44.226],[-76.128,44.224],[-76.135,44.222],[-76.14,44.223],[-76.146,44.22],[-76.151,44.22],[-76.158,44.219],[-76.166,44.216],[-76.173,44.212],[-76.181,44.207],[-76.186,44.205],[-76.189,44.207],[-76.193,44.206],[-76.198,44.205],[-76.202,44.205],[-76.206,44.202],[-76.204,44.198],[-76.209,44.194],[-76.215,44.192],[-76.221,44.188],[-76.227,44.186],[-76.231,44.183],[-76.232,44.181],[-76.238,44.18],[-76.243,44.177],[-76.245,44.173],[-76.247,44.171],[-76.25,44.17],[-76.252,44.169],[-76.257,44.166],[-76.263,44.164],[-76.27,44.16],[-76.276,44.159],[-76.283,44.16],[-76.29,44.157],[-76.294,44.154],[-76.3,44.15],[-76.302,44.147],[-76.305,44.143],[-76.309,44.139],[-76.315,44.135],[-76.321,44.133],[-76.326,44.132],[-76.33,44.131],[-76.334,44.13],[-76.338,44.129],[-76.343,44.127],[-76.349,44.123],[-76.353,44.12],[-76.358,44.115],[-76.363,44.112],[-76.366,44.108],[-76.37,44.103],[-76.368,44.1],[-76.365,44.101],[-76.358,44.101],[-76.36,44.096],[-76.358,44.093],[-76.359,44.089],[-76.352,44.092],[-76.344,44.088],[-76.35,44.083],[-76.356,44.078],[-76.36,44.077],[-76.361,44.073],[-76.354,44.071],[-76.346,44.072],[-76.34,44.074],[-76.335,44.077],[-76.331,44.073],[-76.328,44.075],[-76.322,44.078],[-76.315,44.08],[-76.312,44.081],[-76.314,44.078],[-76.319,44.076],[-76.324,44.074],[-76.329,44.071],[-76.334,44.068],[-76.332,44.065],[-76.327,44.063],[-76.321,44.061],[-76.314,44.059],[-76.308,44.058],[-76.303,44.06],[-76.298,44.06],[-76.295,44.056],[-76.299,44.05],[-76.295,44.048],[-76.298,44.042],[-76.3,44.036],[-76.3,44.031],[-76.307,44.027],[-76.306,44.024],[-76.3,44.019],[-76.302,44.013],[-76.3,44.01],[-76.294,44.01],[-76.287,44.011],[-76.279,44.007],[-76.275,44.004],[-76.269,44.001],[-76.266,43.993],[-76.268,43.987],[-76.272,43.983],[-76.268,43.983],[-76.272,43.98],[-76.275,43.975],[-76.278,43.973],[-76.282,43.969],[-76.282,43.963],[-76.277,43.961],[-76.269,43.963],[-76.264,43.967],[-76.257,43.967],[-76.25,43.969],[-76.244,43.973],[-76.237,43.978],[-76.229,43.987],[-76.221,43.996],[-76.222,44.001],[-76.218,44.006],[-76.214,44.011],[-76.209,44.015],[-76.204,44.019],[-76.202,44.024],[-76.203,44.027],[-76.209,44.029],[-76.217,44.027],[-76.215,44.029],[-76.216,44.03],[-76.221,44.029],[-76.226,44.029],[-76.233,44.028],[-76.237,44.026],[-76.243,44.024],[-76.249,44.023],[-76.254,44.021],[-76.26,44.02],[-76.266,44.019],[-76.274,44.016],[-76.28,44.012],[-76.285,44.013],[-76.282,44.018],[-76.286,44.018],[-76.282,44.022],[-76.28,44.027],[-76.277,44.032],[-76.276,44.037],[-76.273,44.041],[-76.269,44.045],[-76.265,44.049],[-76.268,44.051],[-76.273,44.052],[-76.268,44.053],[-76.26,44.055],[-76.256,44.058],[-76.249,44.063],[-76.243,44.064],[-76.242,44.063],[-76.235,44.065],[-76.229,44.066],[-76.227,44.067],[-76.223,44.067],[-76.218,44.07],[-76.214,44.072],[-76.208,44.074],[-76.204,44.078],[-76.204,44.08],[-76.198,44.08],[-76.197,44.08],[-76.199,44.079],[-76.2,44.076],[-76.204,44.072],[-76.207,44.067],[-76.213,44.061],[-76.208,44.057],[-76.205,44.055],[-76.199,44.057],[-76.193,44.059],[-76.185,44.059],[-76.18,44.061],[-76.175,44.064],[-76.172,44.066],[-76.165,44.063],[-76.159,44.064],[-76.153,44.065],[-76.153,44.066],[-76.151,44.067],[-76.147,44.07],[-76.14,44.07],[-76.141,44.067],[-76.147,44.061],[-76.149,44.059],[-76.143,44.06],[-76.138,44.062],[-76.132,44.064],[-76.129,44.063],[-76.135,44.061],[-76.141,44.059],[-76.146,44.054],[-76.15,44.05],[-76.152,44.045],[-76.164,44.037],[-76.167,44.033],[-76.161,44.032],[-76.153,44.031],[-76.147,44.033],[-76.142,44.038],[-76.135,44.039],[-76.131,44.038],[-76.126,44.038],[-76.121,44.04],[-76.115,44.044],[-76.11,44.047],[-76.11,44.047],[-76.107,44.047],[-76.106,44.047],[-76.111,44.045],[-76.116,44.042],[-76.121,44.038],[-76.119,44.035],[-76.12,44.032],[-76.124,44.026],[-76.127,44.023],[-76.13,44.019],[-76.136,44.015],[-76.141,44.012],[-76.147,44.008],[-76.154,44.006],[-76.159,44.006],[-76.166,44.005],[-76.171,44.004],[-76.178,44.001],[-76.184,44],[-76.19,43.997],[-76.196,43.994],[-76.202,43.989],[-76.206,43.984],[-76.208,43.979],[-76.205,43.975],[-76.2,43.972],[-76.201,43.968],[-76.195,43.97],[-76.188,43.97],[-76.181,43.973],[-76.175,43.974],[-76.171,43.969],[-76.174,43.965],[-76.171,43.963],[-76.167,43.959],[-76.161,43.96],[-76.157,43.96],[-76.152,43.963],[-76.146,43.966],[-76.14,43.966],[-76.134,43.966],[-76.127,43.969],[-76.12,43.972],[-76.114,43.976],[-76.106,43.982],[-76.101,43.985],[-76.097,43.988],[-76.092,43.991],[-76.087,43.995],[-76.086,43.999],[-76.081,44.002],[-76.079,44.001],[-76.076,43.999],[-76.069,43.997],[-76.069,43.997],[-76.065,43.996],[-76.061,43.996],[-76.062,43.991],[-76.061,43.989],[-76.059,43.982],[-76.059,43.976],[-76.059,43.975],[-76.063,43.972],[-76.068,43.97],[-76.072,43.97],[-76.075,43.97],[-76.074,43.974],[-76.078,43.977],[-76.083,43.976],[-76.084,43.977],[-76.09,43.974],[-76.096,43.97],[-76.1,43.966],[-76.104,43.96],[-76.11,43.955],[-76.114,43.952],[-76.121,43.948],[-76.124,43.95],[-76.125,43.951],[-76.129,43.948],[-76.134,43.946],[-76.139,43.941],[-76.136,43.936],[-76.133,43.935],[-76.129,43.932],[-76.13,43.928],[-76.127,43.926],[-76.126,43.919],[-76.125,43.914],[-76.127,43.909],[-76.126,43.904],[-76.129,43.896],[-76.134,43.893],[-76.14,43.891],[-76.144,43.889],[-76.15,43.89],[-76.156,43.889],[-76.162,43.886],[-76.168,43.882],[-76.175,43.88],[-76.183,43.876],[-76.188,43.872],[-76.194,43.868],[-76.2,43.866],[-76.202,43.862],[-76.199,43.858],[-76.199,43.855],[-76.202,43.853],[-76.204,43.85],[-76.21,43.85],[-76.209,43.851],[-76.208,43.856],[-76.214,43.858],[-76.218,43.864],[-76.225,43.865],[-76.231,43.863],[-76.237,43.865],[-76.232,43.87],[-76.23,43.874],[-76.224,43.878],[-76.224,43.883],[-76.23,43.885],[-76.228,43.888],[-76.222,43.887],[-76.218,43.891],[-76.214,43.894],[-76.214,43.898],[-76.214,43.9],[-76.218,43.895],[-76.217,43.891],[-76.224,43.889],[-76.23,43.887],[-76.236,43.886],[-76.243,43.883],[-76.254,43.881],[-76.26,43.882],[-76.267,43.879],[-76.273,43.876],[-76.279,43.872],[-76.285,43.868],[-76.289,43.865],[-76.294,43.86],[-76.297,43.855],[-76.295,43.85],[-76.295,43.847],[-76.298,43.842],[-76.296,43.838],[-76.29,43.838],[-76.284,43.839],[-76.277,43.841],[-76.272,43.838],[-76.266,43.837],[-76.267,43.833],[-76.27,43.829],[-76.267,43.825],[-76.261,43.826],[-76.255,43.827],[-76.248,43.824],[-76.249,43.819],[-76.245,43.817],[-76.241,43.819],[-76.239,43.821],[-76.234,43.822],[-76.234,43.819],[-76.237,43.816],[-76.238,43.811],[-76.234,43.808],[-76.23,43.805],[-76.228,43.8],[-76.226,43.793],[-76.223,43.786],[-76.22,43.778],[-76.218,43.771],[-76.215,43.763],[-76.214,43.758],[-76.212,43.75],[-76.209,43.74],[-76.208,43.734],[-76.206,43.724],[-76.204,43.72],[-76.204,43.715],[-76.203,43.707],[-76.202,43.7],[-76.202,43.694],[-76.201,43.688],[-76.201,43.683],[-76.199,43.678],[-76.198,43.672],[-76.197,43.666],[-76.197,43.663],[-76.197,43.656],[-76.197,43.649],[-76.196,43.645],[-76.197,43.639],[-76.197,43.636],[-76.196,43.632],[-76.197,43.626],[-76.198,43.62],[-76.198,43.613],[-76.199,43.607],[-76.199,43.6],[-76.2,43.593],[-76.201,43.586],[-76.202,43.58],[-76.204,43.575],[-76.206,43.569],[-76.208,43.564],[-76.211,43.557],[-76.214,43.553],[-76.217,43.546],[-76.222,43.54],[-76.225,43.536],[-76.229,43.533],[-76.235,43.529],[-76.242,43.528],[-76.248,43.526],[-76.254,43.525],[-76.259,43.525],[-76.263,43.523],[-76.269,43.521],[-76.273,43.52],[-76.277,43.521],[-76.281,43.518],[-76.286,43.516],[-76.292,43.514],[-76.298,43.513],[-76.304,43.513],[-76.309,43.515],[-76.315,43.514],[-76.32,43.514],[-76.326,43.513],[-76.331,43.512],[-76.337,43.514],[-76.343,43.513],[-76.349,43.515],[-76.354,43.517],[-76.359,43.52],[-76.363,43.524],[-76.369,43.526],[-76.37,43.518],[-76.369,43.501],[-76.368,43.489],[-76.365,43.439],[-76.315,43.427],[-76.263,43.414],[-76.2,43.4],[-76.184,43.396],[-76.164,43.391],[-76.154,43.388],[-76.139,43.385],[-76.121,43.38],[-76.111,43.378],[-76.103,43.376],[-76.08,43.371],[-76.069,43.368],[-76.056,43.365],[-76.048,43.364],[-76.011,43.355],[-75.961,43.343],[-75.9,43.328],[-75.881,43.338],[-75.864,43.375],[-75.851,43.403],[-75.836,43.437],[-75.804,43.481],[-75.774,43.474],[-75.75,43.469],[-75.721,43.462],[-75.71,43.46],[-75.696,43.457],[-75.669,43.451],[-75.659,43.449],[-75.653,43.447],[-75.622,43.44],[-75.572,43.428],[-75.554,43.424],[-75.529,43.422],[-75.49,43.44],[-75.46,43.454],[-75.444,43.461],[-75.425,43.471],[-75.394,43.485],[-75.375,43.494],[-75.358,43.502],[-75.326,43.516],[-75.31,43.523],[-75.278,43.538],[-75.249,43.551],[-75.223,43.563],[-75.162,43.592],[-75.126,43.608],[-75.11,43.611],[-75.104,43.564],[-75.102,43.541],[-75.098,43.501],[-75.094,43.469],[-75.089,43.437],[-75.086,43.41],[-75.083,43.387],[-75.08,43.36],[-75.078,43.344],[-75.085,43.329],[-75.092,43.328],[-75.095,43.324],[-75.101,43.322],[-75.106,43.314],[-75.111,43.311],[-75.119,43.311],[-75.12,43.305],[-75.124,43.306],[-75.13,43.307],[-75.143,43.305],[-75.147,43.303],[-75.146,43.297],[-75.148,43.292],[-75.152,43.287],[-75.153,43.281],[-75.157,43.274],[-75.159,43.268],[-75.162,43.262],[-75.159,43.256],[-75.155,43.258],[-75.152,43.252],[-75.152,43.247],[-75.148,43.25],[-75.145,43.253],[-75.14,43.252],[-75.135,43.248],[-75.128,43.248],[-75.124,43.245],[-75.12,43.24],[-75.112,43.238],[-75.102,43.235],[-75.093,43.231],[-75.085,43.23],[-75.079,43.232],[-75.073,43.235],[-75.072,43.232],[-75.073,43.228],[-75.1,43.189],[-75.124,43.16],[-75.135,43.146],[-75.152,43.125],[-75.164,43.112],[-75.174,43.101],[-75.183,43.091],[-75.183,43.085],[-75.181,43.079],[-75.184,43.076],[-75.194,43.078],[-75.203,43.069],[-75.211,43.062],[-75.217,43.054],[-75.217,43.029],[-75.179,43.014],[-75.129,43.002],[-75.077,42.986],[-75.024,42.964],[-75.016,42.961],[-74.992,42.952],[-74.969,42.948],[-74.974,42.935],[-74.987,42.905],[-75,42.868],[-74.986,42.86],[-74.979,42.857],[-74.944,42.842],[-74.907,42.825],[-74.891,42.841],[-74.884,42.872],[-74.88,42.894],[-74.857,42.892],[-74.816,42.88],[-74.783,42.869],[-74.76,42.878],[-74.758,42.891],[-74.754,42.914],[-74.751,42.933],[-74.747,42.955],[-74.745,42.97],[-74.741,42.99],[-74.742,42.999],[-74.741,43.004],[-74.741,43.012],[-74.741,43.02],[-74.743,43.025],[-74.744,43.032],[-74.75,43.037],[-74.755,43.041],[-74.759,43.045],[-74.743,43.043],[-74.722,43.037],[-74.673,43.023],[-74.63,43.011],[-74.607,43.004],[-74.583,42.997],[-74.56,42.99],[-74.533,42.985],[-74.517,42.985],[-74.498,42.985],[-74.467,42.985],[-74.417,42.985],[-74.388,42.985],[-74.344,42.984],[-74.332,42.985],[-74.306,42.984],[-74.289,42.984],[-74.272,42.984],[-74.232,42.984],[-74.188,42.983],[-74.167,42.983],[-74.146,42.983],[-74.125,42.983],[-74.098,42.987],[-74.101,43.005],[-74.102,43.014],[-74.104,43.022],[-74.107,43.042],[-74.11,43.065],[-74.114,43.088],[-74.116,43.104],[-74.119,43.123],[-74.124,43.148],[-74.126,43.165],[-74.128,43.174],[-74.129,43.188],[-74.132,43.203],[-74.135,43.222],[-74.137,43.234],[-74.141,43.258],[-74.145,43.283],[-74.156,43.348],[-74.16,43.374],[-74.164,43.399],[-74.171,43.445],[-74.175,43.474],[-74.182,43.514],[-74.199,43.63],[-74.204,43.657],[-74.208,43.685],[-74.212,43.714],[-74.2,43.73],[-74.125,43.738],[-74.057,43.745],[-74.058,43.752],[-74.055,43.761],[-74.05,43.775],[-74.046,43.781],[-74.051,43.787],[-74.048,43.793],[-74.052,43.798],[-74.073,43.803],[-74.083,43.808],[-74.089,43.805],[-74.096,43.806],[-74.103,43.805],[-74.116,43.809],[-74.124,43.813],[-74.133,43.818],[-74.139,43.819],[-74.148,43.829],[-74.16,43.828],[-74.178,43.824],[-74.194,43.822],[-74.205,43.818],[-74.21,43.813],[-74.223,43.82],[-74.25,43.844],[-74.275,43.868],[-74.304,43.894],[-74.303,43.944],[-74.258,43.983],[-74.26,43.995],[-74.262,44.002],[-74.264,44.018],[-74.267,44.035],[-74.272,44.06],[-74.276,44.085],[-74.278,44.097],[-74.293,44.12],[-74.303,44.119],[-74.324,44.117],[-74.342,44.115],[-74.418,44.109],[-74.481,44.103],[-74.525,44.1],[-74.583,44.095],[-74.635,44.09],[-74.691,44.084],[-74.707,44.083],[-74.768,44.078],[-74.86,44.07],[-74.892,44.097],[-74.897,44.15],[-74.92,44.159],[-74.982,44.156],[-75.007,44.155],[-75.031,44.159],[-75.038,44.195],[-75.043,44.226],[-75.049,44.255],[-74.969,44.26],[-74.921,44.263],[-74.921,44.308],[-74.927,44.357],[-74.931,44.379],[-74.941,44.459],[-75,44.463],[-75.037,44.462],[-75.085,44.467],[-75.089,44.497],[-75.118,44.529],[-75.135,44.521],[-75.142,44.517],[-75.152,44.513],[-75.163,44.507],[-75.179,44.499],[-75.195,44.491],[-75.202,44.488],[-75.229,44.48],[-75.254,44.507],[-75.289,44.544],[-75.323,44.58],[-75.341,44.599],[-75.349,44.608],[-75.357,44.617],[-75.366,44.626],[-75.375,44.636],[-75.388,44.649],[-75.419,44.68],[-75.445,44.711],[-75.429,44.714],[-75.432,44.724],[-75.436,44.728],[-75.437,44.731],[-75.443,44.733],[-75.449,44.733],[-75.453,44.727],[-75.456,44.722],[-75.458,44.716],[-75.462,44.713],[-75.466,44.71],[-75.472,44.708],[-75.485,44.707],[-75.487,44.706],[-75.493,44.702],[-75.496,44.7],[-75.497,44.697],[-75.504,44.699],[-75.507,44.693],[-75.511,44.69],[-75.514,44.686],[-75.52,44.683],[-75.526,44.68],[-75.529,44.676],[-75.535,44.672],[-75.539,44.669],[-75.543,44.663],[-75.547,44.661],[-75.552,44.657],[-75.555,44.653],[-75.56,44.651],[-75.564,44.648],[-75.569,44.646],[-75.576,44.642],[-75.58,44.639],[-75.584,44.636],[-75.589,44.632],[-75.593,44.629],[-75.598,44.626],[-75.602,44.622],[-75.607,44.617],[-75.611,44.615],[-75.615,44.611],[-75.62,44.607],[-75.628,44.602],[-75.635,44.601],[-75.638,44.599],[-75.644,44.598],[-75.647,44.594],[-75.651,44.59],[-75.651,44.587],[-75.648,44.583],[-75.651,44.587],[-75.656,44.584],[-75.661,44.579],[-75.666,44.575],[-75.672,44.571],[-75.677,44.568],[-75.682,44.564],[-75.688,44.562],[-75.69,44.563],[-75.695,44.559],[-75.699,44.554],[-75.703,44.551],[-75.707,44.55],[-75.712,44.547],[-75.715,44.543],[-75.719,44.539],[-75.722,44.534],[-75.727,44.532],[-75.734,44.528],[-75.738,44.525],[-75.742,44.522],[-75.747,44.518],[-75.75,44.516],[-75.755,44.514],[-75.752,44.513],[-75.754,44.51],[-75.756,44.508],[-75.756,44.505],[-75.759,44.502],[-75.764,44.495],[-75.768,44.49],[-75.77,44.486],[-75.774,44.481],[-75.777,44.478],[-75.776,44.476],[-75.778,44.473],[-75.779,44.477],[-75.782,44.473],[-75.785,44.471],[-75.79,44.466],[-75.791,44.464],[-75.792,44.463],[-75.788,44.465],[-75.785,44.469],[-75.783,44.469],[-75.781,44.468],[-75.777,44.469],[-75.773,44.466],[-75.773,44.464],[-75.77,44.461],[-75.767,44.456],[-75.766,44.453],[-75.765,44.45],[-75.761,44.453],[-75.756,44.452],[-75.755,44.447],[-75.759,44.443],[-75.762,44.443],[-75.765,44.44],[-75.766,44.438],[-75.768,44.438],[-75.771,44.435],[-75.775,44.432],[-75.78,44.429],[-75.782,44.425],[-75.786,44.422],[-75.788,44.417],[-75.789,44.417],[-75.792,44.414],[-75.79,44.413],[-75.791,44.411],[-75.794,44.409],[-75.795,44.408],[-75.798,44.408],[-75.801,44.406],[-75.803,44.402],[-75.805,44.405],[-75.805,44.407],[-75.806,44.408],[-75.81,44.409],[-75.813,44.409],[-75.818,44.408],[-75.82,44.406],[-75.823,44.404],[-75.828,44.402],[-75.83,44.399],[-75.83,44.398],[-75.831,44.396],[-75.832,44.397],[-75.834,44.398],[-75.838,44.395],[-75.838,44.394],[-75.841,44.393],[-75.843,44.393],[-75.847,44.39],[-75.85,44.386],[-75.852,44.385],[-75.853,44.384],[-75.855,44.383],[-75.854,44.381],[-75.856,44.378],[-75.86,44.377],[-75.863,44.373],[-75.86,44.375],[-75.857,44.376],[-75.852,44.379],[-75.85,44.377],[-75.846,44.377],[-75.842,44.381],[-75.836,44.382],[-75.838,44.38],[-75.839,44.378],[-75.843,44.375],[-75.845,44.372],[-75.843,44.371],[-75.844,44.369],[-75.848,44.366],[-75.854,44.361],[-75.856,44.36],[-75.861,44.357],[-75.862,44.355],[-75.869,44.354],[-75.866,44.351],[-75.871,44.351],[-75.873,44.347],[-75.871,44.351],[-75.869,44.355],[-75.867,44.359],[-75.865,44.363],[-75.863,44.364],[-75.863,44.366],[-75.862,44.368],[-75.865,44.369],[-75.87,44.368],[-75.872,44.366],[-75.874,44.365],[-75.877,44.365],[-75.879,44.362],[-75.879,44.362],[-75.885,44.363],[-75.886,44.361],[-75.889,44.36],[-75.893,44.357],[-75.895,44.354],[-75.898,44.35],[-75.898,44.348],[-75.898,44.35],[-75.901,44.348],[-75.905,44.345],[-75.907,44.343],[-75.904,44.347],[-75.907,44.346],[-75.911,44.344],[-75.911,44.341],[-75.912,44.342],[-75.916,44.341],[-75.916,44.34],[-75.917,44.338],[-75.921,44.338],[-75.919,44.336],[-75.919,44.333],[-75.917,44.331],[-75.92,44.333],[-75.925,44.333],[-75.927,44.33],[-75.927,44.328],[-75.934,44.326],[-75.934,44.321],[-75.938,44.322],[-75.943,44.32],[-75.948,44.317],[-75.949,44.317],[-75.951,44.316],[-75.951,44.313],[-75.953,44.312],[-75.959,44.313],[-75.964,44.31],[-75.962,44.309],[-75.957,44.31],[-75.96,44.307],[-75.962,44.306],[-75.964,44.303],[-75.969,44.302],[-75.971,44.303],[-75.973,44.305]]],[[[-75.92,44.367],[-75.922,44.366],[-75.926,44.361],[-75.931,44.357],[-75.938,44.354],[-75.94,44.351],[-75.944,44.35],[-75.948,44.35],[-75.951,44.347],[-75.954,44.345],[-75.956,44.344],[-75.959,44.342],[-75.963,44.339],[-75.968,44.335],[-75.973,44.332],[-75.976,44.334],[-75.979,44.33],[-75.98,44.327],[-75.984,44.326],[-75.986,44.324],[-75.988,44.322],[-75.991,44.319],[-75.995,44.318],[-75.998,44.316],[-76.003,44.316],[-75.999,44.32],[-76.002,44.321],[-76.005,44.321],[-76.007,44.323],[-76.004,44.326],[-76.002,44.327],[-75.997,44.329],[-75.992,44.332],[-75.989,44.332],[-75.986,44.335],[-75.983,44.336],[-75.979,44.339],[-75.974,44.341],[-75.977,44.344],[-75.977,44.346],[-75.98,44.346],[-75.984,44.346],[-75.99,44.347],[-75.993,44.344],[-75.997,44.342],[-75.993,44.346],[-75.997,44.347],[-76.003,44.346],[-76.008,44.343],[-76.01,44.34],[-76.013,44.338],[-76.014,44.338],[-76.019,44.334],[-76.025,44.333],[-76.028,44.333],[-76.031,44.332],[-76.03,44.335],[-76.035,44.334],[-76.038,44.334],[-76.04,44.332],[-76.045,44.33],[-76.048,44.329],[-76.053,44.326],[-76.056,44.323],[-76.057,44.319],[-76.053,44.32],[-76.048,44.321],[-76.044,44.323],[-76.041,44.326],[-76.037,44.325],[-76.031,44.324],[-76.025,44.323],[-76.026,44.319],[-76.026,44.316],[-76.031,44.309],[-76.036,44.305],[-76.039,44.3],[-76.042,44.296],[-76.039,44.292],[-76.033,44.294],[-76.029,44.295],[-76.028,44.295],[-76.027,44.294],[-76.033,44.29],[-76.032,44.287],[-76.026,44.285],[-76.021,44.286],[-76.017,44.285],[-76.01,44.288],[-76.007,44.29],[-76.004,44.292],[-76,44.294],[-75.999,44.295],[-75.993,44.298],[-75.989,44.301],[-75.984,44.303],[-75.979,44.305],[-75.977,44.308],[-75.978,44.309],[-75.978,44.312],[-75.974,44.311],[-75.969,44.31],[-75.964,44.313],[-75.959,44.316],[-75.956,44.317],[-75.955,44.319],[-75.954,44.321],[-75.95,44.323],[-75.949,44.325],[-75.945,44.327],[-75.943,44.325],[-75.942,44.324],[-75.938,44.328],[-75.934,44.332],[-75.936,44.335],[-75.935,44.337],[-75.938,44.338],[-75.938,44.339],[-75.933,44.339],[-75.93,44.34],[-75.932,44.343],[-75.931,44.344],[-75.928,44.346],[-75.928,44.346],[-75.93,44.346],[-75.933,44.346],[-75.928,44.35],[-75.927,44.353],[-75.925,44.356],[-75.925,44.36],[-75.921,44.365],[-75.92,44.367]]],[[[-76.074,44.305],[-76.076,44.31],[-76.081,44.304],[-76.086,44.301],[-76.088,44.299],[-76.088,44.294],[-76.092,44.29],[-76.093,44.289],[-76.091,44.293],[-76.091,44.298],[-76.092,44.299],[-76.098,44.297],[-76.104,44.296],[-76.105,44.298],[-76.11,44.297],[-76.114,44.296],[-76.117,44.293],[-76.123,44.29],[-76.13,44.288],[-76.128,44.283],[-76.127,44.281],[-76.127,44.282],[-76.131,44.284],[-76.134,44.285],[-76.135,44.289],[-76.138,44.29],[-76.139,44.288],[-76.141,44.285],[-76.144,44.287],[-76.148,44.286],[-76.15,44.283],[-76.151,44.281],[-76.152,44.277],[-76.153,44.274],[-76.156,44.272],[-76.159,44.27],[-76.158,44.267],[-76.16,44.264],[-76.159,44.262],[-76.157,44.257],[-76.154,44.255],[-76.152,44.254],[-76.146,44.256],[-76.152,44.253],[-76.153,44.25],[-76.147,44.251],[-76.147,44.249],[-76.146,44.247],[-76.142,44.248],[-76.144,44.249],[-76.142,44.254],[-76.137,44.256],[-76.132,44.255],[-76.134,44.25],[-76.13,44.249],[-76.125,44.252],[-76.12,44.254],[-76.115,44.256],[-76.112,44.259],[-76.108,44.26],[-76.11,44.264],[-76.109,44.267],[-76.108,44.269],[-76.104,44.267],[-76.098,44.267],[-76.096,44.267],[-76.091,44.27],[-76.091,44.271],[-76.087,44.272],[-76.081,44.275],[-76.085,44.276],[-76.083,44.28],[-76.078,44.281],[-76.077,44.283],[-76.076,44.285],[-76.074,44.288],[-76.073,44.291],[-76.073,44.292],[-76.067,44.294],[-76.068,44.295],[-76.071,44.298],[-76.076,44.297],[-76.07,44.299],[-76.07,44.301],[-76.075,44.3],[-76.073,44.303],[-76.074,44.305]]],[[[-76.392,43.922],[-76.399,43.92],[-76.401,43.918],[-76.406,43.917],[-76.406,43.92],[-76.41,43.918],[-76.419,43.912],[-76.433,43.904],[-76.439,43.897],[-76.445,43.891],[-76.444,43.887],[-76.436,43.89],[-76.428,43.891],[-76.416,43.896],[-76.404,43.901],[-76.391,43.907],[-76.391,43.908],[-76.388,43.912],[-76.384,43.918],[-76.378,43.921],[-76.388,43.921],[-76.392,43.922]]],[[[-76.305,43.918],[-76.314,43.914],[-76.314,43.907],[-76.319,43.903],[-76.329,43.904],[-76.341,43.897],[-76.347,43.891],[-76.351,43.885],[-76.356,43.879],[-76.351,43.881],[-76.344,43.884],[-76.342,43.88],[-76.335,43.878],[-76.326,43.883],[-76.32,43.891],[-76.315,43.898],[-76.31,43.903],[-76.306,43.91],[-76.305,43.915],[-76.305,43.918]]],[[[-76.287,44.19],[-76.295,44.189],[-76.303,44.186],[-76.31,44.181],[-76.308,44.178],[-76.311,44.172],[-76.311,44.169],[-76.306,44.168],[-76.304,44.17],[-76.297,44.17],[-76.29,44.172],[-76.286,44.173],[-76.278,44.174],[-76.271,44.176],[-76.265,44.179],[-76.268,44.182],[-76.272,44.184],[-76.278,44.184],[-76.284,44.189],[-76.287,44.19]]],[[[-76.349,44.055],[-76.356,44.053],[-76.363,44.053],[-76.371,44.052],[-76.377,44.047],[-76.382,44.039],[-76.378,44.038],[-76.378,44.034],[-76.371,44.033],[-76.364,44.033],[-76.357,44.035],[-76.35,44.039],[-76.345,44.043],[-76.341,44.047],[-76.339,44.049],[-76.343,44.051],[-76.339,44.053],[-76.344,44.054],[-76.349,44.055]]],[[[-75.789,44.435],[-75.792,44.433],[-75.794,44.431],[-75.797,44.428],[-75.796,44.425],[-75.8,44.424],[-75.803,44.422],[-75.805,44.42],[-75.807,44.417],[-75.811,44.416],[-75.807,44.416],[-75.802,44.418],[-75.8,44.417],[-75.795,44.419],[-75.792,44.422],[-75.789,44.425],[-75.785,44.43],[-75.786,44.433],[-75.789,44.435]]],[[[-76.317,44.05],[-76.323,44.048],[-76.329,44.044],[-76.333,44.04],[-76.335,44.035],[-76.336,44.034],[-76.33,44.035],[-76.325,44.032],[-76.322,44.034],[-76.324,44.037],[-76.328,44.04],[-76.324,44.046],[-76.321,44.048],[-76.317,44.05]]],[[[-76.067,44.285],[-76.062,44.29],[-76.069,44.289],[-76.073,44.284],[-76.074,44.279],[-76.071,44.281],[-76.069,44.279],[-76.066,44.276],[-76.063,44.28],[-76.061,44.285],[-76.066,44.284],[-76.067,44.285]]],[[[-76.043,44.295],[-76.048,44.294],[-76.052,44.292],[-76.054,44.29],[-76.057,44.287],[-76.056,44.284],[-76.048,44.288],[-76.046,44.289],[-76.043,44.291],[-76.045,44.293],[-76.043,44.293],[-76.043,44.295]]],[[[-76.179,44.017],[-76.169,44.023],[-76.18,44.02],[-76.186,44.015],[-76.179,44.017]]],[[[-76.05,44.259],[-76.056,44.259],[-76.061,44.256],[-76.066,44.254],[-76.062,44.253],[-76.057,44.255],[-76.051,44.257],[-76.05,44.259]]],[[[-76.066,44.273],[-76.07,44.273],[-76.074,44.27],[-76.069,44.27],[-76.066,44.273]]],[[[-75.908,44.365],[-75.909,44.362],[-75.91,44.359],[-75.905,44.36],[-75.905,44.364],[-75.906,44.364],[-75.908,44.365]]],[[[-76.069,43.997],[-76.074,43.996],[-76.072,43.994],[-76.068,43.996],[-76.069,43.997]]],[[[-76.042,44.284],[-76.043,44.284],[-76.047,44.282],[-76.048,44.281],[-76.046,44.282],[-76.043,44.283],[-76.041,44.282],[-76.039,44.283],[-76.042,44.284]]],[[[-76.393,43.888],[-76.399,43.885],[-76.394,43.884],[-76.392,43.888],[-76.393,43.888]]],[[[-75.777,44.444],[-75.78,44.441],[-75.778,44.44],[-75.775,44.443],[-75.776,44.444],[-75.777,44.444]]],[[[-75.919,44.359],[-75.918,44.361],[-75.923,44.358],[-75.921,44.357],[-75.919,44.358],[-75.919,44.359]]],[[[-76.142,43.944],[-76.147,43.943],[-76.144,43.941],[-76.142,43.943],[-76.142,43.944]]],[[[-76.367,43.879],[-76.371,43.877],[-76.371,43.876],[-76.366,43.877],[-76.366,43.879],[-76.367,43.879]]],[[[-75.79,44.451],[-75.793,44.45],[-75.793,44.445],[-75.791,44.448],[-75.79,44.451]]],[[[-75.851,44.394],[-75.85,44.398],[-75.851,44.394]]],[[[-75.81,44.421],[-75.812,44.42],[-75.812,44.417],[-75.81,44.421]]],[[[-76.056,44.278],[-76.059,44.276],[-76.056,44.278]]],[[[-75.921,44.349],[-75.921,44.346],[-75.921,44.349]]],[[[-75.898,44.353],[-75.902,44.352],[-75.902,44.349],[-75.898,44.353]]],[[[-75.894,44.375],[-75.896,44.371],[-75.894,44.375]]],[[[-75.798,44.479],[-75.801,44.476],[-75.798,44.479]]],[[[-75.837,44.407],[-75.839,44.407],[-75.837,44.407]]],[[[-76.06,44.26],[-76.062,44.258],[-76.06,44.26]]],[[[-75.902,44.369],[-75.903,44.367],[-75.901,44.366],[-75.902,44.368],[-75.902,44.369]]],[[[-75.926,44.334],[-75.929,44.333],[-75.929,44.331],[-75.926,44.333],[-75.926,44.334]]],[[[-76.207,43.906],[-76.211,43.904],[-76.206,43.905],[-76.207,43.906]]],[[[-75.872,44.371],[-75.873,44.369],[-75.872,44.371]]],[[[-75.778,44.45],[-75.779,44.448],[-75.778,44.45]]],[[[-76.135,44.293],[-76.136,44.293],[-76.137,44.291],[-76.132,44.294],[-76.135,44.293]]],[[[-75.906,44.367],[-75.906,44.366],[-75.906,44.367]]],[[[-75.795,44.417],[-75.799,44.414],[-75.795,44.417]]],[[[-75.782,44.437],[-75.781,44.44],[-75.782,44.437]]],[[[-76.076,44.262],[-76.078,44.261],[-76.076,44.262]]],[[[-76.07,43.989],[-76.068,43.992],[-76.07,43.989]]],[[[-76.078,43.998],[-76.074,43.997],[-76.078,43.998]]],[[[-75.856,44.383],[-75.857,44.38],[-75.856,44.383]]],[[[-76.094,44.25],[-76.095,44.251],[-76.094,44.25]]],[[[-75.787,44.438],[-75.789,44.437],[-75.787,44.438]]],[[[-76.207,44.204],[-76.207,44.202],[-76.207,44.204]]],[[[-75.921,44.351],[-75.921,44.353],[-75.921,44.351]]],[[[-75.891,44.376],[-75.894,44.376],[-75.891,44.376]]],[[[-75.794,44.446],[-75.796,44.446],[-75.794,44.446]]],[[[-76.074,43.978],[-76.077,43.979],[-76.074,43.978]]],[[[-75.814,44.411],[-75.814,44.41],[-75.814,44.411]]],[[[-75.881,44.367],[-75.884,44.364],[-75.881,44.367]]],[[[-75.85,44.389],[-75.852,44.386],[-75.85,44.389]]],[[[-75.897,44.375],[-75.896,44.377],[-75.897,44.375]]],[[[-75.79,44.437],[-75.791,44.436],[-75.79,44.437]]],[[[-76.065,44.258],[-76.064,44.26],[-76.065,44.258]]],[[[-76.153,44.248],[-76.154,44.247],[-76.153,44.248]]],[[[-75.786,44.458],[-75.788,44.457],[-75.786,44.458]]],[[[-76.371,43.526],[-76.378,43.525],[-76.384,43.524],[-76.391,43.525],[-76.397,43.525],[-76.402,43.524],[-76.409,43.523],[-76.417,43.522],[-76.421,43.517],[-76.426,43.514],[-76.433,43.513],[-76.437,43.509],[-76.443,43.507],[-76.448,43.504],[-76.454,43.502],[-76.459,43.499],[-76.462,43.498],[-76.468,43.496],[-76.473,43.493],[-76.476,43.488],[-76.479,43.482],[-76.483,43.478],[-76.489,43.475],[-76.495,43.473],[-76.5,43.47],[-76.507,43.469],[-76.512,43.466],[-76.517,43.465],[-76.519,43.463],[-76.526,43.462],[-76.534,43.459],[-76.539,43.458],[-76.545,43.456],[-76.548,43.453],[-76.555,43.451],[-76.562,43.449],[-76.566,43.446],[-76.57,43.442],[-76.576,43.441],[-76.582,43.437],[-76.588,43.433],[-76.594,43.431],[-76.598,43.426],[-76.604,43.423],[-76.611,43.422],[-76.615,43.418],[-76.616,43.41],[-76.615,43.391],[-76.614,43.383],[-76.612,43.361],[-76.611,43.342],[-76.61,43.328],[-76.608,43.298],[-76.606,43.264],[-76.595,43.254],[-76.543,43.256],[-76.51,43.256],[-76.481,43.25],[-76.479,43.227],[-76.418,43.23],[-76.384,43.231],[-76.362,43.232],[-76.345,43.231],[-76.322,43.231],[-76.314,43.23],[-76.304,43.229],[-76.299,43.224],[-76.288,43.216],[-76.283,43.206],[-76.281,43.199],[-76.281,43.194],[-76.276,43.189],[-76.278,43.184],[-76.278,43.177],[-76.272,43.174],[-76.268,43.17],[-76.262,43.166],[-76.257,43.163],[-76.25,43.162],[-76.244,43.157],[-76.24,43.153],[-76.237,43.145],[-76.239,43.141],[-76.24,43.136],[-76.246,43.131],[-76.253,43.13],[-76.251,43.125],[-76.256,43.12],[-76.262,43.124],[-76.268,43.124],[-76.275,43.124],[-76.272,43.115],[-76.263,43.105],[-76.288,43.095],[-76.329,43.084],[-76.362,43.083],[-76.374,43.082],[-76.374,43.042],[-76.37,43.011],[-76.326,43.013],[-76.305,43.014],[-76.282,43.029],[-76.25,43.03],[-76.229,43.031],[-76.22,43.031],[-76.203,43.032],[-76.189,43.036],[-76.196,43.042],[-76.204,43.043],[-76.201,43.046],[-76.196,43.042],[-76.195,43.049],[-76.198,43.054],[-76.198,43.06],[-76.2,43.063],[-76.182,43.075],[-76.171,43.077],[-76.166,43.082],[-76.155,43.083],[-76.145,43.084],[-76.137,43.08],[-76.124,43.073],[-76.113,43.076],[-76.103,43.076],[-76.097,43.07],[-76.091,43.068],[-76.086,43.062],[-76.082,43.055],[-76.09,43.051],[-76.087,43.047],[-76.082,43.041],[-76.074,43.036],[-76.084,43.037],[-76.099,43.033],[-76.109,43.029],[-76.111,43.024],[-76.109,43.005],[-76.108,42.987],[-76.099,42.982],[-76.089,42.982],[-76.073,42.983],[-76.027,42.985],[-75.984,42.987],[-75.966,42.987],[-75.952,42.988],[-75.911,43],[-75.912,43.018],[-75.914,43.045],[-75.915,43.065],[-75.917,43.086],[-75.919,43.088],[-75.926,43.09],[-75.928,43.088],[-75.932,43.09],[-75.935,43.087],[-75.938,43.087],[-75.944,43.087],[-75.948,43.087],[-75.951,43.088],[-75.954,43.087],[-75.962,43.087],[-75.962,43.088],[-75.967,43.087],[-75.969,43.09],[-75.969,43.09],[-75.971,43.091],[-75.973,43.091],[-75.976,43.092],[-75.976,43.099],[-75.974,43.104],[-75.973,43.107],[-75.971,43.11],[-75.966,43.118],[-75.963,43.117],[-75.957,43.115],[-75.957,43.117],[-75.959,43.12],[-75.959,43.124],[-75.959,43.128],[-75.953,43.129],[-75.952,43.133],[-75.951,43.136],[-75.956,43.136],[-75.961,43.133],[-75.968,43.135],[-75.971,43.14],[-75.974,43.137],[-75.977,43.141],[-75.973,43.146],[-75.971,43.154],[-75.977,43.159],[-75.978,43.165],[-75.981,43.168],[-75.983,43.174],[-75.992,43.173],[-75.991,43.181],[-75.992,43.185],[-75.987,43.184],[-75.981,43.178],[-75.974,43.179],[-75.967,43.18],[-75.961,43.18],[-75.96,43.177],[-75.955,43.172],[-75.947,43.173],[-75.937,43.175],[-75.931,43.174],[-75.928,43.168],[-75.926,43.162],[-75.918,43.16],[-75.91,43.159],[-75.902,43.158],[-75.894,43.157],[-75.886,43.156],[-75.874,43.235],[-75.873,43.249],[-75.87,43.27],[-75.875,43.322],[-75.906,43.33],[-75.978,43.347],[-76.043,43.362],[-76.054,43.365],[-76.068,43.368],[-76.08,43.371],[-76.106,43.377],[-76.112,43.379],[-76.126,43.382],[-76.148,43.387],[-76.16,43.39],[-76.182,43.395],[-76.2,43.4],[-76.267,43.415],[-76.35,43.435],[-76.366,43.452],[-76.369,43.498],[-76.37,43.515],[-76.371,43.526]]],[[[-75.859,42.381],[-75.862,42.398],[-75.864,42.418],[-75.865,42.429],[-75.867,42.453],[-75.869,42.478],[-75.871,42.51],[-75.875,42.547],[-75.877,42.579],[-75.882,42.629],[-75.885,42.672],[-75.889,42.714],[-75.891,42.738],[-75.893,42.763],[-75.909,42.79],[-75.955,42.788],[-75.996,42.785],[-76.019,42.784],[-76.052,42.783],[-76.085,42.78],[-76.127,42.778],[-76.142,42.777],[-76.16,42.776],[-76.191,42.775],[-76.239,42.773],[-76.255,42.772],[-76.274,42.764],[-76.272,42.731],[-76.269,42.686],[-76.267,42.648],[-76.266,42.624],[-76.296,42.623],[-76.321,42.622],[-76.348,42.621],[-76.357,42.621],[-76.371,42.621],[-76.386,42.62],[-76.403,42.62],[-76.41,42.62],[-76.42,42.62],[-76.449,42.619],[-76.459,42.626],[-76.466,42.627],[-76.491,42.626],[-76.511,42.626],[-76.522,42.625],[-76.54,42.625],[-76.553,42.624],[-76.572,42.623],[-76.594,42.623],[-76.615,42.625],[-76.629,42.625],[-76.666,42.623],[-76.655,42.603],[-76.641,42.588],[-76.625,42.572],[-76.615,42.565],[-76.601,42.557],[-76.596,42.55],[-76.614,42.549],[-76.624,42.549],[-76.64,42.548],[-76.654,42.548],[-76.673,42.547],[-76.687,42.547],[-76.696,42.536],[-76.694,42.51],[-76.694,42.5],[-76.693,42.483],[-76.692,42.47],[-76.691,42.464],[-76.691,42.456],[-76.69,42.446],[-76.689,42.434],[-76.688,42.421],[-76.688,42.412],[-76.686,42.383],[-76.691,42.37],[-76.69,42.333],[-76.69,42.318],[-76.691,42.293],[-76.69,42.284],[-76.625,42.283],[-76.583,42.283],[-76.553,42.282],[-76.534,42.282],[-76.509,42.281],[-76.487,42.281],[-76.475,42.264],[-76.442,42.263],[-76.416,42.274],[-76.416,42.298],[-76.395,42.319],[-76.351,42.318],[-76.343,42.308],[-76.31,42.308],[-76.295,42.308],[-76.288,42.297],[-76.261,42.297],[-76.249,42.299],[-76.25,42.305],[-76.251,42.311],[-76.25,42.315],[-76.251,42.319],[-76.251,42.325],[-76.248,42.329],[-76.247,42.333],[-76.246,42.339],[-76.244,42.343],[-76.241,42.347],[-76.238,42.351],[-76.239,42.357],[-76.242,42.361],[-76.245,42.365],[-76.25,42.367],[-76.255,42.37],[-76.26,42.372],[-76.265,42.374],[-76.27,42.376],[-76.276,42.377],[-76.279,42.379],[-76.284,42.379],[-76.288,42.38],[-76.295,42.38],[-76.299,42.383],[-76.298,42.387],[-76.297,42.391],[-76.298,42.395],[-76.296,42.4],[-76.294,42.405],[-76.261,42.407],[-76.219,42.408],[-76.2,42.409],[-76.173,42.409],[-76.149,42.41],[-76.125,42.402],[-76.121,42.381],[-76.119,42.367],[-76.112,42.357],[-76.11,42.337],[-76.106,42.319],[-76.099,42.295],[-76.107,42.287],[-76.101,42.278],[-76.084,42.272],[-76.086,42.258],[-76.097,42.258],[-76.087,42.241],[-76.081,42.23],[-76.082,42.215],[-76.085,42.208],[-76.084,42.197],[-76.087,42.19],[-76.116,42.18],[-76.114,42.151],[-76.113,42.138],[-76.112,42.126],[-76.112,42.113],[-76.109,42.102],[-76.11,42.084],[-76.108,42.067],[-76.107,42.052],[-76.105,42.036],[-76.106,41.999],[-76.06,41.999],[-75.989,41.999],[-75.974,41.999],[-75.954,41.999],[-75.898,41.999],[-75.871,42.007],[-75.879,42.048],[-75.858,42.062],[-75.863,42.089],[-75.867,42.1],[-75.861,42.103],[-75.858,42.109],[-75.87,42.116],[-75.876,42.131],[-75.885,42.144],[-75.898,42.143],[-75.883,42.165],[-75.856,42.161],[-75.843,42.162],[-75.837,42.168],[-75.829,42.178],[-75.832,42.186],[-75.838,42.201],[-75.842,42.206],[-75.846,42.213],[-75.849,42.22],[-75.849,42.227],[-75.845,42.233],[-75.846,42.239],[-75.89,42.238],[-75.906,42.237],[-75.923,42.236],[-75.954,42.235],[-75.978,42.241],[-75.98,42.268],[-75.982,42.322],[-75.965,42.322],[-75.931,42.323],[-75.886,42.325],[-75.851,42.331],[-75.854,42.355],[-75.859,42.381]]],[[[-75,42.866],[-74.989,42.9],[-74.976,42.931],[-74.969,42.947],[-74.981,42.951],[-75.015,42.961],[-75.023,42.964],[-75.076,42.986],[-75.107,42.997],[-75.178,43.014],[-75.216,43.026],[-75.218,43.054],[-75.211,43.061],[-75.205,43.068],[-75.195,43.078],[-75.187,43.076],[-75.181,43.078],[-75.184,43.083],[-75.184,43.09],[-75.18,43.095],[-75.167,43.109],[-75.153,43.125],[-75.137,43.144],[-75.125,43.159],[-75.101,43.188],[-75.072,43.228],[-75.073,43.232],[-75.072,43.235],[-75.078,43.233],[-75.084,43.23],[-75.092,43.231],[-75.101,43.234],[-75.111,43.238],[-75.119,43.24],[-75.123,43.244],[-75.127,43.248],[-75.134,43.248],[-75.139,43.251],[-75.145,43.255],[-75.149,43.25],[-75.151,43.247],[-75.151,43.252],[-75.154,43.259],[-75.158,43.255],[-75.162,43.261],[-75.158,43.267],[-75.158,43.274],[-75.154,43.279],[-75.152,43.286],[-75.148,43.291],[-75.147,43.297],[-75.147,43.302],[-75.145,43.305],[-75.132,43.307],[-75.124,43.307],[-75.12,43.304],[-75.119,43.31],[-75.112,43.311],[-75.106,43.313],[-75.102,43.321],[-75.096,43.324],[-75.093,43.328],[-75.086,43.329],[-75.078,43.343],[-75.079,43.352],[-75.082,43.381],[-75.085,43.406],[-75.089,43.434],[-75.093,43.462],[-75.098,43.5],[-75.101,43.534],[-75.103,43.557],[-75.11,43.61],[-75.125,43.608],[-75.135,43.604],[-75.204,43.572],[-75.248,43.551],[-75.271,43.541],[-75.31,43.524],[-75.323,43.517],[-75.353,43.504],[-75.373,43.495],[-75.392,43.486],[-75.424,43.471],[-75.443,43.462],[-75.459,43.454],[-75.487,43.441],[-75.525,43.424],[-75.547,43.422],[-75.57,43.428],[-75.61,43.437],[-75.652,43.447],[-75.659,43.448],[-75.669,43.45],[-75.694,43.456],[-75.709,43.46],[-75.72,43.462],[-75.731,43.465],[-75.765,43.472],[-75.8,43.48],[-75.826,43.459],[-75.851,43.404],[-75.863,43.376],[-75.877,43.345],[-75.878,43.323],[-75.87,43.274],[-75.871,43.261],[-75.874,43.243],[-75.875,43.231],[-75.888,43.156],[-75.895,43.157],[-75.902,43.158],[-75.909,43.159],[-75.916,43.16],[-75.923,43.161],[-75.928,43.164],[-75.929,43.17],[-75.932,43.175],[-75.938,43.174],[-75.947,43.173],[-75.954,43.172],[-75.959,43.175],[-75.96,43.18],[-75.965,43.18],[-75.97,43.18],[-75.976,43.178],[-75.982,43.178],[-75.987,43.184],[-75.993,43.185],[-75.991,43.183],[-75.992,43.176],[-75.987,43.172],[-75.981,43.172],[-75.98,43.167],[-75.977,43.164],[-75.977,43.159],[-75.971,43.155],[-75.973,43.148],[-75.973,43.143],[-75.977,43.138],[-75.975,43.139],[-75.97,43.139],[-75.967,43.135],[-75.961,43.133],[-75.957,43.136],[-75.953,43.136],[-75.952,43.134],[-75.951,43.132],[-75.955,43.128],[-75.959,43.126],[-75.958,43.124],[-75.959,43.12],[-75.958,43.118],[-75.956,43.116],[-75.961,43.116],[-75.964,43.12],[-75.967,43.114],[-75.972,43.108],[-75.973,43.106],[-75.974,43.104],[-75.976,43.1],[-75.976,43.094],[-75.975,43.092],[-75.971,43.093],[-75.971,43.09],[-75.969,43.088],[-75.968,43.09],[-75.967,43.087],[-75.963,43.088],[-75.961,43.088],[-75.958,43.087],[-75.953,43.088],[-75.95,43.09],[-75.947,43.089],[-75.943,43.087],[-75.938,43.087],[-75.935,43.088],[-75.933,43.089],[-75.93,43.087],[-75.927,43.089],[-75.923,43.09],[-75.919,43.088],[-75.917,43.083],[-75.915,43.065],[-75.914,43.046],[-75.913,43.026],[-75.912,43.01],[-75.91,42.982],[-75.909,42.959],[-75.907,42.942],[-75.906,42.926],[-75.906,42.914],[-75.903,42.876],[-75.902,42.866],[-75.899,42.829],[-75.898,42.813],[-75.897,42.807],[-75.897,42.8],[-75.893,42.763],[-75.891,42.738],[-75.889,42.714],[-75.885,42.672],[-75.882,42.629],[-75.877,42.579],[-75.875,42.547],[-75.871,42.51],[-75.869,42.478],[-75.867,42.453],[-75.865,42.429],[-75.864,42.418],[-75.862,42.398],[-75.859,42.381],[-75.824,42.383],[-75.789,42.384],[-75.754,42.38],[-75.704,42.382],[-75.672,42.383],[-75.66,42.43],[-75.649,42.458],[-75.601,42.461],[-75.557,42.463],[-75.559,42.494],[-75.561,42.519],[-75.564,42.551],[-75.539,42.558],[-75.512,42.559],[-75.496,42.56],[-75.452,42.562],[-75.45,42.541],[-75.44,42.516],[-75.422,42.517],[-75.408,42.517],[-75.403,42.51],[-75.394,42.511],[-75.389,42.514],[-75.385,42.518],[-75.387,42.524],[-75.381,42.532],[-75.377,42.535],[-75.373,42.536],[-75.37,42.54],[-75.369,42.545],[-75.367,42.551],[-75.365,42.555],[-75.362,42.553],[-75.358,42.554],[-75.354,42.555],[-75.35,42.558],[-75.347,42.56],[-75.342,42.561],[-75.338,42.564],[-75.333,42.566],[-75.332,42.569],[-75.331,42.574],[-75.327,42.577],[-75.327,42.581],[-75.327,42.585],[-75.325,42.588],[-75.33,42.59],[-75.332,42.593],[-75.336,42.594],[-75.337,42.599],[-75.338,42.604],[-75.338,42.61],[-75.332,42.616],[-75.326,42.62],[-75.323,42.624],[-75.328,42.627],[-75.33,42.631],[-75.326,42.634],[-75.324,42.637],[-75.324,42.642],[-75.325,42.647],[-75.328,42.651],[-75.328,42.655],[-75.331,42.662],[-75.331,42.666],[-75.328,42.672],[-75.329,42.674],[-75.327,42.678],[-75.325,42.681],[-75.32,42.684],[-75.316,42.687],[-75.313,42.693],[-75.31,42.698],[-75.307,42.705],[-75.303,42.71],[-75.301,42.714],[-75.299,42.717],[-75.297,42.719],[-75.296,42.723],[-75.296,42.728],[-75.3,42.729],[-75.296,42.733],[-75.293,42.737],[-75.296,42.742],[-75.293,42.748],[-75.291,42.752],[-75.287,42.751],[-75.282,42.754],[-75.28,42.759],[-75.28,42.764],[-75.275,42.765],[-75.275,42.768],[-75.273,42.773],[-75.266,42.775],[-75.263,42.777],[-75.258,42.777],[-75.259,42.781],[-75.257,42.782],[-75.254,42.784],[-75.253,42.788],[-75.25,42.793],[-75.252,42.796],[-75.252,42.799],[-75.251,42.803],[-75.25,42.807],[-75.249,42.809],[-75.249,42.812],[-75.244,42.815],[-75.246,42.817],[-75.248,42.821],[-75.25,42.824],[-75.245,42.831],[-75.243,42.832],[-75.241,42.835],[-75.241,42.838],[-75.243,42.843],[-75.247,42.844],[-75.247,42.847],[-75.246,42.849],[-75.246,42.85],[-75.245,42.852],[-75.247,42.855],[-75.246,42.857],[-75.244,42.86],[-75.244,42.862],[-75.245,42.864],[-75.247,42.865],[-75.245,42.868],[-75.248,42.87],[-75.245,42.874],[-75.242,42.877],[-75.214,42.88],[-75.211,42.857],[-75.177,42.858],[-75.128,42.875],[-75.12,42.885],[-75.106,42.902],[-75.077,42.898],[-75.024,42.876],[-75,42.866]]],[[[-76.722,43.344],[-76.727,43.344],[-76.733,43.341],[-76.737,43.338],[-76.744,43.333],[-76.749,43.33],[-76.756,43.325],[-76.763,43.321],[-76.764,43.321],[-76.771,43.318],[-76.777,43.316],[-76.783,43.313],[-76.788,43.311],[-76.794,43.309],[-76.801,43.308],[-76.808,43.308],[-76.815,43.306],[-76.822,43.305],[-76.828,43.305],[-76.833,43.305],[-76.839,43.305],[-76.845,43.303],[-76.852,43.299],[-76.859,43.297],[-76.866,43.295],[-76.869,43.294],[-76.877,43.293],[-76.883,43.294],[-76.89,43.294],[-76.897,43.296],[-76.903,43.292],[-76.91,43.29],[-76.917,43.286],[-76.922,43.284],[-76.928,43.283],[-76.933,43.279],[-76.939,43.277],[-76.943,43.274],[-76.948,43.271],[-76.955,43.27],[-76.96,43.27],[-76.965,43.272],[-76.973,43.274],[-76.98,43.273],[-76.986,43.274],[-76.991,43.274],[-76.999,43.272],[-77.003,43.271],[-77.01,43.271],[-77.016,43.271],[-77.022,43.27],[-77.027,43.271],[-77.032,43.271],[-77.037,43.271],[-77.042,43.271],[-77.047,43.275],[-77.052,43.277],[-77.058,43.278],[-77.064,43.279],[-77.067,43.281],[-77.072,43.283],[-77.077,43.281],[-77.08,43.282],[-77.085,43.284],[-77.091,43.285],[-77.097,43.286],[-77.103,43.288],[-77.109,43.289],[-77.114,43.286],[-77.12,43.287],[-77.125,43.287],[-77.13,43.285],[-77.134,43.286],[-77.139,43.287],[-77.144,43.289],[-77.146,43.29],[-77.151,43.288],[-77.156,43.286],[-77.162,43.285],[-77.167,43.283],[-77.173,43.282],[-77.18,43.282],[-77.184,43.283],[-77.189,43.285],[-77.195,43.283],[-77.202,43.282],[-77.208,43.283],[-77.214,43.284],[-77.22,43.283],[-77.227,43.282],[-77.233,43.281],[-77.238,43.281],[-77.242,43.28],[-77.247,43.28],[-77.251,43.279],[-77.258,43.278],[-77.264,43.277],[-77.271,43.278],[-77.278,43.278],[-77.282,43.277],[-77.287,43.279],[-77.292,43.278],[-77.297,43.278],[-77.304,43.278],[-77.31,43.279],[-77.315,43.281],[-77.321,43.281],[-77.326,43.279],[-77.333,43.278],[-77.339,43.28],[-77.345,43.28],[-77.35,43.278],[-77.357,43.278],[-77.362,43.278],[-77.369,43.277],[-77.375,43.276],[-77.376,43.267],[-77.376,43.254],[-77.376,43.238],[-77.375,43.226],[-77.375,43.216],[-77.375,43.198],[-77.375,43.183],[-77.375,43.16],[-77.374,43.14],[-77.373,43.122],[-77.373,43.106],[-77.372,43.078],[-77.372,43.064],[-77.371,43.039],[-77.375,43.035],[-77.388,43.035],[-77.404,43.035],[-77.415,43.035],[-77.43,43.035],[-77.443,43.035],[-77.454,43.035],[-77.462,43.035],[-77.484,43.035],[-77.491,43.035],[-77.516,43.034],[-77.527,43.034],[-77.546,43.034],[-77.566,43.034],[-77.579,43.034],[-77.586,43.034],[-77.594,43.02],[-77.625,43.018],[-77.659,43.018],[-77.695,43.017],[-77.726,43.019],[-77.729,43.026],[-77.724,43.035],[-77.729,43.037],[-77.719,43.047],[-77.702,43.052],[-77.698,43.062],[-77.697,43.07],[-77.706,43.072],[-77.7,43.078],[-77.685,43.087],[-77.679,43.095],[-77.677,43.1],[-77.676,43.106],[-77.672,43.109],[-77.665,43.11],[-77.659,43.113],[-77.654,43.116],[-77.645,43.121],[-77.647,43.124],[-77.654,43.125],[-77.658,43.118],[-77.668,43.116],[-77.674,43.112],[-77.68,43.117],[-77.682,43.12],[-77.692,43.126],[-77.715,43.126],[-77.727,43.126],[-77.741,43.125],[-77.756,43.126],[-77.775,43.126],[-77.793,43.127],[-77.812,43.127],[-77.862,43.129],[-77.909,43.127],[-77.921,43.103],[-77.931,43.081],[-77.947,43.047],[-77.909,43.037],[-77.905,43.023],[-77.91,42.995],[-77.91,42.982],[-77.91,42.973],[-77.911,42.952],[-77.919,42.945],[-77.932,42.946],[-77.934,42.935],[-77.935,42.921],[-77.935,42.908],[-77.949,42.906],[-77.956,42.905],[-77.955,42.894],[-77.955,42.875],[-77.955,42.862],[-77.955,42.851],[-77.955,42.842],[-77.955,42.823],[-77.955,42.816],[-77.956,42.804],[-77.956,42.795],[-77.955,42.789],[-77.955,42.777],[-77.955,42.77],[-77.955,42.761],[-77.955,42.752],[-77.955,42.739],[-77.955,42.726],[-77.955,42.718],[-77.955,42.71],[-77.956,42.703],[-77.956,42.686],[-77.956,42.675],[-77.958,42.667],[-77.964,42.662],[-77.969,42.663],[-77.971,42.657],[-77.975,42.652],[-77.971,42.648],[-77.977,42.646],[-77.976,42.641],[-77.98,42.638],[-77.981,42.633],[-77.987,42.629],[-77.988,42.622],[-77.991,42.615],[-77.998,42.616],[-78.004,42.611],[-78.014,42.612],[-78.018,42.606],[-78.028,42.605],[-78.027,42.598],[-78.02,42.596],[-78.016,42.599],[-78.008,42.599],[-78.005,42.594],[-78.009,42.589],[-78.016,42.587],[-78.024,42.585],[-78.029,42.587],[-78.035,42.588],[-78.039,42.585],[-78.046,42.581],[-78.05,42.577],[-78.048,42.572],[-78.043,42.571],[-78.038,42.573],[-78.033,42.573],[-78.028,42.568],[-78.034,42.568],[-78.039,42.565],[-78.046,42.559],[-78.051,42.55],[-78.049,42.544],[-78.056,42.541],[-78.061,42.535],[-78.058,42.533],[-78.051,42.538],[-78.046,42.537],[-78.046,42.53],[-78.046,42.526],[-78.041,42.529],[-78.04,42.523],[-78.04,42.52],[-78.04,42.519],[-78.023,42.519],[-77.997,42.519],[-77.963,42.518],[-77.948,42.518],[-77.933,42.518],[-77.915,42.518],[-77.907,42.518],[-77.899,42.518],[-77.89,42.518],[-77.859,42.518],[-77.841,42.518],[-77.841,42.5],[-77.835,42.474],[-77.787,42.473],[-77.767,42.472],[-77.751,42.472],[-77.733,42.471],[-77.723,42.473],[-77.722,42.5],[-77.721,42.527],[-77.707,42.535],[-77.696,42.535],[-77.687,42.535],[-77.671,42.535],[-77.661,42.535],[-77.661,42.549],[-77.661,42.556],[-77.66,42.574],[-77.655,42.58],[-77.64,42.58],[-77.633,42.58],[-77.624,42.58],[-77.617,42.58],[-77.608,42.58],[-77.594,42.58],[-77.553,42.579],[-77.534,42.578],[-77.5,42.578],[-77.491,42.577],[-77.48,42.577],[-77.459,42.577],[-77.447,42.577],[-77.438,42.577],[-77.417,42.577],[-77.404,42.577],[-77.388,42.576],[-77.367,42.576],[-77.367,42.6],[-77.367,42.639],[-77.367,42.649],[-77.366,42.66],[-77.365,42.668],[-77.357,42.67],[-77.357,42.677],[-77.356,42.686],[-77.355,42.694],[-77.353,42.702],[-77.349,42.712],[-77.343,42.722],[-77.339,42.73],[-77.335,42.736],[-77.328,42.744],[-77.324,42.749],[-77.316,42.756],[-77.311,42.761],[-77.302,42.761],[-77.29,42.761],[-77.272,42.761],[-77.251,42.761],[-77.243,42.761],[-77.233,42.761],[-77.223,42.761],[-77.174,42.761],[-77.133,42.762],[-77.117,42.763],[-77.094,42.764],[-77.079,42.764],[-77.05,42.764],[-77.03,42.764],[-77.012,42.764],[-77.001,42.764],[-76.99,42.764],[-76.974,42.764],[-76.972,42.768],[-76.976,42.772],[-76.978,42.777],[-76.975,42.782],[-76.975,42.789],[-76.977,42.796],[-76.975,42.801],[-76.976,42.807],[-76.974,42.812],[-76.977,42.816],[-76.977,42.821],[-76.976,42.825],[-76.978,42.83],[-76.974,42.833],[-76.974,42.839],[-76.975,42.843],[-76.978,42.849],[-76.98,42.854],[-76.981,42.861],[-76.978,42.865],[-76.978,42.868],[-76.974,42.871],[-76.966,42.873],[-76.963,42.877],[-76.963,42.885],[-76.963,42.893],[-76.963,42.907],[-76.963,42.915],[-76.963,42.929],[-76.963,42.941],[-76.964,42.956],[-76.964,42.97],[-76.964,42.978],[-76.964,42.989],[-76.964,43],[-76.964,43.01],[-76.941,43.014],[-76.919,43.016],[-76.895,43.017],[-76.871,43.018],[-76.85,43.019],[-76.826,43.02],[-76.805,43.021],[-76.785,43.022],[-76.766,43.022],[-76.745,43.023],[-76.714,43.025],[-76.718,43.03],[-76.719,43.037],[-76.718,43.05],[-76.718,43.062],[-76.715,43.066],[-76.711,43.069],[-76.706,43.072],[-76.704,43.077],[-76.703,43.084],[-76.704,43.098],[-76.704,43.108],[-76.705,43.118],[-76.706,43.13],[-76.707,43.143],[-76.707,43.152],[-76.708,43.172],[-76.709,43.183],[-76.71,43.198],[-76.71,43.207],[-76.711,43.217],[-76.712,43.225],[-76.713,43.24],[-76.714,43.254],[-76.715,43.264],[-76.718,43.286],[-76.719,43.305],[-76.72,43.315],[-76.721,43.321],[-76.721,43.328],[-76.722,43.336],[-76.722,43.344]]],[[[-77.376,43.276],[-77.382,43.275],[-77.388,43.276],[-77.394,43.275],[-77.4,43.274],[-77.407,43.271],[-77.414,43.269],[-77.42,43.27],[-77.427,43.27],[-77.433,43.267],[-77.439,43.264],[-77.445,43.262],[-77.451,43.26],[-77.455,43.261],[-77.462,43.259],[-77.468,43.257],[-77.476,43.255],[-77.481,43.253],[-77.489,43.251],[-77.496,43.25],[-77.503,43.249],[-77.51,43.246],[-77.516,43.241],[-77.53,43.236],[-77.537,43.236],[-77.544,43.235],[-77.551,43.236],[-77.558,43.237],[-77.565,43.239],[-77.573,43.241],[-77.578,43.243],[-77.584,43.247],[-77.59,43.251],[-77.595,43.253],[-77.602,43.257],[-77.606,43.253],[-77.611,43.247],[-77.616,43.233],[-77.621,43.209],[-77.618,43.197],[-77.619,43.19],[-77.616,43.186],[-77.616,43.182],[-77.613,43.177],[-77.608,43.172],[-77.602,43.166],[-77.605,43.163],[-77.605,43.162],[-77.6,43.162],[-77.597,43.156],[-77.6,43.152],[-77.606,43.153],[-77.607,43.15],[-77.611,43.145],[-77.609,43.141],[-77.607,43.137],[-77.611,43.134],[-77.614,43.132],[-77.617,43.127],[-77.627,43.124],[-77.627,43.115],[-77.615,43.11],[-77.612,43.112],[-77.607,43.119],[-77.597,43.13],[-77.592,43.134],[-77.582,43.136],[-77.579,43.135],[-77.566,43.136],[-77.552,43.137],[-77.548,43.142],[-77.543,43.15],[-77.539,43.157],[-77.536,43.163],[-77.532,43.166],[-77.527,43.163],[-77.528,43.161],[-77.526,43.157],[-77.525,43.155],[-77.524,43.151],[-77.521,43.151],[-77.52,43.148],[-77.517,43.151],[-77.517,43.14],[-77.517,43.131],[-77.523,43.124],[-77.539,43.124],[-77.543,43.115],[-77.547,43.109],[-77.55,43.104],[-77.554,43.095],[-77.557,43.091],[-77.561,43.082],[-77.564,43.078],[-77.571,43.064],[-77.579,43.049],[-77.585,43.036],[-77.581,43.034],[-77.57,43.034],[-77.556,43.034],[-77.531,43.034],[-77.522,43.034],[-77.493,43.035],[-77.486,43.035],[-77.468,43.035],[-77.456,43.035],[-77.446,43.035],[-77.433,43.035],[-77.418,43.035],[-77.406,43.035],[-77.391,43.035],[-77.38,43.035],[-77.371,43.037],[-77.372,43.054],[-77.372,43.075],[-77.373,43.103],[-77.373,43.117],[-77.374,43.131],[-77.374,43.159],[-77.375,43.178],[-77.375,43.195],[-77.375,43.21],[-77.375,43.224],[-77.376,43.236],[-77.376,43.25],[-77.376,43.264],[-77.376,43.275],[-77.376,43.276]]],[[[-77.602,43.257],[-77.608,43.26],[-77.613,43.263],[-77.618,43.265],[-77.623,43.268],[-77.628,43.27],[-77.632,43.273],[-77.639,43.275],[-77.644,43.277],[-77.652,43.279],[-77.66,43.283],[-77.665,43.285],[-77.673,43.291],[-77.679,43.296],[-77.684,43.299],[-77.689,43.301],[-77.692,43.304],[-77.698,43.306],[-77.702,43.309],[-77.707,43.311],[-77.707,43.31],[-77.707,43.307],[-77.712,43.308],[-77.719,43.309],[-77.72,43.313],[-77.725,43.314],[-77.725,43.317],[-77.719,43.318],[-77.714,43.318],[-77.714,43.321],[-77.716,43.324],[-77.723,43.325],[-77.727,43.328],[-77.732,43.331],[-77.738,43.332],[-77.744,43.333],[-77.749,43.331],[-77.749,43.308],[-77.749,43.294],[-77.751,43.265],[-77.752,43.24],[-77.752,43.228],[-77.753,43.201],[-77.754,43.179],[-77.754,43.169],[-77.754,43.157],[-77.754,43.144],[-77.754,43.126],[-77.737,43.125],[-77.724,43.126],[-77.711,43.126],[-77.686,43.126],[-77.683,43.118],[-77.681,43.116],[-77.67,43.113],[-77.666,43.116],[-77.654,43.119],[-77.651,43.126],[-77.646,43.123],[-77.652,43.117],[-77.66,43.113],[-77.66,43.112],[-77.667,43.11],[-77.673,43.108],[-77.676,43.104],[-77.677,43.098],[-77.68,43.094],[-77.687,43.085],[-77.704,43.077],[-77.704,43.071],[-77.696,43.068],[-77.696,43.059],[-77.706,43.049],[-77.725,43.045],[-77.73,43.035],[-77.722,43.034],[-77.73,43.024],[-77.723,43.017],[-77.692,43.017],[-77.647,43.018],[-77.605,43.018],[-77.591,43.026],[-77.584,43.038],[-77.578,43.051],[-77.568,43.069],[-77.563,43.079],[-77.56,43.084],[-77.556,43.092],[-77.553,43.097],[-77.549,43.106],[-77.546,43.111],[-77.543,43.117],[-77.53,43.124],[-77.52,43.124],[-77.517,43.133],[-77.517,43.147],[-77.519,43.15],[-77.522,43.148],[-77.521,43.153],[-77.525,43.152],[-77.523,43.155],[-77.527,43.157],[-77.529,43.162],[-77.529,43.163],[-77.533,43.167],[-77.537,43.161],[-77.54,43.155],[-77.546,43.145],[-77.549,43.141],[-77.554,43.136],[-77.572,43.136],[-77.581,43.134],[-77.585,43.136],[-77.593,43.133],[-77.601,43.13],[-77.609,43.117],[-77.612,43.111],[-77.621,43.112],[-77.631,43.117],[-77.625,43.124],[-77.616,43.128],[-77.613,43.133],[-77.61,43.133],[-77.606,43.138],[-77.61,43.142],[-77.609,43.146],[-77.606,43.151],[-77.604,43.151],[-77.599,43.153],[-77.596,43.158],[-77.602,43.162],[-77.606,43.161],[-77.603,43.165],[-77.602,43.168],[-77.612,43.172],[-77.616,43.178],[-77.616,43.182],[-77.619,43.186],[-77.618,43.192],[-77.618,43.199],[-77.615,43.216],[-77.613,43.239],[-77.61,43.249],[-77.605,43.254],[-77.602,43.257]]],[[[-77.908,43.129],[-77.945,43.133],[-77.975,43.133],[-77.989,43.133],[-78.013,43.133],[-78.032,43.132],[-78.05,43.132],[-78.079,43.131],[-78.106,43.132],[-78.132,43.132],[-78.162,43.132],[-78.187,43.132],[-78.208,43.132],[-78.234,43.132],[-78.266,43.131],[-78.305,43.131],[-78.315,43.131],[-78.333,43.131],[-78.356,43.131],[-78.375,43.13],[-78.411,43.131],[-78.425,43.13],[-78.451,43.129],[-78.465,43.124],[-78.465,43.1],[-78.464,43.068],[-78.463,43.033],[-78.463,43.002],[-78.464,42.969],[-78.464,42.96],[-78.464,42.947],[-78.464,42.924],[-78.464,42.904],[-78.464,42.894],[-78.464,42.877],[-78.478,42.868],[-78.486,42.854],[-78.487,42.824],[-78.488,42.805],[-78.488,42.781],[-78.463,42.764],[-78.463,42.737],[-78.464,42.723],[-78.464,42.707],[-78.464,42.687],[-78.463,42.671],[-78.463,42.658],[-78.462,42.626],[-78.463,42.595],[-78.463,42.551],[-78.468,42.534],[-78.475,42.534],[-78.48,42.534],[-78.486,42.535],[-78.49,42.533],[-78.495,42.53],[-78.501,42.528],[-78.507,42.527],[-78.511,42.528],[-78.513,42.523],[-78.518,42.52],[-78.524,42.52],[-78.53,42.521],[-78.533,42.519],[-78.537,42.518],[-78.54,42.514],[-78.546,42.518],[-78.547,42.516],[-78.553,42.514],[-78.558,42.512],[-78.561,42.512],[-78.565,42.509],[-78.57,42.513],[-78.575,42.511],[-78.58,42.514],[-78.586,42.513],[-78.589,42.509],[-78.594,42.512],[-78.6,42.511],[-78.606,42.509],[-78.608,42.506],[-78.613,42.503],[-78.619,42.504],[-78.625,42.502],[-78.627,42.497],[-78.633,42.497],[-78.639,42.497],[-78.644,42.493],[-78.649,42.492],[-78.654,42.49],[-78.659,42.492],[-78.664,42.489],[-78.669,42.488],[-78.673,42.487],[-78.677,42.484],[-78.682,42.482],[-78.685,42.476],[-78.69,42.477],[-78.693,42.472],[-78.699,42.474],[-78.7,42.48],[-78.702,42.486],[-78.708,42.484],[-78.713,42.484],[-78.717,42.486],[-78.722,42.483],[-78.729,42.483],[-78.732,42.479],[-78.739,42.48],[-78.738,42.473],[-78.745,42.474],[-78.751,42.473],[-78.753,42.469],[-78.762,42.47],[-78.762,42.468],[-78.758,42.464],[-78.765,42.462],[-78.773,42.465],[-78.777,42.461],[-78.771,42.46],[-78.773,42.457],[-78.779,42.456],[-78.786,42.457],[-78.793,42.462],[-78.801,42.462],[-78.807,42.459],[-78.815,42.455],[-78.823,42.451],[-78.828,42.45],[-78.83,42.449],[-78.836,42.446],[-78.84,42.443],[-78.846,42.445],[-78.852,42.443],[-78.859,42.442],[-78.867,42.442],[-78.873,42.44],[-78.879,42.441],[-78.883,42.438],[-78.887,42.442],[-78.892,42.44],[-78.897,42.443],[-78.9,42.449],[-78.905,42.447],[-78.912,42.448],[-78.916,42.444],[-78.921,42.443],[-78.921,42.448],[-78.918,42.452],[-78.925,42.458],[-78.931,42.461],[-78.937,42.467],[-78.943,42.468],[-78.951,42.468],[-78.954,42.472],[-78.963,42.485],[-78.961,42.493],[-78.966,42.493],[-78.973,42.501],[-78.979,42.503],[-78.983,42.506],[-78.983,42.509],[-78.986,42.513],[-78.986,42.518],[-78.991,42.527],[-78.996,42.532],[-79.004,42.533],[-79.01,42.534],[-79.022,42.538],[-79.032,42.541],[-79.036,42.541],[-79.041,42.537],[-79.048,42.539],[-79.054,42.536],[-79.064,42.539],[-79.072,42.543],[-79.081,42.546],[-79.09,42.55],[-79.088,42.552],[-79.082,42.553],[-79.084,42.557],[-79.092,42.557],[-79.095,42.561],[-79.097,42.565],[-79.101,42.562],[-79.106,42.566],[-79.109,42.57],[-79.116,42.57],[-79.121,42.566],[-79.13,42.566],[-79.137,42.57],[-79.139,42.564],[-79.143,42.559],[-79.148,42.554],[-79.156,42.553],[-79.163,42.553],[-79.168,42.55],[-79.174,42.549],[-79.178,42.552],[-79.184,42.549],[-79.188,42.546],[-79.193,42.546],[-79.199,42.545],[-79.204,42.543],[-79.209,42.541],[-79.216,42.54],[-79.221,42.537],[-79.226,42.535],[-79.23,42.538],[-79.236,42.534],[-79.241,42.531],[-79.246,42.533],[-79.25,42.532],[-79.253,42.528],[-79.259,42.525],[-79.266,42.523],[-79.27,42.52],[-79.273,42.516],[-79.278,42.513],[-79.283,42.511],[-79.29,42.51],[-79.296,42.509],[-79.299,42.507],[-79.305,42.505],[-79.311,42.504],[-79.315,42.503],[-79.319,42.501],[-79.322,42.496],[-79.327,42.492],[-79.331,42.491],[-79.336,42.489],[-79.337,42.488],[-79.344,42.487],[-79.343,42.491],[-79.35,42.492],[-79.355,42.494],[-79.358,42.49],[-79.36,42.484],[-79.363,42.48],[-79.368,42.477],[-79.374,42.472],[-79.379,42.469],[-79.384,42.465],[-79.391,42.464],[-79.395,42.46],[-79.4,42.458],[-79.405,42.454],[-79.41,42.452],[-79.414,42.453],[-79.418,42.452],[-79.421,42.446],[-79.423,42.44],[-79.425,42.433],[-79.428,42.428],[-79.435,42.424],[-79.44,42.421],[-79.445,42.418],[-79.448,42.414],[-79.453,42.411],[-79.459,42.409],[-79.465,42.407],[-79.469,42.406],[-79.476,42.404],[-79.48,42.4],[-79.484,42.398],[-79.489,42.395],[-79.494,42.392],[-79.498,42.389],[-79.503,42.387],[-79.51,42.383],[-79.515,42.38],[-79.521,42.377],[-79.526,42.374],[-79.531,42.371],[-79.536,42.369],[-79.541,42.367],[-79.546,42.364],[-79.551,42.362],[-79.554,42.361],[-79.56,42.358],[-79.565,42.354],[-79.571,42.351],[-79.576,42.349],[-79.581,42.347],[-79.585,42.345],[-79.59,42.343],[-79.595,42.343],[-79.596,42.342],[-79.598,42.343],[-79.604,42.34],[-79.608,42.336],[-79.612,42.332],[-79.617,42.33],[-79.623,42.328],[-79.627,42.325],[-79.632,42.322],[-79.637,42.32],[-79.642,42.317],[-79.646,42.316],[-79.651,42.314],[-79.655,42.311],[-79.659,42.31],[-79.663,42.307],[-79.669,42.306],[-79.673,42.303],[-79.677,42.301],[-79.682,42.299],[-79.686,42.298],[-79.69,42.295],[-79.695,42.293],[-79.698,42.291],[-79.704,42.29],[-79.708,42.288],[-79.713,42.286],[-79.718,42.284],[-79.721,42.282],[-79.727,42.281],[-79.733,42.279],[-79.738,42.277],[-79.742,42.276],[-79.747,42.274],[-79.753,42.272],[-79.76,42.27],[-79.762,42.252],[-79.762,42.234],[-79.762,42.201],[-79.762,42.18],[-79.762,42.145],[-79.762,42.123],[-79.762,42.086],[-79.762,42.02],[-79.703,41.999],[-79.66,41.999],[-79.644,41.999],[-79.632,41.999],[-79.564,41.999],[-79.492,41.998],[-79.41,41.998],[-79.374,41.999],[-79.265,41.999],[-79.18,41.999],[-79.061,41.999],[-78.961,41.999],[-78.913,41.998],[-78.799,41.998],[-78.715,41.998],[-78.678,41.999],[-78.619,42],[-78.544,42],[-78.468,42],[-78.41,42],[-78.36,41.999],[-78.312,41.999],[-78.269,41.999],[-78.177,42],[-78.121,42],[-78.04,41.999],[-77.965,41.999],[-77.957,42.012],[-77.957,42.033],[-77.956,42.058],[-77.962,42.086],[-78.004,42.087],[-78.02,42.087],[-78.032,42.087],[-78.042,42.087],[-78.074,42.086],[-78.074,42.118],[-78.074,42.151],[-78.074,42.177],[-78.074,42.193],[-78.074,42.245],[-78.074,42.26],[-78.053,42.26],[-77.968,42.26],[-77.894,42.261],[-77.839,42.261],[-77.839,42.305],[-77.839,42.334],[-77.839,42.348],[-77.919,42.348],[-77.954,42.348],[-77.956,42.393],[-77.956,42.402],[-77.956,42.413],[-77.956,42.439],[-77.955,42.49],[-77.955,42.517],[-77.969,42.518],[-78.016,42.519],[-78.03,42.519],[-78.043,42.519],[-78.038,42.521],[-78.04,42.525],[-78.044,42.529],[-78.048,42.527],[-78.043,42.535],[-78.048,42.538],[-78.054,42.536],[-78.06,42.532],[-78.06,42.538],[-78.053,42.542],[-78.05,42.546],[-78.049,42.556],[-78.043,42.562],[-78.037,42.566],[-78.031,42.567],[-78.031,42.57],[-78.035,42.574],[-78.039,42.571],[-78.046,42.57],[-78.05,42.574],[-78.049,42.579],[-78.042,42.583],[-78.038,42.587],[-78.033,42.586],[-78.027,42.586],[-78.02,42.586],[-78.013,42.587],[-78.007,42.591],[-78.004,42.597],[-78.012,42.6],[-78.018,42.598],[-78.023,42.596],[-78.028,42.601],[-78.024,42.606],[-78.016,42.608],[-78.009,42.612],[-78,42.613],[-77.994,42.616],[-77.988,42.617],[-77.989,42.625],[-77.983,42.63],[-77.984,42.635],[-77.977,42.638],[-77.978,42.643],[-77.974,42.647],[-77.972,42.65],[-77.975,42.655],[-77.971,42.66],[-77.966,42.664],[-77.962,42.663],[-77.956,42.668],[-77.956,42.679],[-77.956,42.696],[-77.956,42.706],[-77.955,42.713],[-77.955,42.721],[-77.955,42.732],[-77.955,42.746],[-77.955,42.757],[-77.955,42.765],[-77.955,42.773],[-77.955,42.781],[-77.956,42.791],[-77.956,42.8],[-77.955,42.809],[-77.955,42.819],[-77.955,42.827],[-77.955,42.845],[-77.955,42.856],[-77.955,42.869],[-77.955,42.881],[-77.955,42.9],[-77.953,42.906],[-77.941,42.905],[-77.935,42.913],[-77.935,42.926],[-77.934,42.939],[-77.924,42.945],[-77.915,42.945],[-77.91,42.964],[-77.91,42.978],[-77.91,42.988],[-77.908,43.002],[-77.905,43.031],[-77.933,43.039],[-77.939,43.064],[-77.928,43.086],[-77.917,43.11],[-77.908,43.129]]],[[[-76.714,43.024],[-76.749,43.023],[-76.767,43.022],[-76.788,43.021],[-76.806,43.021],[-76.829,43.02],[-76.854,43.019],[-76.872,43.018],[-76.902,43.016],[-76.921,43.015],[-76.95,43.014],[-76.964,43.008],[-76.964,42.998],[-76.964,42.988],[-76.964,42.977],[-76.964,42.969],[-76.964,42.955],[-76.963,42.939],[-76.963,42.927],[-76.963,42.914],[-76.963,42.906],[-76.963,42.892],[-76.963,42.884],[-76.963,42.876],[-76.968,42.872],[-76.975,42.871],[-76.978,42.867],[-76.979,42.865],[-76.981,42.86],[-76.979,42.854],[-76.977,42.848],[-76.975,42.842],[-76.973,42.838],[-76.975,42.833],[-76.978,42.829],[-76.976,42.824],[-76.978,42.82],[-76.977,42.815],[-76.975,42.812],[-76.976,42.806],[-76.976,42.801],[-76.976,42.795],[-76.975,42.788],[-76.976,42.782],[-76.978,42.776],[-76.976,42.771],[-76.972,42.767],[-76.975,42.764],[-76.991,42.764],[-77.002,42.764],[-77.013,42.764],[-77.031,42.764],[-77.052,42.764],[-77.08,42.764],[-77.099,42.764],[-77.12,42.763],[-77.134,42.762],[-77.179,42.761],[-77.224,42.761],[-77.234,42.761],[-77.244,42.761],[-77.254,42.761],[-77.273,42.761],[-77.294,42.761],[-77.303,42.761],[-77.313,42.761],[-77.317,42.755],[-77.324,42.748],[-77.329,42.743],[-77.336,42.735],[-77.34,42.729],[-77.344,42.721],[-77.349,42.711],[-77.354,42.7],[-77.355,42.693],[-77.356,42.685],[-77.357,42.676],[-77.357,42.669],[-77.367,42.668],[-77.367,42.66],[-77.367,42.648],[-77.367,42.637],[-77.367,42.598],[-77.37,42.576],[-77.391,42.576],[-77.407,42.577],[-77.418,42.577],[-77.441,42.577],[-77.449,42.577],[-77.46,42.577],[-77.483,42.577],[-77.492,42.577],[-77.502,42.578],[-77.535,42.578],[-77.562,42.579],[-77.595,42.58],[-77.609,42.58],[-77.618,42.58],[-77.625,42.58],[-77.634,42.58],[-77.641,42.58],[-77.657,42.58],[-77.66,42.568],[-77.661,42.555],[-77.661,42.548],[-77.662,42.535],[-77.677,42.535],[-77.688,42.535],[-77.697,42.535],[-77.71,42.535],[-77.721,42.523],[-77.722,42.497],[-77.723,42.471],[-77.741,42.472],[-77.752,42.472],[-77.768,42.472],[-77.792,42.473],[-77.84,42.475],[-77.841,42.501],[-77.842,42.518],[-77.865,42.518],[-77.891,42.518],[-77.9,42.518],[-77.908,42.518],[-77.916,42.518],[-77.936,42.518],[-77.949,42.518],[-77.955,42.505],[-77.956,42.474],[-77.956,42.427],[-77.956,42.408],[-77.956,42.398],[-77.956,42.366],[-77.951,42.348],[-77.879,42.348],[-77.839,42.343],[-77.839,42.322],[-77.839,42.284],[-77.889,42.261],[-77.933,42.261],[-78.001,42.26],[-78.063,42.26],[-78.074,42.251],[-78.074,42.231],[-78.074,42.19],[-78.074,42.164],[-78.074,42.13],[-78.074,42.103],[-78.063,42.086],[-78.038,42.087],[-78.028,42.087],[-78.012,42.087],[-77.992,42.087],[-77.956,42.072],[-77.956,42.051],[-77.957,42.025],[-77.957,42.001],[-77.922,41.998],[-77.865,41.998],[-77.818,41.998],[-77.746,41.999],[-77.698,41.999],[-77.62,41.999],[-77.561,42],[-77.476,42],[-77.433,42],[-77.375,42],[-77.336,42],[-77.298,42],[-77.284,42],[-77.239,42],[-77.183,42],[-77.175,42],[-77.155,42],[-77.114,42],[-77.036,42.001],[-77.02,42.001],[-77.012,42.001],[-76.946,42.001],[-76.869,42.002],[-76.815,42.002],[-76.749,42.002],[-76.731,42.002],[-76.707,42.001],[-76.638,42.001],[-76.578,42],[-76.534,42],[-76.522,42],[-76.478,41.999],[-76.467,41.999],[-76.441,41.999],[-76.382,41.998],[-76.304,41.998],[-76.267,41.998],[-76.157,41.999],[-76.126,41.999],[-76.106,42.028],[-76.106,42.046],[-76.108,42.06],[-76.109,42.073],[-76.111,42.096],[-76.109,42.112],[-76.112,42.121],[-76.113,42.13],[-76.113,42.142],[-76.115,42.16],[-76.116,42.186],[-76.087,42.193],[-76.085,42.203],[-76.082,42.211],[-76.081,42.225],[-76.085,42.235],[-76.091,42.244],[-76.091,42.258],[-76.081,42.262],[-76.087,42.272],[-76.101,42.285],[-76.103,42.294],[-76.102,42.307],[-76.112,42.327],[-76.11,42.347],[-76.115,42.363],[-76.123,42.375],[-76.123,42.392],[-76.13,42.404],[-76.158,42.41],[-76.185,42.409],[-76.208,42.409],[-76.25,42.408],[-76.29,42.407],[-76.295,42.403],[-76.297,42.398],[-76.297,42.393],[-76.296,42.389],[-76.299,42.385],[-76.297,42.382],[-76.292,42.38],[-76.286,42.379],[-76.282,42.38],[-76.279,42.378],[-76.273,42.377],[-76.267,42.376],[-76.263,42.373],[-76.258,42.371],[-76.253,42.369],[-76.248,42.366],[-76.243,42.364],[-76.24,42.36],[-76.239,42.354],[-76.24,42.35],[-76.242,42.345],[-76.246,42.342],[-76.246,42.336],[-76.246,42.331],[-76.25,42.328],[-76.25,42.323],[-76.25,42.317],[-76.251,42.313],[-76.251,42.308],[-76.249,42.303],[-76.25,42.297],[-76.272,42.297],[-76.288,42.308],[-76.3,42.308],[-76.318,42.308],[-76.351,42.314],[-76.373,42.318],[-76.409,42.318],[-76.416,42.286],[-76.422,42.263],[-76.459,42.264],[-76.475,42.281],[-76.494,42.281],[-76.515,42.282],[-76.541,42.282],[-76.569,42.282],[-76.605,42.283],[-76.646,42.283],[-76.691,42.288],[-76.691,42.307],[-76.69,42.329],[-76.69,42.35],[-76.688,42.373],[-76.687,42.39],[-76.688,42.416],[-76.689,42.428],[-76.689,42.437],[-76.69,42.451],[-76.691,42.459],[-76.691,42.467],[-76.692,42.478],[-76.693,42.492],[-76.694,42.503],[-76.695,42.517],[-76.697,42.547],[-76.678,42.547],[-76.664,42.548],[-76.648,42.548],[-76.629,42.549],[-76.618,42.549],[-76.611,42.549],[-76.587,42.55],[-76.606,42.559],[-76.618,42.567],[-76.629,42.576],[-76.648,42.594],[-76.659,42.608],[-76.668,42.625],[-76.675,42.645],[-76.686,42.671],[-76.699,42.686],[-76.716,42.698],[-76.721,42.702],[-76.725,42.707],[-76.734,42.733],[-76.74,42.77],[-76.734,42.802],[-76.726,42.813],[-76.719,42.827],[-76.72,42.851],[-76.721,42.87],[-76.726,42.881],[-76.735,42.897],[-76.739,42.917],[-76.735,42.943],[-76.737,42.95],[-76.739,42.956],[-76.737,42.963],[-76.737,42.97],[-76.728,42.977],[-76.727,42.989],[-76.721,42.994],[-76.721,43.004],[-76.72,43.009],[-76.713,43.015],[-76.712,43.021],[-76.714,43.024]]],[[[-78.636,43.093],[-78.641,43.097],[-78.641,43.091],[-78.644,43.089],[-78.647,43.085],[-78.649,43.081],[-78.656,43.083],[-78.662,43.086],[-78.67,43.085],[-78.677,43.084],[-78.68,43.081],[-78.685,43.082],[-78.689,43.088],[-78.696,43.087],[-78.697,43.074],[-78.697,43.059],[-78.697,43.044],[-78.697,43.031],[-78.697,43.019],[-78.697,43.005],[-78.697,42.995],[-78.697,42.977],[-78.697,42.969],[-78.697,42.951],[-78.697,42.943],[-78.697,42.934],[-78.697,42.925],[-78.697,42.917],[-78.697,42.91],[-78.697,42.903],[-78.697,42.894],[-78.697,42.887],[-78.697,42.877],[-78.697,42.867],[-78.724,42.864],[-78.76,42.864],[-78.76,42.874],[-78.764,42.873],[-78.768,42.874],[-78.771,42.872],[-78.776,42.872],[-78.782,42.874],[-78.787,42.871],[-78.797,42.872],[-78.8,42.867],[-78.8,42.855],[-78.801,42.846],[-78.797,42.842],[-78.8,42.839],[-78.801,42.838],[-78.802,42.832],[-78.795,42.825],[-78.798,42.821],[-78.796,42.813],[-78.793,42.804],[-78.804,42.804],[-78.813,42.805],[-78.832,42.805],[-78.842,42.805],[-78.852,42.805],[-78.862,42.804],[-78.857,42.8],[-78.855,42.794],[-78.854,42.788],[-78.855,42.782],[-78.86,42.779],[-78.863,42.775],[-78.866,42.771],[-78.873,42.767],[-78.878,42.765],[-78.882,42.761],[-78.887,42.758],[-78.891,42.755],[-78.896,42.752],[-78.9,42.748],[-78.906,42.747],[-78.91,42.743],[-78.914,42.74],[-78.92,42.736],[-78.926,42.735],[-78.932,42.733],[-78.938,42.732],[-78.944,42.731],[-78.949,42.729],[-78.953,42.726],[-78.96,42.723],[-78.966,42.721],[-78.97,42.717],[-78.974,42.714],[-78.979,42.711],[-78.985,42.708],[-78.992,42.705],[-78.999,42.704],[-79.006,42.704],[-79.012,42.701],[-79.018,42.701],[-79.023,42.697],[-79.03,42.696],[-79.036,42.695],[-79.042,42.692],[-79.047,42.692],[-79.049,42.688],[-79.052,42.683],[-79.053,42.677],[-79.057,42.673],[-79.062,42.668],[-79.063,42.662],[-79.063,42.657],[-79.063,42.65],[-79.065,42.644],[-79.071,42.64],[-79.078,42.64],[-79.082,42.635],[-79.085,42.631],[-79.091,42.629],[-79.095,42.627],[-79.098,42.622],[-79.104,42.618],[-79.108,42.615],[-79.112,42.612],[-79.113,42.606],[-79.118,42.603],[-79.121,42.598],[-79.124,42.593],[-79.13,42.591],[-79.131,42.585],[-79.134,42.58],[-79.135,42.574],[-79.136,42.569],[-79.129,42.566],[-79.12,42.567],[-79.115,42.57],[-79.108,42.57],[-79.106,42.565],[-79.101,42.563],[-79.096,42.565],[-79.094,42.561],[-79.092,42.556],[-79.083,42.557],[-79.083,42.553],[-79.089,42.552],[-79.089,42.55],[-79.08,42.546],[-79.071,42.542],[-79.063,42.539],[-79.053,42.536],[-79.047,42.539],[-79.04,42.538],[-79.036,42.542],[-79.031,42.541],[-79.021,42.538],[-79.009,42.535],[-79.003,42.533],[-78.995,42.532],[-78.991,42.525],[-78.987,42.518],[-78.985,42.513],[-78.984,42.508],[-78.982,42.506],[-78.978,42.503],[-78.972,42.5],[-78.965,42.493],[-78.962,42.492],[-78.962,42.482],[-78.953,42.471],[-78.95,42.468],[-78.942,42.468],[-78.937,42.466],[-78.931,42.46],[-78.923,42.457],[-78.918,42.451],[-78.921,42.447],[-78.92,42.443],[-78.915,42.444],[-78.91,42.447],[-78.904,42.447],[-78.899,42.449],[-78.897,42.442],[-78.891,42.44],[-78.886,42.441],[-78.883,42.439],[-78.878,42.442],[-78.872,42.44],[-78.866,42.442],[-78.858,42.442],[-78.851,42.443],[-78.845,42.445],[-78.839,42.443],[-78.835,42.446],[-78.829,42.449],[-78.828,42.451],[-78.822,42.451],[-78.813,42.456],[-78.806,42.459],[-78.8,42.462],[-78.792,42.461],[-78.785,42.456],[-78.778,42.456],[-78.772,42.457],[-78.772,42.46],[-78.778,42.462],[-78.772,42.465],[-78.764,42.461],[-78.758,42.465],[-78.763,42.468],[-78.761,42.47],[-78.752,42.468],[-78.75,42.473],[-78.744,42.474],[-78.738,42.474],[-78.738,42.48],[-78.731,42.479],[-78.728,42.483],[-78.721,42.483],[-78.716,42.487],[-78.712,42.484],[-78.707,42.484],[-78.701,42.486],[-78.7,42.479],[-78.698,42.473],[-78.692,42.472],[-78.689,42.476],[-78.683,42.477],[-78.682,42.483],[-78.676,42.484],[-78.672,42.487],[-78.668,42.487],[-78.663,42.49],[-78.658,42.492],[-78.653,42.49],[-78.648,42.492],[-78.643,42.494],[-78.639,42.498],[-78.633,42.498],[-78.627,42.498],[-78.624,42.502],[-78.618,42.504],[-78.612,42.503],[-78.608,42.507],[-78.605,42.51],[-78.599,42.512],[-78.593,42.512],[-78.588,42.509],[-78.585,42.513],[-78.579,42.514],[-78.574,42.511],[-78.569,42.513],[-78.564,42.509],[-78.561,42.513],[-78.557,42.511],[-78.552,42.515],[-78.548,42.516],[-78.546,42.517],[-78.539,42.514],[-78.537,42.517],[-78.534,42.519],[-78.529,42.522],[-78.523,42.52],[-78.518,42.521],[-78.513,42.524],[-78.51,42.528],[-78.506,42.527],[-78.499,42.528],[-78.494,42.53],[-78.489,42.534],[-78.485,42.535],[-78.479,42.534],[-78.474,42.534],[-78.467,42.535],[-78.463,42.554],[-78.463,42.596],[-78.463,42.639],[-78.463,42.659],[-78.463,42.672],[-78.464,42.691],[-78.464,42.711],[-78.464,42.725],[-78.463,42.738],[-78.463,42.77],[-78.488,42.782],[-78.487,42.808],[-78.487,42.828],[-78.486,42.857],[-78.475,42.868],[-78.464,42.878],[-78.464,42.895],[-78.464,42.909],[-78.464,42.925],[-78.464,42.949],[-78.464,42.961],[-78.464,42.974],[-78.463,43.007],[-78.463,43.035],[-78.464,43.079],[-78.468,43.088],[-78.467,43.085],[-78.472,43.082],[-78.473,43.084],[-78.475,43.086],[-78.482,43.084],[-78.487,43.085],[-78.491,43.084],[-78.494,43.083],[-78.5,43.083],[-78.497,43.087],[-78.502,43.087],[-78.505,43.09],[-78.505,43.093],[-78.504,43.093],[-78.509,43.093],[-78.51,43.097],[-78.513,43.095],[-78.514,43.091],[-78.519,43.089],[-78.523,43.088],[-78.528,43.089],[-78.528,43.089],[-78.532,43.089],[-78.537,43.086],[-78.54,43.086],[-78.54,43.089],[-78.543,43.089],[-78.547,43.09],[-78.543,43.093],[-78.543,43.097],[-78.548,43.097],[-78.55,43.093],[-78.555,43.092],[-78.56,43.091],[-78.557,43.095],[-78.562,43.096],[-78.564,43.091],[-78.569,43.088],[-78.576,43.089],[-78.574,43.083],[-78.576,43.08],[-78.578,43.085],[-78.579,43.087],[-78.584,43.087],[-78.583,43.083],[-78.582,43.078],[-78.584,43.074],[-78.59,43.076],[-78.592,43.071],[-78.595,43.072],[-78.601,43.073],[-78.605,43.072],[-78.604,43.074],[-78.602,43.077],[-78.608,43.076],[-78.612,43.076],[-78.616,43.076],[-78.616,43.08],[-78.614,43.084],[-78.619,43.087],[-78.625,43.085],[-78.63,43.089],[-78.63,43.093],[-78.636,43.093]]],[[[-78.871,42.829],[-78.869,42.832],[-78.874,42.829],[-78.871,42.828],[-78.871,42.829]]],[[[-78.703,43.087],[-78.708,43.084],[-78.714,43.083],[-78.72,43.081],[-78.724,43.085],[-78.73,43.086],[-78.736,43.083],[-78.741,43.074],[-78.746,43.07],[-78.759,43.071],[-78.767,43.07],[-78.778,43.066],[-78.79,43.066],[-78.802,43.066],[-78.807,43.059],[-78.81,43.053],[-78.822,43.052],[-78.832,43.05],[-78.829,43.043],[-78.826,43.032],[-78.833,43.025],[-78.845,43.019],[-78.856,43.022],[-78.875,43.022],[-78.882,43.024],[-78.889,43.019],[-78.898,43.014],[-78.91,43.01],[-78.922,43.005],[-78.928,43.001],[-78.934,42.997],[-78.937,42.995],[-78.939,42.99],[-78.941,42.982],[-78.939,42.977],[-78.934,42.974],[-78.936,42.974],[-78.931,42.968],[-78.924,42.964],[-78.918,42.959],[-78.91,42.952],[-78.91,42.945],[-78.909,42.939],[-78.906,42.935],[-78.904,42.933],[-78.899,42.927],[-78.902,42.916],[-78.9,42.915],[-78.892,42.914],[-78.883,42.916],[-78.882,42.909],[-78.871,42.909],[-78.865,42.914],[-78.86,42.913],[-78.861,42.919],[-78.857,42.922],[-78.852,42.928],[-78.852,42.932],[-78.851,42.94],[-78.856,42.942],[-78.856,42.948],[-78.847,42.948],[-78.844,42.955],[-78.837,42.958],[-78.826,42.958],[-78.819,42.957],[-78.812,42.96],[-78.804,42.957],[-78.811,42.951],[-78.789,42.949],[-78.778,42.949],[-78.769,42.949],[-78.756,42.949],[-78.734,42.951],[-78.731,42.949],[-78.726,42.946],[-78.718,42.951],[-78.7,42.951],[-78.697,42.965],[-78.697,42.976],[-78.697,42.993],[-78.697,43.003],[-78.697,43.018],[-78.697,43.03],[-78.697,43.04],[-78.697,43.058],[-78.697,43.073],[-78.697,43.086],[-78.703,43.087]]],[[[-78.906,42.933],[-78.909,42.934],[-78.905,42.922],[-78.903,42.913],[-78.901,42.923],[-78.906,42.933]]],[[[-78.922,42.956],[-78.923,42.954],[-78.925,42.953],[-78.922,42.956]]],[[[-78.959,42.961],[-78.964,42.962],[-78.96,42.959],[-78.958,42.96],[-78.959,42.961]]],[[[-79.003,43.065],[-78.999,43.063],[-78.998,43.061],[-78.998,43.053],[-79.006,43.04],[-79.01,43.029],[-79.015,43.023],[-79.021,43.016],[-79.02,43.004],[-79.015,42.991],[-79.005,42.984],[-78.995,42.979],[-78.985,42.975],[-78.98,42.973],[-78.974,42.97],[-78.968,42.964],[-78.959,42.963],[-78.951,42.959],[-78.944,42.958],[-78.939,42.961],[-78.941,42.966],[-78.944,42.972],[-78.947,42.976],[-78.948,42.98],[-78.948,42.986],[-78.946,42.992],[-78.941,42.998],[-78.933,43.005],[-78.928,43.007],[-78.925,43.009],[-78.918,43.013],[-78.909,43.015],[-78.9,43.018],[-78.894,43.026],[-78.898,43.037],[-78.901,43.042],[-78.911,43.047],[-78.917,43.051],[-78.921,43.054],[-78.929,43.055],[-78.934,43.057],[-78.941,43.06],[-78.945,43.063],[-78.953,43.063],[-78.962,43.061],[-78.971,43.061],[-78.98,43.063],[-78.99,43.064],[-79.003,43.065]]],[[[-79.051,43.251],[-79.052,43.245],[-79.051,43.231],[-79.049,43.219],[-79.05,43.208],[-79.046,43.194],[-79.048,43.183],[-79.05,43.175],[-79.049,43.169],[-79.045,43.163],[-79.044,43.155],[-79.042,43.145],[-79.042,43.138],[-79.047,43.135],[-79.053,43.129],[-79.059,43.126],[-79.067,43.12],[-79.061,43.115],[-79.057,43.108],[-79.059,43.102],[-79.061,43.097],[-79.065,43.092],[-79.07,43.086],[-79.063,43.083],[-79.055,43.081],[-79.048,43.079],[-79.041,43.078],[-79.026,43.078],[-79.014,43.077],[-79.003,43.074],[-78.993,43.074],[-78.985,43.073],[-78.978,43.073],[-78.97,43.074],[-78.963,43.075],[-78.957,43.077],[-78.952,43.074],[-78.946,43.071],[-78.941,43.069],[-78.935,43.068],[-78.929,43.067],[-78.923,43.065],[-78.919,43.062],[-78.914,43.06],[-78.907,43.059],[-78.902,43.056],[-78.898,43.052],[-78.893,43.049],[-78.89,43.045],[-78.889,43.039],[-78.885,43.033],[-78.881,43.028],[-78.881,43.023],[-78.871,43.023],[-78.853,43.02],[-78.84,43.019],[-78.831,43.029],[-78.825,43.034],[-78.831,43.045],[-78.83,43.051],[-78.818,43.052],[-78.806,43.054],[-78.807,43.061],[-78.8,43.066],[-78.787,43.067],[-78.773,43.068],[-78.765,43.07],[-78.755,43.07],[-78.744,43.07],[-78.74,43.076],[-78.734,43.084],[-78.728,43.086],[-78.723,43.084],[-78.718,43.081],[-78.712,43.082],[-78.708,43.086],[-78.701,43.087],[-78.695,43.087],[-78.689,43.087],[-78.684,43.081],[-78.68,43.082],[-78.676,43.084],[-78.668,43.085],[-78.66,43.086],[-78.655,43.083],[-78.648,43.081],[-78.647,43.086],[-78.644,43.088],[-78.641,43.092],[-78.64,43.097],[-78.635,43.093],[-78.63,43.092],[-78.629,43.088],[-78.624,43.085],[-78.618,43.087],[-78.613,43.084],[-78.617,43.079],[-78.616,43.075],[-78.612,43.077],[-78.607,43.076],[-78.602,43.076],[-78.605,43.074],[-78.604,43.072],[-78.601,43.072],[-78.595,43.071],[-78.592,43.072],[-78.589,43.075],[-78.583,43.075],[-78.581,43.078],[-78.584,43.083],[-78.583,43.089],[-78.579,43.088],[-78.578,43.084],[-78.575,43.08],[-78.575,43.083],[-78.574,43.089],[-78.568,43.088],[-78.564,43.092],[-78.561,43.097],[-78.556,43.095],[-78.561,43.091],[-78.555,43.093],[-78.55,43.094],[-78.547,43.098],[-78.542,43.097],[-78.544,43.093],[-78.546,43.09],[-78.543,43.09],[-78.54,43.088],[-78.539,43.086],[-78.536,43.086],[-78.532,43.088],[-78.529,43.09],[-78.528,43.088],[-78.522,43.088],[-78.519,43.09],[-78.515,43.091],[-78.512,43.095],[-78.51,43.096],[-78.508,43.093],[-78.503,43.093],[-78.506,43.093],[-78.504,43.09],[-78.503,43.087],[-78.497,43.086],[-78.499,43.083],[-78.493,43.083],[-78.491,43.083],[-78.486,43.085],[-78.481,43.084],[-78.475,43.085],[-78.472,43.084],[-78.471,43.082],[-78.466,43.085],[-78.467,43.088],[-78.464,43.1],[-78.465,43.123],[-78.456,43.129],[-78.429,43.13],[-78.418,43.13],[-78.377,43.13],[-78.357,43.131],[-78.341,43.131],[-78.316,43.131],[-78.308,43.131],[-78.284,43.131],[-78.237,43.132],[-78.21,43.132],[-78.193,43.132],[-78.165,43.132],[-78.137,43.132],[-78.108,43.132],[-78.085,43.131],[-78.054,43.132],[-78.037,43.132],[-78.017,43.132],[-77.997,43.133],[-77.977,43.133],[-77.96,43.133],[-77.908,43.13],[-77.862,43.129],[-77.812,43.127],[-77.793,43.127],[-77.775,43.126],[-77.756,43.126],[-77.754,43.141],[-77.754,43.154],[-77.754,43.167],[-77.754,43.177],[-77.753,43.19],[-77.753,43.221],[-77.752,43.237],[-77.751,43.255],[-77.75,43.287],[-77.749,43.305],[-77.749,43.319],[-77.75,43.335],[-77.755,43.337],[-77.758,43.339],[-77.764,43.341],[-77.769,43.341],[-77.775,43.34],[-77.779,43.339],[-77.785,43.34],[-77.792,43.34],[-77.799,43.34],[-77.805,43.341],[-77.811,43.342],[-77.815,43.343],[-77.817,43.344],[-77.823,43.343],[-77.83,43.343],[-77.836,43.345],[-77.842,43.347],[-77.847,43.347],[-77.852,43.347],[-77.858,43.348],[-77.864,43.349],[-77.871,43.349],[-77.877,43.35],[-77.883,43.351],[-77.889,43.352],[-77.896,43.353],[-77.901,43.355],[-77.906,43.357],[-77.913,43.357],[-77.92,43.357],[-77.927,43.357],[-77.933,43.359],[-77.939,43.361],[-77.945,43.362],[-77.95,43.364],[-77.956,43.365],[-77.962,43.367],[-77.967,43.367],[-77.974,43.368],[-77.979,43.368],[-77.983,43.367],[-77.989,43.365],[-77.996,43.365],[-78.002,43.367],[-78.009,43.368],[-78.016,43.367],[-78.023,43.367],[-78.03,43.367],[-78.036,43.369],[-78.041,43.371],[-78.047,43.37],[-78.054,43.37],[-78.061,43.37],[-78.069,43.371],[-78.075,43.372],[-78.082,43.373],[-78.089,43.373],[-78.095,43.375],[-78.101,43.376],[-78.107,43.376],[-78.114,43.375],[-78.121,43.376],[-78.129,43.375],[-78.137,43.375],[-78.146,43.375],[-78.152,43.374],[-78.158,43.375],[-78.165,43.374],[-78.171,43.372],[-78.177,43.371],[-78.183,43.37],[-78.189,43.371],[-78.193,43.371],[-78.2,43.371],[-78.207,43.372],[-78.213,43.371],[-78.218,43.37],[-78.225,43.37],[-78.232,43.369],[-78.241,43.369],[-78.25,43.37],[-78.255,43.372],[-78.262,43.373],[-78.268,43.373],[-78.273,43.372],[-78.279,43.371],[-78.285,43.372],[-78.292,43.372],[-78.298,43.371],[-78.305,43.372],[-78.31,43.374],[-78.317,43.373],[-78.325,43.373],[-78.332,43.373],[-78.339,43.373],[-78.346,43.373],[-78.352,43.374],[-78.359,43.374],[-78.366,43.374],[-78.371,43.376],[-78.378,43.376],[-78.386,43.376],[-78.392,43.375],[-78.399,43.375],[-78.406,43.375],[-78.413,43.375],[-78.419,43.374],[-78.426,43.374],[-78.432,43.373],[-78.438,43.372],[-78.445,43.372],[-78.45,43.372],[-78.456,43.373],[-78.462,43.372],[-78.468,43.371],[-78.476,43.371],[-78.482,43.374],[-78.489,43.375],[-78.495,43.374],[-78.501,43.373],[-78.508,43.372],[-78.515,43.372],[-78.522,43.372],[-78.528,43.371],[-78.535,43.371],[-78.541,43.37],[-78.546,43.37],[-78.553,43.369],[-78.559,43.368],[-78.565,43.367],[-78.572,43.366],[-78.578,43.365],[-78.585,43.364],[-78.59,43.362],[-78.597,43.362],[-78.604,43.361],[-78.61,43.36],[-78.618,43.359],[-78.626,43.359],[-78.633,43.358],[-78.639,43.357],[-78.644,43.355],[-78.65,43.354],[-78.654,43.352],[-78.66,43.35],[-78.667,43.349],[-78.674,43.347],[-78.681,43.345],[-78.687,43.343],[-78.694,43.342],[-78.7,43.34],[-78.707,43.34],[-78.713,43.339],[-78.72,43.339],[-78.727,43.339],[-78.735,43.338],[-78.74,43.336],[-78.746,43.335],[-78.751,43.333],[-78.757,43.332],[-78.763,43.33],[-78.77,43.328],[-78.777,43.327],[-78.783,43.326],[-78.789,43.325],[-78.796,43.325],[-78.803,43.324],[-78.807,43.323],[-78.813,43.322],[-78.823,43.319],[-78.829,43.318],[-78.834,43.318],[-78.841,43.316],[-78.847,43.314],[-78.855,43.311],[-78.862,43.31],[-78.868,43.308],[-78.875,43.306],[-78.881,43.305],[-78.886,43.303],[-78.893,43.302],[-78.898,43.3],[-78.904,43.299],[-78.909,43.299],[-78.916,43.297],[-78.922,43.295],[-78.928,43.294],[-78.934,43.292],[-78.94,43.29],[-78.946,43.288],[-78.952,43.286],[-78.958,43.285],[-78.963,43.283],[-78.97,43.282],[-78.976,43.28],[-78.982,43.279],[-78.988,43.278],[-78.996,43.277],[-79.003,43.277],[-79.009,43.276],[-79.014,43.274],[-79.02,43.274],[-79.025,43.272],[-79.031,43.271],[-79.037,43.27],[-79.044,43.269],[-79.048,43.267],[-79.054,43.266],[-79.061,43.264],[-79.064,43.261],[-79.057,43.259],[-79.052,43.254],[-79.051,43.251]]],[[[-78.955,43.076],[-78.964,43.075],[-78.971,43.074],[-78.976,43.072],[-78.969,43.073],[-78.963,43.072],[-78.956,43.071],[-78.953,43.074],[-78.955,43.076]]],[[[-78.883,43.025],[-78.884,43.031],[-78.889,43.035],[-78.887,43.03],[-78.886,43.023],[-78.883,43.025]]],[[[-79.07,43.083],[-79.074,43.081],[-79.069,43.078],[-79.064,43.079],[-79.061,43.08],[-79.067,43.082],[-79.07,43.083]]],[[[-78.697,42.951],[-78.711,42.951],[-78.725,42.946],[-78.731,42.948],[-78.734,42.952],[-78.754,42.949],[-78.768,42.949],[-78.776,42.949],[-78.788,42.949],[-78.811,42.95],[-78.804,42.956],[-78.811,42.961],[-78.819,42.958],[-78.825,42.958],[-78.836,42.958],[-78.844,42.956],[-78.844,42.948],[-78.855,42.948],[-78.857,42.943],[-78.851,42.941],[-78.852,42.933],[-78.851,42.928],[-78.857,42.923],[-78.86,42.919],[-78.859,42.913],[-78.865,42.915],[-78.869,42.909],[-78.88,42.909],[-78.883,42.915],[-78.89,42.914],[-78.898,42.915],[-78.902,42.909],[-78.902,42.902],[-78.902,42.897],[-78.89,42.887],[-78.886,42.883],[-78.884,42.881],[-78.889,42.883],[-78.888,42.879],[-78.889,42.875],[-78.881,42.871],[-78.883,42.868],[-78.875,42.861],[-78.876,42.858],[-78.872,42.852],[-78.864,42.85],[-78.868,42.85],[-78.859,42.841],[-78.858,42.839],[-78.861,42.834],[-78.848,42.836],[-78.86,42.833],[-78.858,42.822],[-78.866,42.832],[-78.876,42.832],[-78.868,42.83],[-78.872,42.828],[-78.871,42.822],[-78.869,42.817],[-78.866,42.813],[-78.863,42.808],[-78.855,42.805],[-78.848,42.805],[-78.837,42.805],[-78.82,42.805],[-78.81,42.805],[-78.798,42.804],[-78.795,42.81],[-78.797,42.818],[-78.799,42.825],[-78.798,42.828],[-78.801,42.835],[-78.801,42.842],[-78.795,42.841],[-78.798,42.846],[-78.8,42.851],[-78.8,42.864],[-78.8,42.872],[-78.792,42.872],[-78.783,42.872],[-78.779,42.872],[-78.773,42.873],[-78.77,42.873],[-78.765,42.873],[-78.763,42.874],[-78.759,42.868],[-78.742,42.864],[-78.697,42.864],[-78.697,42.872],[-78.697,42.882],[-78.697,42.891],[-78.697,42.9],[-78.697,42.907],[-78.697,42.914],[-78.697,42.922],[-78.697,42.929],[-78.697,42.939],[-78.697,42.948],[-78.697,42.951]]]]}},{"type":"Feature","properties":{"DISTRICT":2,"BASENAME":"2"},"geometry":{"type":"MultiPolygon","coordinates":[[[[-72.234,41.16],[-72.236,41.16],[-72.251,41.16],[-72.266,41.155],[-72.276,41.157],[-72.283,41.157],[-72.289,41.157],[-72.302,41.151],[-72.311,41.148],[-72.324,41.139],[-72.338,41.14],[-72.348,41.141],[-72.357,41.132],[-72.366,41.124],[-72.373,41.119],[-72.38,41.116],[-72.388,41.105],[-72.399,41.096],[-72.409,41.093],[-72.425,41.087],[-72.437,41.086],[-72.45,41.081],[-72.466,41.061],[-72.482,41.05],[-72.506,41.042],[-72.533,41.03],[-72.555,41.015],[-72.553,41.015],[-72.548,41.009],[-72.546,41.005],[-72.543,40.998],[-72.538,40.994],[-72.544,40.995],[-72.55,40.997],[-72.556,40.997],[-72.55,40.998],[-72.547,41.002],[-72.548,41.008],[-72.552,41.014],[-72.563,41.013],[-72.587,40.997],[-72.597,40.994],[-72.617,40.988],[-72.651,40.981],[-72.7,40.979],[-72.73,40.972],[-72.758,40.967],[-72.781,40.965],[-72.801,40.967],[-72.842,40.969],[-72.864,40.965],[-72.877,40.964],[-72.902,40.963],[-72.922,40.963],[-72.949,40.966],[-72.963,40.966],[-72.986,40.966],[-73.01,40.966],[-73.041,40.965],[-73.04,40.963],[-73.031,40.964],[-73.02,40.962],[-73.023,40.958],[-73.03,40.954],[-73.036,40.953],[-73.043,40.954],[-73.043,40.957],[-73.043,40.961],[-73.047,40.964],[-73.065,40.968],[-73.083,40.973],[-73.091,40.971],[-73.084,40.97],[-73.078,40.969],[-73.074,40.969],[-73.078,40.966],[-73.075,40.961],[-73.071,40.956],[-73.068,40.95],[-73.072,40.946],[-73.078,40.952],[-73.086,40.954],[-73.094,40.958],[-73.098,40.955],[-73.095,40.951],[-73.101,40.949],[-73.103,40.945],[-73.109,40.949],[-73.113,40.955],[-73.107,40.951],[-73.103,40.951],[-73.101,40.955],[-73.1,40.96],[-73.107,40.962],[-73.108,40.967],[-73.114,40.968],[-73.118,40.964],[-73.116,40.958],[-73.118,40.951],[-73.12,40.952],[-73.124,40.954],[-73.127,40.958],[-73.124,40.962],[-73.118,40.967],[-73.114,40.972],[-73.111,40.971],[-73.103,40.968],[-73.095,40.966],[-73.093,40.968],[-73.101,40.969],[-73.115,40.975],[-73.124,40.973],[-73.138,40.967],[-73.158,40.968],[-73.153,40.961],[-73.144,40.956],[-73.146,40.941],[-73.148,40.926],[-73.151,40.919],[-73.143,40.911],[-73.139,40.896],[-73.135,40.883],[-73.129,40.879],[-73.123,40.879],[-73.123,40.878],[-73.12,40.877],[-73.113,40.88],[-73.105,40.882],[-73.099,40.88],[-73.091,40.883],[-73.084,40.884],[-73.077,40.882],[-73.068,40.881],[-73.06,40.88],[-73.049,40.88],[-73.041,40.881],[-73.031,40.881],[-73.023,40.882],[-73.013,40.884],[-73.008,40.888],[-73.003,40.891],[-72.997,40.892],[-72.993,40.892],[-72.987,40.895],[-72.979,40.896],[-72.972,40.898],[-72.974,40.904],[-72.966,40.906],[-72.958,40.904],[-72.953,40.902],[-72.948,40.898],[-72.943,40.894],[-72.943,40.888],[-72.941,40.883],[-72.933,40.886],[-72.925,40.886],[-72.916,40.888],[-72.908,40.89],[-72.9,40.892],[-72.894,40.894],[-72.885,40.895],[-72.879,40.898],[-72.87,40.9],[-72.862,40.902],[-72.852,40.906],[-72.843,40.911],[-72.834,40.877],[-72.821,40.877],[-72.808,40.883],[-72.802,40.885],[-72.79,40.885],[-72.782,40.894],[-72.774,40.901],[-72.761,40.903],[-72.751,40.902],[-72.74,40.908],[-72.733,40.907],[-72.722,40.914],[-72.711,40.913],[-72.702,40.914],[-72.705,40.903],[-72.714,40.874],[-72.724,40.841],[-72.728,40.825],[-72.728,40.816],[-72.725,40.816],[-72.721,40.82],[-72.724,40.816],[-72.724,40.81],[-72.719,40.805],[-72.712,40.8],[-72.705,40.798],[-72.697,40.797],[-72.694,40.8],[-72.692,40.805],[-72.691,40.808],[-72.69,40.803],[-72.682,40.803],[-72.676,40.801],[-72.671,40.803],[-72.666,40.808],[-72.661,40.805],[-72.655,40.799],[-72.648,40.798],[-72.642,40.799],[-72.639,40.803],[-72.634,40.799],[-72.626,40.802],[-72.626,40.806],[-72.631,40.808],[-72.635,40.813],[-72.636,40.818],[-72.634,40.813],[-72.629,40.81],[-72.626,40.815],[-72.624,40.821],[-72.62,40.823],[-72.62,40.819],[-72.62,40.813],[-72.616,40.81],[-72.613,40.81],[-72.609,40.806],[-72.602,40.809],[-72.6,40.81],[-72.591,40.812],[-72.586,40.814],[-72.587,40.819],[-72.591,40.821],[-72.584,40.821],[-72.579,40.823],[-72.584,40.825],[-72.58,40.827],[-72.585,40.83],[-72.583,40.831],[-72.587,40.835],[-72.58,40.833],[-72.575,40.83],[-72.573,40.836],[-72.572,40.838],[-72.572,40.845],[-72.574,40.847],[-72.568,40.843],[-72.561,40.84],[-72.555,40.84],[-72.551,40.842],[-72.55,40.85],[-72.543,40.857],[-72.541,40.863],[-72.541,40.868],[-72.541,40.867],[-72.535,40.864],[-72.529,40.859],[-72.535,40.852],[-72.529,40.849],[-72.521,40.847],[-72.524,40.85],[-72.525,40.854],[-72.527,40.861],[-72.525,40.857],[-72.521,40.854],[-72.518,40.853],[-72.516,40.854],[-72.512,40.854],[-72.511,40.853],[-72.507,40.85],[-72.502,40.847],[-72.502,40.853],[-72.5,40.859],[-72.492,40.867],[-72.492,40.873],[-72.5,40.876],[-72.502,40.882],[-72.501,40.885],[-72.498,40.882],[-72.498,40.882],[-72.49,40.883],[-72.482,40.883],[-72.473,40.882],[-72.461,40.88],[-72.454,40.879],[-72.454,40.88],[-72.453,40.878],[-72.449,40.878],[-72.446,40.881],[-72.446,40.88],[-72.446,40.877],[-72.441,40.879],[-72.442,40.885],[-72.438,40.883],[-72.439,40.879],[-72.441,40.876],[-72.44,40.871],[-72.437,40.865],[-72.433,40.863],[-72.427,40.861],[-72.424,40.866],[-72.423,40.871],[-72.422,40.876],[-72.422,40.882],[-72.419,40.88],[-72.419,40.875],[-72.421,40.87],[-72.418,40.865],[-72.415,40.866],[-72.413,40.872],[-72.413,40.866],[-72.417,40.862],[-72.425,40.861],[-72.431,40.859],[-72.437,40.856],[-72.447,40.854],[-72.455,40.85],[-72.465,40.849],[-72.474,40.843],[-72.465,40.844],[-72.427,40.856],[-72.394,40.867],[-72.368,40.877],[-72.337,40.888],[-72.331,40.894],[-72.333,40.891],[-72.34,40.89],[-72.347,40.897],[-72.354,40.895],[-72.349,40.896],[-72.347,40.899],[-72.345,40.9],[-72.347,40.901],[-72.35,40.9],[-72.352,40.905],[-72.355,40.908],[-72.348,40.905],[-72.342,40.905],[-72.337,40.906],[-72.336,40.911],[-72.338,40.916],[-72.337,40.919],[-72.335,40.919],[-72.334,40.912],[-72.33,40.913],[-72.329,40.913],[-72.329,40.907],[-72.322,40.904],[-72.317,40.9],[-72.32,40.897],[-72.326,40.896],[-72.327,40.892],[-72.287,40.907],[-72.261,40.917],[-72.239,40.926],[-72.228,40.931],[-72.212,40.936],[-72.182,40.947],[-72.164,40.954],[-72.152,40.958],[-72.116,40.971],[-72.093,40.979],[-72.073,40.985],[-72.055,40.992],[-72.038,40.997],[-72.013,41.006],[-71.989,41.016],[-71.976,41.021],[-71.934,41.035],[-71.921,41.038],[-71.911,41.039],[-71.904,41.04],[-71.897,41.043],[-71.888,41.047],[-71.88,41.05],[-71.871,41.057],[-71.866,41.062],[-71.859,41.068],[-71.857,41.073],[-71.865,41.076],[-71.876,41.076],[-71.891,41.075],[-71.902,41.086],[-71.915,41.081],[-71.93,41.079],[-71.936,41.077],[-71.932,41.074],[-71.924,41.071],[-71.916,41.068],[-71.912,41.062],[-71.908,41.06],[-71.908,41.053],[-71.913,41.048],[-71.919,41.051],[-71.925,41.055],[-71.927,41.053],[-71.929,41.058],[-71.935,41.065],[-71.931,41.066],[-71.935,41.073],[-71.935,41.068],[-71.938,41.068],[-71.94,41.072],[-71.938,41.074],[-71.942,41.076],[-71.947,41.073],[-71.956,41.073],[-71.96,41.069],[-71.96,41.062],[-71.958,41.053],[-71.959,41.046],[-71.97,41.041],[-71.98,41.045],[-71.987,41.049],[-71.994,41.047],[-71.999,41.041],[-72.006,41.035],[-72.012,41.03],[-72.017,41.025],[-72.024,41.021],[-72.04,41.02],[-72.049,41.023],[-72.056,41.02],[-72.062,41.017],[-72.06,41.016],[-72.055,41.02],[-72.049,41.02],[-72.037,41.01],[-72.039,41.003],[-72.048,41],[-72.058,40.998],[-72.061,41.002],[-72.058,41.009],[-72.059,41.012],[-72.069,41.01],[-72.078,41.008],[-72.081,41.001],[-72.09,40.993],[-72.1,40.991],[-72.11,40.995],[-72.115,40.999],[-72.119,41.004],[-72.126,41.013],[-72.135,41.022],[-72.137,41.02],[-72.133,41.017],[-72.136,41.017],[-72.137,41.018],[-72.143,41.02],[-72.148,41.021],[-72.153,41.022],[-72.148,41.023],[-72.143,41.025],[-72.147,41.027],[-72.144,41.029],[-72.14,41.034],[-72.143,41.039],[-72.14,41.039],[-72.137,41.034],[-72.139,41.028],[-72.136,41.027],[-72.136,41.035],[-72.143,41.044],[-72.153,41.051],[-72.161,41.054],[-72.168,41.051],[-72.164,41.05],[-72.166,41.046],[-72.165,41.042],[-72.166,41.041],[-72.169,41.048],[-72.174,41.047],[-72.178,41.04],[-72.185,41.033],[-72.181,41.033],[-72.177,41.032],[-72.181,41.03],[-72.181,41.026],[-72.18,41.022],[-72.181,41.018],[-72.183,41.011],[-72.184,41.006],[-72.181,41.001],[-72.184,40.998],[-72.189,40.999],[-72.185,41.001],[-72.185,41.004],[-72.192,41.006],[-72.195,41.013],[-72.203,41.018],[-72.206,41.015],[-72.206,41.019],[-72.204,41.018],[-72.202,41.022],[-72.204,41.03],[-72.196,41.03],[-72.189,41.028],[-72.183,41.027],[-72.184,41.031],[-72.19,41.033],[-72.209,41.035],[-72.229,41.044],[-72.242,41.045],[-72.252,41.043],[-72.261,41.04],[-72.251,41.042],[-72.241,41.041],[-72.24,41.032],[-72.242,41.024],[-72.246,41.015],[-72.252,41.012],[-72.249,41.009],[-72.25,41.002],[-72.254,41],[-72.252,40.997],[-72.256,40.995],[-72.256,40.996],[-72.256,41.001],[-72.254,41.009],[-72.258,41.013],[-72.266,41.008],[-72.273,41.001],[-72.283,41.001],[-72.292,41.002],[-72.297,41.003],[-72.302,41.002],[-72.307,41],[-72.312,40.999],[-72.315,40.996],[-72.311,40.996],[-72.305,40.998],[-72.301,40.993],[-72.308,40.994],[-72.308,40.991],[-72.31,40.991],[-72.306,40.989],[-72.313,40.992],[-72.319,40.994],[-72.325,40.994],[-72.327,40.99],[-72.328,40.995],[-72.32,41],[-72.314,41.001],[-72.31,41.004],[-72.317,41.007],[-72.314,41.007],[-72.303,41.006],[-72.299,41.006],[-72.298,41.012],[-72.3,41.021],[-72.305,41.03],[-72.31,41.039],[-72.316,41.04],[-72.322,41.038],[-72.331,41.035],[-72.326,41.022],[-72.321,41.015],[-72.317,41.009],[-72.323,40.999],[-72.336,40.996],[-72.348,41.001],[-72.347,40.997],[-72.346,41],[-72.347,40.996],[-72.351,40.996],[-72.358,40.997],[-72.366,40.996],[-72.364,40.994],[-72.361,40.994],[-72.363,40.991],[-72.367,40.991],[-72.37,40.995],[-72.37,41.004],[-72.368,40.998],[-72.368,41.003],[-72.375,41.017],[-72.371,41.004],[-72.373,40.992],[-72.381,40.98],[-72.394,40.965],[-72.401,40.957],[-72.416,40.948],[-72.415,40.943],[-72.408,40.942],[-72.41,40.938],[-72.413,40.935],[-72.416,40.939],[-72.419,40.941],[-72.416,40.946],[-72.428,40.948],[-72.442,40.946],[-72.448,40.926],[-72.445,40.926],[-72.44,40.927],[-72.435,40.926],[-72.433,40.925],[-72.435,40.924],[-72.441,40.924],[-72.446,40.921],[-72.439,40.916],[-72.435,40.915],[-72.44,40.913],[-72.443,40.911],[-72.446,40.909],[-72.447,40.915],[-72.454,40.917],[-72.477,40.898],[-72.493,40.895],[-72.504,40.897],[-72.523,40.902],[-72.541,40.911],[-72.555,40.914],[-72.567,40.917],[-72.565,40.913],[-72.577,40.907],[-72.581,40.904],[-72.583,40.902],[-72.584,40.907],[-72.588,40.91],[-72.591,40.908],[-72.59,40.906],[-72.593,40.908],[-72.598,40.91],[-72.599,40.914],[-72.6,40.909],[-72.602,40.912],[-72.602,40.915],[-72.608,40.913],[-72.611,40.91],[-72.615,40.907],[-72.618,40.906],[-72.621,40.905],[-72.619,40.91],[-72.623,40.912],[-72.624,40.912],[-72.62,40.914],[-72.618,40.919],[-72.619,40.919],[-72.629,40.918],[-72.637,40.916],[-72.642,40.917],[-72.649,40.916],[-72.655,40.916],[-72.656,40.918],[-72.649,40.917],[-72.64,40.918],[-72.629,40.92],[-72.629,40.924],[-72.63,40.924],[-72.623,40.922],[-72.616,40.926],[-72.618,40.927],[-72.622,40.929],[-72.624,40.931],[-72.618,40.93],[-72.619,40.936],[-72.617,40.934],[-72.614,40.93],[-72.61,40.935],[-72.609,40.935],[-72.603,40.934],[-72.592,40.931],[-72.586,40.934],[-72.579,40.937],[-72.577,40.933],[-72.572,40.939],[-72.57,40.94],[-72.563,40.946],[-72.556,40.95],[-72.548,40.956],[-72.543,40.965],[-72.535,40.974],[-72.523,40.981],[-72.505,40.985],[-72.51,40.986],[-72.516,40.988],[-72.515,40.991],[-72.512,40.989],[-72.506,40.987],[-72.497,40.99],[-72.485,40.99],[-72.474,40.989],[-72.471,40.992],[-72.471,40.998],[-72.474,41.005],[-72.478,41.008],[-72.475,41.007],[-72.473,41.005],[-72.469,41.004],[-72.46,41.008],[-72.464,41.01],[-72.469,41.013],[-72.471,41.018],[-72.471,41.02],[-72.467,41.015],[-72.463,41.011],[-72.458,41.011],[-72.452,41.013],[-72.448,41.014],[-72.454,41.012],[-72.458,41.008],[-72.456,41.007],[-72.454,41.003],[-72.455,41],[-72.447,40.996],[-72.439,40.99],[-72.436,40.991],[-72.441,41.002],[-72.448,41.018],[-72.452,41.018],[-72.452,41.02],[-72.448,41.022],[-72.443,41.028],[-72.437,41.033],[-72.441,41.032],[-72.45,41.032],[-72.454,41.035],[-72.45,41.033],[-72.448,41.037],[-72.45,41.043],[-72.447,41.038],[-72.443,41.034],[-72.436,41.035],[-72.427,41.034],[-72.429,41.039],[-72.424,41.038],[-72.425,41.036],[-72.42,41.038],[-72.418,41.034],[-72.425,41.035],[-72.42,41.032],[-72.404,41.03],[-72.39,41.03],[-72.389,41.038],[-72.384,41.049],[-72.393,41.048],[-72.404,41.051],[-72.413,41.052],[-72.415,41.049],[-72.422,41.047],[-72.427,41.043],[-72.425,41.048],[-72.422,41.049],[-72.418,41.051],[-72.415,41.053],[-72.418,41.057],[-72.425,41.056],[-72.422,41.058],[-72.42,41.061],[-72.422,41.063],[-72.415,41.06],[-72.409,41.066],[-72.403,41.074],[-72.402,41.076],[-72.398,41.077],[-72.393,41.078],[-72.39,41.08],[-72.387,41.081],[-72.379,41.078],[-72.377,41.084],[-72.383,41.088],[-72.377,41.094],[-72.369,41.094],[-72.364,41.093],[-72.363,41.097],[-72.362,41.101],[-72.359,41.101],[-72.356,41.104],[-72.352,41.106],[-72.348,41.111],[-72.341,41.113],[-72.334,41.121],[-72.323,41.135],[-72.315,41.14],[-72.304,41.136],[-72.289,41.129],[-72.283,41.127],[-72.288,41.132],[-72.284,41.133],[-72.279,41.13],[-72.282,41.137],[-72.283,41.14],[-72.281,41.141],[-72.275,41.14],[-72.268,41.141],[-72.262,41.14],[-72.263,41.14],[-72.259,41.138],[-72.256,41.143],[-72.25,41.146],[-72.251,41.144],[-72.255,41.138],[-72.262,41.134],[-72.273,41.128],[-72.286,41.125],[-72.299,41.113],[-72.307,41.11],[-72.296,41.113],[-72.283,41.121],[-72.272,41.127],[-72.263,41.128],[-72.254,41.137],[-72.247,41.147],[-72.243,41.153],[-72.234,41.16]]],[[[-72.725,40.78],[-72.724,40.778],[-72.725,40.78]]],[[[-72.515,40.837],[-72.522,40.837],[-72.524,40.834],[-72.519,40.834],[-72.515,40.837]]],[[[-72.478,40.842],[-72.48,40.843],[-72.482,40.842],[-72.485,40.841],[-72.494,40.841],[-72.5,40.843],[-72.501,40.837],[-72.506,40.837],[-72.512,40.833],[-72.522,40.833],[-72.527,40.831],[-72.533,40.827],[-72.54,40.826],[-72.545,40.824],[-72.549,40.825],[-72.554,40.825],[-72.557,40.824],[-72.558,40.823],[-72.561,40.822],[-72.563,40.82],[-72.564,40.821],[-72.567,40.821],[-72.572,40.821],[-72.573,40.819],[-72.58,40.819],[-72.582,40.815],[-72.586,40.813],[-72.593,40.811],[-72.6,40.808],[-72.608,40.806],[-72.615,40.805],[-72.62,40.802],[-72.624,40.802],[-72.63,40.8],[-72.636,40.798],[-72.643,40.797],[-72.647,40.795],[-72.654,40.793],[-72.66,40.792],[-72.665,40.792],[-72.668,40.789],[-72.671,40.791],[-72.673,40.79],[-72.675,40.787],[-72.681,40.786],[-72.687,40.786],[-72.692,40.783],[-72.698,40.781],[-72.704,40.779],[-72.704,40.783],[-72.707,40.779],[-72.713,40.778],[-72.717,40.778],[-72.722,40.775],[-72.727,40.777],[-72.727,40.771],[-72.705,40.777],[-72.681,40.783],[-72.661,40.789],[-72.647,40.792],[-72.635,40.796],[-72.609,40.803],[-72.574,40.813],[-72.542,40.822],[-72.514,40.831],[-72.489,40.837],[-72.478,40.842]]],[[[-72.492,40.846],[-72.492,40.846],[-72.492,40.846]]],[[[-72.617,40.912],[-72.619,40.912],[-72.617,40.912]]],[[[-72.444,40.917],[-72.447,40.915],[-72.442,40.914],[-72.444,40.917]]],[[[-72.443,40.918],[-72.446,40.921],[-72.451,40.917],[-72.443,40.918]]],[[[-72.417,40.944],[-72.416,40.942],[-72.417,40.944]]],[[[-73.036,40.955],[-73.039,40.956],[-73.036,40.955]]],[[[-73.034,40.955],[-73.032,40.958],[-73.034,40.955]]],[[[-73.025,40.957],[-73.026,40.96],[-73.025,40.957]]],[[[-73.033,40.96],[-73.035,40.959],[-73.027,40.957],[-73.032,40.96],[-73.033,40.96]]],[[[-73.023,40.96],[-73.022,40.962],[-73.023,40.96]]],[[[-72.459,40.976],[-72.466,40.976],[-72.471,40.975],[-72.465,40.965],[-72.458,40.961],[-72.455,40.962],[-72.457,40.972],[-72.459,40.976]]],[[[-72.459,41.01],[-72.459,41.009],[-72.459,41.01]]],[[[-72.141,41.02],[-72.139,41.023],[-72.141,41.02]]],[[[-72.181,41.029],[-72.183,41.033],[-72.181,41.029]]],[[[-72.324,41.101],[-72.33,41.106],[-72.337,41.105],[-72.34,41.099],[-72.345,41.096],[-72.345,41.091],[-72.343,41.085],[-72.347,41.085],[-72.353,41.085],[-72.354,41.088],[-72.362,41.083],[-72.364,41.077],[-72.371,41.072],[-72.38,41.072],[-72.385,41.069],[-72.377,41.064],[-72.373,41.06],[-72.372,41.051],[-72.363,41.046],[-72.355,41.042],[-72.346,41.041],[-72.341,41.045],[-72.342,41.046],[-72.346,41.042],[-72.352,41.045],[-72.355,41.05],[-72.356,41.056],[-72.356,41.06],[-72.356,41.064],[-72.36,41.061],[-72.366,41.062],[-72.365,41.065],[-72.36,41.065],[-72.355,41.065],[-72.353,41.061],[-72.355,41.057],[-72.353,41.057],[-72.353,41.052],[-72.349,41.048],[-72.346,41.052],[-72.34,41.051],[-72.332,41.049],[-72.327,41.043],[-72.32,41.044],[-72.318,41.047],[-72.318,41.052],[-72.318,41.052],[-72.316,41.052],[-72.307,41.053],[-72.299,41.045],[-72.288,41.041],[-72.284,41.04],[-72.278,41.038],[-72.281,41.032],[-72.278,41.027],[-72.272,41.027],[-72.271,41.03],[-72.277,41.038],[-72.281,41.046],[-72.276,41.051],[-72.276,41.057],[-72.281,41.065],[-72.284,41.068],[-72.292,41.064],[-72.297,41.065],[-72.302,41.068],[-72.31,41.066],[-72.314,41.064],[-72.316,41.067],[-72.321,41.068],[-72.315,41.068],[-72.319,41.07],[-72.314,41.07],[-72.31,41.07],[-72.314,41.073],[-72.318,41.076],[-72.321,41.078],[-72.324,41.085],[-72.321,41.088],[-72.314,41.086],[-72.31,41.084],[-72.308,41.079],[-72.304,41.077],[-72.303,41.081],[-72.296,41.08],[-72.292,41.075],[-72.287,41.073],[-72.28,41.073],[-72.28,41.071],[-72.277,41.078],[-72.282,41.081],[-72.287,41.081],[-72.293,41.081],[-72.299,41.081],[-72.305,41.085],[-72.312,41.087],[-72.319,41.09],[-72.322,41.098],[-72.324,41.101]]],[[[-72.107,41.108],[-72.121,41.114],[-72.128,41.118],[-72.129,41.108],[-72.135,41.103],[-72.142,41.098],[-72.138,41.093],[-72.129,41.093],[-72.119,41.093],[-72.112,41.091],[-72.105,41.088],[-72.1,41.082],[-72.097,41.074],[-72.096,41.068],[-72.097,41.06],[-72.1,41.049],[-72.099,41.038],[-72.107,41.025],[-72.105,41.025],[-72.098,41.036],[-72.099,41.047],[-72.094,41.056],[-72.087,41.062],[-72.084,41.071],[-72.085,41.079],[-72.085,41.092],[-72.079,41.095],[-72.081,41.101],[-72.089,41.102],[-72.1,41.106],[-72.107,41.108]]],[[[-72.166,41.187],[-72.162,41.191],[-72.175,41.187],[-72.186,41.189],[-72.194,41.187],[-72.2,41.183],[-72.205,41.181],[-72.212,41.176],[-72.209,41.173],[-72.204,41.172],[-72.202,41.169],[-72.198,41.165],[-72.187,41.183],[-72.178,41.184],[-72.173,41.186],[-72.168,41.187],[-72.166,41.187]]],[[[-72.116,41.204],[-72.121,41.202],[-72.119,41.201],[-72.116,41.204]]],[[[-71.922,41.292],[-71.929,41.292],[-71.936,41.29],[-71.941,41.29],[-71.942,41.286],[-71.945,41.283],[-71.947,41.283],[-71.952,41.284],[-71.954,41.285],[-71.958,41.284],[-71.964,41.284],[-71.969,41.284],[-71.97,41.281],[-71.976,41.28],[-71.981,41.281],[-71.987,41.282],[-71.991,41.281],[-71.993,41.275],[-71.996,41.269],[-72.001,41.267],[-72.004,41.264],[-72.006,41.262],[-72.005,41.264],[-72.007,41.261],[-72.006,41.259],[-72.008,41.26],[-72.008,41.261],[-72.012,41.264],[-72.011,41.266],[-72.009,41.269],[-72.01,41.272],[-72.016,41.273],[-72.02,41.276],[-72.025,41.273],[-72.022,41.27],[-72.022,41.265],[-72.023,41.261],[-72.025,41.259],[-72.027,41.261],[-72.025,41.264],[-72.027,41.263],[-72.031,41.261],[-72.031,41.257],[-72.035,41.256],[-72.037,41.253],[-72.038,41.249],[-72.031,41.25],[-72.026,41.251],[-72.017,41.256],[-72.012,41.256],[-72.006,41.253],[-71.999,41.254],[-71.993,41.26],[-71.986,41.265],[-71.98,41.267],[-71.974,41.271],[-71.967,41.273],[-71.964,41.276],[-71.961,41.276],[-71.954,41.276],[-71.955,41.277],[-71.952,41.277],[-71.948,41.277],[-71.944,41.281],[-71.939,41.281],[-71.934,41.281],[-71.929,41.284],[-71.927,41.29],[-71.922,41.292]]],[[[-71.912,41.294],[-71.916,41.294],[-71.912,41.294]]],[[[-73.398,40.955],[-73.403,40.952],[-73.402,40.95],[-73.399,40.953],[-73.401,40.947],[-73.403,40.936],[-73.403,40.929],[-73.407,40.919],[-73.406,40.919],[-73.402,40.926],[-73.402,40.93],[-73.394,40.926],[-73.388,40.923],[-73.382,40.928],[-73.385,40.932],[-73.385,40.937],[-73.38,40.934],[-73.381,40.938],[-73.381,40.942],[-73.377,40.939],[-73.373,40.934],[-73.373,40.931],[-73.376,40.93],[-73.38,40.926],[-73.378,40.927],[-73.373,40.93],[-73.366,40.929],[-73.358,40.925],[-73.352,40.922],[-73.353,40.916],[-73.351,40.91],[-73.355,40.912],[-73.359,40.91],[-73.356,40.905],[-73.353,40.9],[-73.355,40.894],[-73.355,40.893],[-73.36,40.891],[-73.364,40.89],[-73.361,40.899],[-73.365,40.906],[-73.375,40.913],[-73.38,40.903],[-73.378,40.903],[-73.375,40.898],[-73.372,40.895],[-73.376,40.895],[-73.38,40.9],[-73.386,40.905],[-73.396,40.909],[-73.402,40.906],[-73.413,40.904],[-73.427,40.906],[-73.434,40.905],[-73.433,40.902],[-73.43,40.9],[-73.426,40.898],[-73.422,40.898],[-73.419,40.893],[-73.416,40.889],[-73.419,40.885],[-73.423,40.889],[-73.425,40.896],[-73.433,40.897],[-73.44,40.899],[-73.446,40.9],[-73.445,40.902],[-73.441,40.9],[-73.437,40.903],[-73.434,40.907],[-73.443,40.908],[-73.451,40.912],[-73.459,40.911],[-73.468,40.912],[-73.476,40.912],[-73.483,40.91],[-73.485,40.911],[-73.476,40.914],[-73.467,40.914],[-73.46,40.914],[-73.452,40.914],[-73.444,40.92],[-73.439,40.921],[-73.432,40.924],[-73.433,40.92],[-73.434,40.915],[-73.43,40.919],[-73.43,40.925],[-73.433,40.931],[-73.438,40.934],[-73.444,40.936],[-73.45,40.935],[-73.457,40.937],[-73.465,40.938],[-73.471,40.94],[-73.476,40.942],[-73.485,40.946],[-73.488,40.944],[-73.492,40.941],[-73.491,40.936],[-73.49,40.942],[-73.488,40.939],[-73.493,40.933],[-73.494,40.933],[-73.497,40.927],[-73.496,40.923],[-73.491,40.92],[-73.488,40.916],[-73.485,40.91],[-73.481,40.904],[-73.478,40.9],[-73.475,40.896],[-73.473,40.893],[-73.472,40.888],[-73.472,40.882],[-73.471,40.876],[-73.469,40.873],[-73.466,40.872],[-73.467,40.875],[-73.464,40.87],[-73.463,40.868],[-73.463,40.864],[-73.463,40.858],[-73.457,40.848],[-73.456,40.84],[-73.454,40.834],[-73.453,40.825],[-73.451,40.814],[-73.448,40.802],[-73.445,40.785],[-73.442,40.773],[-73.439,40.751],[-73.424,40.755],[-73.403,40.759],[-73.391,40.763],[-73.37,40.767],[-73.361,40.769],[-73.345,40.773],[-73.338,40.775],[-73.326,40.777],[-73.315,40.78],[-73.306,40.782],[-73.295,40.787],[-73.287,40.804],[-73.27,40.806],[-73.242,40.808],[-73.231,40.812],[-73.228,40.824],[-73.222,40.825],[-73.213,40.825],[-73.203,40.825],[-73.196,40.826],[-73.186,40.826],[-73.175,40.827],[-73.165,40.828],[-73.156,40.828],[-73.145,40.829],[-73.138,40.83],[-73.126,40.832],[-73.123,40.838],[-73.125,40.846],[-73.127,40.853],[-73.13,40.862],[-73.133,40.876],[-73.136,40.885],[-73.14,40.9],[-73.144,40.912],[-73.152,40.917],[-73.164,40.913],[-73.168,40.907],[-73.17,40.898],[-73.174,40.895],[-73.181,40.906],[-73.182,40.914],[-73.176,40.918],[-73.168,40.92],[-73.158,40.922],[-73.15,40.927],[-73.154,40.929],[-73.161,40.925],[-73.168,40.923],[-73.179,40.92],[-73.201,40.914],[-73.215,40.909],[-73.227,40.908],[-73.234,40.906],[-73.243,40.91],[-73.26,40.914],[-73.284,40.921],[-73.295,40.925],[-73.307,40.926],[-73.317,40.927],[-73.325,40.929],[-73.332,40.929],[-73.34,40.927],[-73.344,40.925],[-73.346,40.922],[-73.348,40.925],[-73.36,40.929],[-73.371,40.935],[-73.382,40.944],[-73.391,40.953],[-73.398,40.955]]],[[[-73.361,40.893],[-73.359,40.897],[-73.361,40.893]]],[[[-73.165,40.914],[-73.174,40.91],[-73.169,40.912],[-73.169,40.908],[-73.165,40.912],[-73.165,40.914]]],[[[-73.162,40.915],[-73.151,40.922],[-73.155,40.921],[-73.162,40.915]]],[[[-72.701,40.914],[-72.71,40.913],[-72.721,40.914],[-72.731,40.908],[-72.738,40.907],[-72.75,40.903],[-72.76,40.903],[-72.773,40.901],[-72.782,40.895],[-72.789,40.885],[-72.801,40.885],[-72.807,40.884],[-72.817,40.877],[-72.833,40.877],[-72.842,40.909],[-72.851,40.906],[-72.862,40.903],[-72.869,40.9],[-72.878,40.898],[-72.885,40.896],[-72.893,40.895],[-72.899,40.892],[-72.907,40.89],[-72.915,40.888],[-72.924,40.886],[-72.932,40.886],[-72.94,40.884],[-72.944,40.887],[-72.943,40.893],[-72.947,40.898],[-72.953,40.901],[-72.957,40.904],[-72.965,40.906],[-72.973,40.904],[-72.972,40.899],[-72.978,40.896],[-72.986,40.896],[-72.992,40.892],[-72.997,40.893],[-73.002,40.891],[-73.008,40.889],[-73.012,40.884],[-73.022,40.882],[-73.03,40.881],[-73.04,40.881],[-73.048,40.88],[-73.059,40.881],[-73.067,40.881],[-73.075,40.882],[-73.084,40.883],[-73.09,40.883],[-73.097,40.88],[-73.105,40.881],[-73.112,40.88],[-73.118,40.877],[-73.123,40.877],[-73.122,40.879],[-73.129,40.878],[-73.134,40.876],[-73.13,40.862],[-73.127,40.852],[-73.124,40.843],[-73.122,40.835],[-73.117,40.824],[-73.119,40.815],[-73.12,40.808],[-73.1,40.809],[-73.078,40.808],[-73.076,40.805],[-73.07,40.807],[-73.061,40.81],[-73.052,40.809],[-73.05,40.8],[-73.049,40.792],[-73.046,40.797],[-73.042,40.791],[-73.042,40.774],[-73.042,40.762],[-73.042,40.747],[-73.041,40.735],[-73.037,40.73],[-73.034,40.735],[-73.032,40.74],[-73.029,40.745],[-73.024,40.747],[-73.017,40.748],[-73.019,40.755],[-73.019,40.76],[-73.019,40.758],[-73.017,40.753],[-73.015,40.747],[-73.012,40.749],[-73.008,40.749],[-72.998,40.747],[-73,40.753],[-72.998,40.752],[-72.997,40.749],[-72.991,40.748],[-72.986,40.75],[-72.978,40.748],[-72.971,40.746],[-72.966,40.744],[-72.956,40.743],[-72.949,40.741],[-72.945,40.744],[-72.939,40.749],[-72.933,40.752],[-72.927,40.759],[-72.919,40.76],[-72.907,40.758],[-72.897,40.76],[-72.894,40.764],[-72.895,40.769],[-72.897,40.773],[-72.893,40.769],[-72.89,40.766],[-72.888,40.763],[-72.883,40.755],[-72.883,40.744],[-72.877,40.739],[-72.874,40.74],[-72.867,40.741],[-72.868,40.747],[-72.867,40.746],[-72.863,40.747],[-72.863,40.745],[-72.861,40.743],[-72.855,40.745],[-72.849,40.746],[-72.845,40.75],[-72.848,40.757],[-72.85,40.759],[-72.846,40.755],[-72.842,40.752],[-72.836,40.754],[-72.831,40.757],[-72.826,40.758],[-72.821,40.758],[-72.818,40.759],[-72.815,40.763],[-72.811,40.768],[-72.812,40.771],[-72.817,40.772],[-72.819,40.772],[-72.814,40.776],[-72.82,40.777],[-72.826,40.778],[-72.818,40.778],[-72.821,40.783],[-72.826,40.786],[-72.832,40.787],[-72.836,40.787],[-72.829,40.788],[-72.831,40.793],[-72.838,40.795],[-72.831,40.795],[-72.832,40.801],[-72.83,40.8],[-72.827,40.796],[-72.825,40.798],[-72.825,40.792],[-72.819,40.79],[-72.818,40.787],[-72.817,40.794],[-72.816,40.798],[-72.815,40.791],[-72.816,40.784],[-72.811,40.78],[-72.806,40.78],[-72.804,40.785],[-72.809,40.785],[-72.809,40.79],[-72.807,40.796],[-72.807,40.794],[-72.808,40.789],[-72.804,40.788],[-72.8,40.792],[-72.798,40.795],[-72.797,40.795],[-72.802,40.789],[-72.799,40.785],[-72.796,40.788],[-72.795,40.785],[-72.79,40.789],[-72.787,40.794],[-72.787,40.792],[-72.788,40.788],[-72.79,40.785],[-72.784,40.783],[-72.777,40.783],[-72.775,40.79],[-72.774,40.797],[-72.773,40.793],[-72.773,40.789],[-72.771,40.783],[-72.766,40.783],[-72.761,40.784],[-72.754,40.785],[-72.759,40.789],[-72.765,40.791],[-72.761,40.795],[-72.756,40.793],[-72.751,40.791],[-72.75,40.787],[-72.745,40.789],[-72.749,40.794],[-72.753,40.796],[-72.752,40.802],[-72.744,40.802],[-72.737,40.8],[-72.733,40.803],[-72.73,40.811],[-72.73,40.814],[-72.732,40.814],[-72.735,40.817],[-72.73,40.819],[-72.728,40.825],[-72.724,40.841],[-72.714,40.874],[-72.705,40.903],[-72.701,40.914]]],[[[-73.147,40.706],[-73.145,40.709],[-73.147,40.706]]],[[[-73.143,40.713],[-73.138,40.716],[-73.139,40.716],[-73.143,40.713]]],[[[-72.917,40.723],[-72.918,40.723],[-72.917,40.723]]],[[[-72.912,40.73],[-72.917,40.729],[-72.913,40.727],[-72.912,40.729],[-72.912,40.73]]],[[[-72.835,40.745],[-72.838,40.748],[-72.842,40.745],[-72.835,40.745]]],[[[-72.805,40.756],[-72.805,40.757],[-72.805,40.756]]],[[[-72.755,40.769],[-72.763,40.766],[-72.768,40.765],[-72.772,40.763],[-72.778,40.761],[-72.784,40.759],[-72.783,40.759],[-72.778,40.762],[-72.782,40.764],[-72.785,40.764],[-72.792,40.763],[-72.796,40.76],[-72.801,40.757],[-72.807,40.753],[-72.808,40.751],[-72.813,40.751],[-72.82,40.749],[-72.829,40.746],[-72.834,40.744],[-72.841,40.742],[-72.847,40.74],[-72.855,40.738],[-72.863,40.737],[-72.87,40.733],[-72.88,40.73],[-72.881,40.733],[-72.89,40.73],[-72.894,40.729],[-72.904,40.723],[-72.911,40.721],[-72.91,40.725],[-72.917,40.723],[-72.919,40.72],[-72.921,40.72],[-72.925,40.717],[-72.928,40.718],[-72.93,40.715],[-72.936,40.713],[-72.94,40.712],[-72.945,40.712],[-72.947,40.711],[-72.951,40.709],[-72.949,40.708],[-72.955,40.706],[-72.96,40.703],[-72.966,40.701],[-72.971,40.702],[-72.974,40.701],[-72.972,40.697],[-72.978,40.697],[-72.984,40.695],[-72.988,40.694],[-72.989,40.692],[-72.99,40.693],[-72.996,40.69],[-73.001,40.687],[-73.003,40.686],[-73.016,40.681],[-73.027,40.678],[-73.034,40.675],[-73.042,40.674],[-73.046,40.671],[-73.06,40.668],[-73.07,40.667],[-73.07,40.667],[-73.078,40.665],[-73.083,40.662],[-73.091,40.66],[-73.097,40.658],[-73.103,40.657],[-73.106,40.657],[-73.114,40.656],[-73.126,40.654],[-73.138,40.652],[-73.143,40.65],[-73.14,40.647],[-73.067,40.663],[-73.022,40.677],[-72.966,40.698],[-72.945,40.705],[-72.914,40.717],[-72.888,40.724],[-72.853,40.735],[-72.832,40.742],[-72.818,40.746],[-72.802,40.751],[-72.792,40.755],[-72.775,40.758],[-72.756,40.765],[-72.755,40.769]]],[[[-72.754,40.776],[-72.755,40.775],[-72.749,40.774],[-72.752,40.776],[-72.754,40.776]]],[[[-72.728,40.775],[-72.732,40.778],[-72.739,40.773],[-72.748,40.768],[-72.753,40.764],[-72.734,40.77],[-72.728,40.775]]],[[[-72.736,40.776],[-72.739,40.78],[-72.736,40.776]]],[[[-73.148,40.829],[-73.158,40.828],[-73.167,40.828],[-73.177,40.827],[-73.188,40.826],[-73.198,40.826],[-73.207,40.825],[-73.216,40.825],[-73.223,40.824],[-73.23,40.824],[-73.233,40.809],[-73.249,40.807],[-73.275,40.805],[-73.29,40.804],[-73.295,40.785],[-73.31,40.781],[-73.317,40.779],[-73.332,40.776],[-73.339,40.774],[-73.351,40.771],[-73.365,40.768],[-73.374,40.766],[-73.392,40.762],[-73.406,40.759],[-73.433,40.753],[-73.438,40.748],[-73.436,40.738],[-73.435,40.73],[-73.433,40.724],[-73.432,40.717],[-73.431,40.71],[-73.43,40.703],[-73.428,40.696],[-73.427,40.687],[-73.425,40.68],[-73.413,40.681],[-73.399,40.681],[-73.387,40.683],[-73.381,40.69],[-73.379,40.693],[-73.378,40.697],[-73.381,40.699],[-73.377,40.702],[-73.372,40.706],[-73.367,40.711],[-73.359,40.71],[-73.348,40.713],[-73.342,40.714],[-73.335,40.714],[-73.327,40.711],[-73.314,40.713],[-73.313,40.718],[-73.302,40.721],[-73.297,40.724],[-73.291,40.725],[-73.287,40.726],[-73.281,40.729],[-73.274,40.73],[-73.268,40.731],[-73.27,40.726],[-73.27,40.72],[-73.262,40.721],[-73.254,40.724],[-73.245,40.727],[-73.235,40.729],[-73.228,40.732],[-73.208,40.736],[-73.201,40.742],[-73.199,40.754],[-73.195,40.758],[-73.187,40.758],[-73.187,40.765],[-73.179,40.771],[-73.17,40.779],[-73.168,40.787],[-73.168,40.794],[-73.17,40.798],[-73.167,40.802],[-73.159,40.81],[-73.155,40.816],[-73.151,40.822],[-73.148,40.829]]],[[[-73.478,40.793],[-73.486,40.799],[-73.49,40.795],[-73.497,40.794],[-73.504,40.793],[-73.512,40.791],[-73.519,40.784],[-73.519,40.787],[-73.523,40.785],[-73.532,40.783],[-73.533,40.784],[-73.538,40.779],[-73.545,40.775],[-73.553,40.773],[-73.56,40.772],[-73.554,40.767],[-73.551,40.757],[-73.559,40.755],[-73.567,40.752],[-73.574,40.751],[-73.586,40.748],[-73.585,40.74],[-73.578,40.726],[-73.58,40.72],[-73.579,40.709],[-73.576,40.696],[-73.575,40.688],[-73.573,40.682],[-73.572,40.675],[-73.569,40.666],[-73.568,40.661],[-73.566,40.655],[-73.566,40.648],[-73.563,40.641],[-73.56,40.632],[-73.558,40.633],[-73.56,40.639],[-73.556,40.643],[-73.558,40.647],[-73.554,40.643],[-73.549,40.639],[-73.546,40.642],[-73.546,40.647],[-73.543,40.647],[-73.544,40.651],[-73.541,40.646],[-73.54,40.643],[-73.534,40.641],[-73.53,40.642],[-73.533,40.646],[-73.535,40.65],[-73.537,40.654],[-73.537,40.656],[-73.536,40.651],[-73.533,40.648],[-73.528,40.644],[-73.528,40.649],[-73.527,40.654],[-73.525,40.646],[-73.523,40.64],[-73.518,40.642],[-73.519,40.645],[-73.519,40.649],[-73.52,40.654],[-73.518,40.65],[-73.518,40.644],[-73.511,40.641],[-73.505,40.642],[-73.5,40.646],[-73.495,40.647],[-73.49,40.647],[-73.486,40.649],[-73.489,40.653],[-73.487,40.658],[-73.483,40.664],[-73.482,40.671],[-73.482,40.681],[-73.483,40.695],[-73.484,40.702],[-73.486,40.711],[-73.487,40.716],[-73.486,40.723],[-73.481,40.726],[-73.472,40.726],[-73.466,40.728],[-73.462,40.727],[-73.459,40.725],[-73.446,40.725],[-73.44,40.721],[-73.435,40.723],[-73.434,40.727],[-73.436,40.736],[-73.438,40.747],[-73.441,40.764],[-73.447,40.781],[-73.455,40.779],[-73.464,40.776],[-73.47,40.78],[-73.476,40.783],[-73.477,40.788],[-73.478,40.793]]],[[[-73.604,40.6],[-73.607,40.599],[-73.6,40.597],[-73.598,40.598],[-73.604,40.6]]],[[[-73.621,40.601],[-73.622,40.599],[-73.616,40.599],[-73.621,40.601]]],[[[-73.598,40.602],[-73.599,40.601],[-73.594,40.599],[-73.594,40.599],[-73.597,40.602],[-73.598,40.602]]],[[[-73.599,40.601],[-73.602,40.603],[-73.599,40.601]]],[[[-73.572,40.601],[-73.575,40.606],[-73.585,40.604],[-73.59,40.599],[-73.588,40.596],[-73.582,40.596],[-73.572,40.601]]],[[[-73.607,40.604],[-73.612,40.603],[-73.614,40.601],[-73.61,40.6],[-73.607,40.604]]],[[[-73.485,40.605],[-73.489,40.605],[-73.485,40.605]]],[[[-73.627,40.609],[-73.631,40.606],[-73.634,40.602],[-73.632,40.598],[-73.629,40.602],[-73.627,40.608],[-73.627,40.609]]],[[[-73.623,40.61],[-73.626,40.606],[-73.625,40.605],[-73.623,40.61]]],[[[-73.557,40.61],[-73.567,40.608],[-73.566,40.6],[-73.556,40.599],[-73.554,40.605],[-73.557,40.61]]],[[[-73.566,40.612],[-73.567,40.609],[-73.566,40.612]]],[[[-73.609,40.61],[-73.611,40.611],[-73.614,40.606],[-73.611,40.603],[-73.608,40.609],[-73.609,40.61]]],[[[-73.597,40.609],[-73.596,40.613],[-73.597,40.609]]],[[[-73.489,40.612],[-73.487,40.611],[-73.489,40.612]]],[[[-73.588,40.607],[-73.591,40.611],[-73.596,40.608],[-73.594,40.605],[-73.587,40.605],[-73.588,40.607]]],[[[-73.529,40.605],[-73.528,40.609],[-73.534,40.612],[-73.535,40.612],[-73.531,40.605],[-73.529,40.605]]],[[[-73.611,40.614],[-73.614,40.615],[-73.615,40.612],[-73.611,40.614]]],[[[-73.497,40.61],[-73.5,40.613],[-73.504,40.609],[-73.511,40.605],[-73.513,40.602],[-73.519,40.599],[-73.529,40.599],[-73.536,40.597],[-73.543,40.597],[-73.549,40.593],[-73.555,40.59],[-73.557,40.592],[-73.566,40.589],[-73.569,40.585],[-73.574,40.578],[-73.561,40.578],[-73.534,40.586],[-73.493,40.595],[-73.488,40.6],[-73.494,40.599],[-73.5,40.598],[-73.503,40.601],[-73.498,40.602],[-73.492,40.603],[-73.493,40.606],[-73.496,40.603],[-73.497,40.606],[-73.489,40.608],[-73.497,40.61]]],[[[-73.618,40.615],[-73.622,40.612],[-73.622,40.605],[-73.615,40.607],[-73.615,40.612],[-73.617,40.616],[-73.618,40.615]]],[[[-73.515,40.614],[-73.519,40.612],[-73.522,40.606],[-73.517,40.604],[-73.515,40.608],[-73.513,40.613],[-73.515,40.614]]],[[[-73.592,40.616],[-73.592,40.613],[-73.588,40.608],[-73.579,40.607],[-73.575,40.61],[-73.583,40.61],[-73.588,40.615],[-73.592,40.616]]],[[[-73.507,40.615],[-73.51,40.614],[-73.511,40.611],[-73.505,40.613],[-73.507,40.615]]],[[[-73.545,40.614],[-73.55,40.617],[-73.554,40.613],[-73.551,40.608],[-73.548,40.603],[-73.545,40.601],[-73.537,40.603],[-73.533,40.607],[-73.539,40.609],[-73.536,40.612],[-73.535,40.617],[-73.544,40.615],[-73.545,40.614]]],[[[-73.528,40.615],[-73.532,40.616],[-73.531,40.61],[-73.525,40.61],[-73.528,40.615]]],[[[-73.529,40.618],[-73.525,40.615],[-73.529,40.618]]],[[[-73.514,40.614],[-73.51,40.619],[-73.515,40.617],[-73.514,40.614]]],[[[-73.574,40.621],[-73.578,40.618],[-73.571,40.612],[-73.565,40.614],[-73.563,40.616],[-73.567,40.619],[-73.574,40.621]]],[[[-73.501,40.623],[-73.504,40.619],[-73.501,40.615],[-73.499,40.621],[-73.501,40.623]]],[[[-73.49,40.623],[-73.496,40.622],[-73.495,40.615],[-73.485,40.614],[-73.488,40.622],[-73.49,40.623]]],[[[-73.58,40.625],[-73.585,40.625],[-73.585,40.622],[-73.59,40.619],[-73.588,40.617],[-73.584,40.614],[-73.579,40.612],[-73.581,40.616],[-73.579,40.623],[-73.58,40.625]]],[[[-73.514,40.623],[-73.518,40.624],[-73.52,40.624],[-73.522,40.623],[-73.521,40.62],[-73.516,40.621],[-73.514,40.623]]],[[[-73.485,40.626],[-73.493,40.625],[-73.491,40.624],[-73.485,40.626]]],[[[-73.544,40.627],[-73.552,40.623],[-73.546,40.617],[-73.541,40.619],[-73.542,40.623],[-73.544,40.627]]],[[[-73.538,40.628],[-73.541,40.625],[-73.544,40.62],[-73.537,40.617],[-73.532,40.619],[-73.537,40.626],[-73.538,40.628]]],[[[-73.519,40.628],[-73.516,40.626],[-73.514,40.621],[-73.513,40.622],[-73.512,40.626],[-73.519,40.628]]],[[[-73.563,40.63],[-73.57,40.627],[-73.571,40.622],[-73.564,40.619],[-73.556,40.616],[-73.558,40.621],[-73.563,40.63]]],[[[-73.529,40.629],[-73.533,40.628],[-73.532,40.624],[-73.529,40.62],[-73.523,40.619],[-73.523,40.624],[-73.523,40.625],[-73.529,40.626],[-73.529,40.629]]],[[[-73.549,40.633],[-73.555,40.633],[-73.559,40.629],[-73.556,40.622],[-73.551,40.626],[-73.55,40.632],[-73.549,40.633]]],[[[-73.545,40.632],[-73.548,40.633],[-73.548,40.627],[-73.546,40.631],[-73.545,40.632]]],[[[-73.485,40.635],[-73.49,40.636],[-73.489,40.63],[-73.485,40.628],[-73.485,40.635]]],[[[-73.512,40.638],[-73.513,40.64],[-73.516,40.639],[-73.513,40.638],[-73.512,40.638]]],[[[-73.494,40.638],[-73.49,40.643],[-73.493,40.641],[-73.494,40.638]]],[[[-73.489,40.644],[-73.491,40.648],[-73.499,40.646],[-73.504,40.642],[-73.508,40.638],[-73.507,40.633],[-73.507,40.628],[-73.503,40.625],[-73.5,40.627],[-73.498,40.632],[-73.497,40.637],[-73.5,40.639],[-73.491,40.644],[-73.489,40.644]]],[[[-73.551,40.757],[-73.553,40.767],[-73.559,40.771],[-73.566,40.775],[-73.57,40.775],[-73.578,40.771],[-73.586,40.768],[-73.593,40.766],[-73.599,40.764],[-73.607,40.762],[-73.614,40.76],[-73.622,40.756],[-73.624,40.751],[-73.635,40.748],[-73.635,40.746],[-73.638,40.743],[-73.648,40.739],[-73.652,40.737],[-73.66,40.736],[-73.664,40.731],[-73.664,40.725],[-73.664,40.721],[-73.666,40.715],[-73.665,40.71],[-73.662,40.706],[-73.663,40.701],[-73.667,40.697],[-73.668,40.691],[-73.667,40.683],[-73.664,40.681],[-73.663,40.674],[-73.661,40.667],[-73.658,40.662],[-73.658,40.656],[-73.657,40.65],[-73.652,40.648],[-73.652,40.644],[-73.648,40.64],[-73.645,40.637],[-73.636,40.635],[-73.634,40.63],[-73.627,40.627],[-73.623,40.621],[-73.62,40.619],[-73.617,40.624],[-73.621,40.631],[-73.617,40.632],[-73.616,40.632],[-73.612,40.625],[-73.608,40.624],[-73.605,40.623],[-73.602,40.626],[-73.602,40.626],[-73.599,40.621],[-73.596,40.623],[-73.596,40.625],[-73.593,40.627],[-73.596,40.632],[-73.595,40.634],[-73.59,40.633],[-73.588,40.635],[-73.588,40.636],[-73.586,40.631],[-73.584,40.627],[-73.581,40.629],[-73.582,40.633],[-73.583,40.64],[-73.581,40.635],[-73.578,40.626],[-73.574,40.626],[-73.575,40.632],[-73.574,40.629],[-73.568,40.63],[-73.568,40.635],[-73.569,40.641],[-73.571,40.644],[-73.575,40.647],[-73.575,40.651],[-73.573,40.646],[-73.567,40.644],[-73.567,40.649],[-73.567,40.648],[-73.566,40.642],[-73.564,40.632],[-73.56,40.631],[-73.562,40.639],[-73.565,40.645],[-73.566,40.652],[-73.566,40.658],[-73.569,40.662],[-73.569,40.667],[-73.572,40.675],[-73.572,40.682],[-73.574,40.687],[-73.576,40.693],[-73.578,40.704],[-73.581,40.716],[-73.58,40.722],[-73.579,40.728],[-73.585,40.74],[-73.587,40.748],[-73.577,40.75],[-73.569,40.751],[-73.563,40.754],[-73.556,40.755],[-73.551,40.757]]],[[[-73.573,40.625],[-73.573,40.627],[-73.573,40.625]]],[[[-73.587,40.627],[-73.588,40.627],[-73.589,40.626],[-73.587,40.627]]],[[[-73.566,40.64],[-73.568,40.642],[-73.566,40.64]]],[[[-73.519,40.914],[-73.524,40.918],[-73.528,40.915],[-73.534,40.913],[-73.543,40.91],[-73.553,40.91],[-73.566,40.915],[-73.57,40.915],[-73.575,40.913],[-73.581,40.91],[-73.59,40.909],[-73.597,40.906],[-73.605,40.902],[-73.612,40.902],[-73.617,40.898],[-73.625,40.899],[-73.631,40.902],[-73.634,40.899],[-73.637,40.895],[-73.641,40.891],[-73.645,40.886],[-73.65,40.881],[-73.655,40.877],[-73.655,40.871],[-73.656,40.867],[-73.653,40.863],[-73.652,40.858],[-73.648,40.856],[-73.643,40.858],[-73.642,40.858],[-73.645,40.857],[-73.647,40.854],[-73.649,40.853],[-73.653,40.847],[-73.653,40.84],[-73.651,40.835],[-73.648,40.828],[-73.647,40.823],[-73.644,40.823],[-73.647,40.819],[-73.647,40.812],[-73.649,40.806],[-73.65,40.801],[-73.653,40.805],[-73.653,40.811],[-73.653,40.817],[-73.655,40.824],[-73.653,40.827],[-73.652,40.829],[-73.66,40.835],[-73.663,40.836],[-73.666,40.841],[-73.669,40.845],[-73.673,40.851],[-73.676,40.857],[-73.684,40.86],[-73.701,40.865],[-73.708,40.868],[-73.717,40.869],[-73.722,40.865],[-73.731,40.866],[-73.729,40.861],[-73.728,40.855],[-73.735,40.85],[-73.736,40.847],[-73.731,40.843],[-73.73,40.839],[-73.729,40.834],[-73.728,40.836],[-73.724,40.838],[-73.718,40.837],[-73.713,40.839],[-73.709,40.833],[-73.707,40.835],[-73.705,40.837],[-73.705,40.839],[-73.701,40.835],[-73.702,40.832],[-73.704,40.827],[-73.705,40.822],[-73.705,40.816],[-73.706,40.815],[-73.709,40.809],[-73.711,40.804],[-73.709,40.799],[-73.709,40.795],[-73.71,40.795],[-73.713,40.799],[-73.716,40.804],[-73.716,40.808],[-73.717,40.812],[-73.718,40.816],[-73.72,40.821],[-73.725,40.823],[-73.73,40.824],[-73.733,40.828],[-73.74,40.828],[-73.742,40.833],[-73.748,40.834],[-73.753,40.838],[-73.757,40.834],[-73.755,40.828],[-73.753,40.823],[-73.757,40.817],[-73.763,40.816],[-73.764,40.811],[-73.763,40.807],[-73.759,40.803],[-73.755,40.802],[-73.751,40.798],[-73.746,40.799],[-73.749,40.799],[-73.754,40.796],[-73.754,40.791],[-73.752,40.786],[-73.746,40.783],[-73.744,40.779],[-73.739,40.776],[-73.734,40.773],[-73.729,40.77],[-73.724,40.766],[-73.719,40.763],[-73.711,40.758],[-73.705,40.755],[-73.701,40.751],[-73.701,40.739],[-73.704,40.734],[-73.707,40.728],[-73.7,40.729],[-73.692,40.731],[-73.685,40.732],[-73.679,40.733],[-73.671,40.734],[-73.664,40.735],[-73.657,40.736],[-73.652,40.738],[-73.64,40.741],[-73.636,40.743],[-73.637,40.747],[-73.626,40.75],[-73.624,40.753],[-73.618,40.758],[-73.611,40.761],[-73.603,40.763],[-73.597,40.765],[-73.59,40.767],[-73.583,40.768],[-73.576,40.772],[-73.567,40.776],[-73.563,40.773],[-73.556,40.773],[-73.549,40.774],[-73.542,40.776],[-73.537,40.781],[-73.533,40.785],[-73.532,40.783],[-73.524,40.785],[-73.519,40.788],[-73.518,40.787],[-73.516,40.791],[-73.51,40.792],[-73.502,40.793],[-73.496,40.794],[-73.49,40.795],[-73.487,40.799],[-73.48,40.796],[-73.475,40.788],[-73.477,40.785],[-73.475,40.781],[-73.468,40.779],[-73.462,40.776],[-73.454,40.779],[-73.447,40.781],[-73.445,40.785],[-73.448,40.802],[-73.451,40.814],[-73.453,40.825],[-73.454,40.834],[-73.456,40.84],[-73.457,40.848],[-73.463,40.858],[-73.466,40.859],[-73.468,40.862],[-73.468,40.866],[-73.464,40.868],[-73.47,40.867],[-73.476,40.871],[-73.482,40.873],[-73.488,40.877],[-73.491,40.883],[-73.49,40.885],[-73.492,40.891],[-73.495,40.895],[-73.507,40.894],[-73.511,40.888],[-73.506,40.88],[-73.504,40.875],[-73.506,40.872],[-73.509,40.874],[-73.515,40.874],[-73.52,40.874],[-73.526,40.876],[-73.53,40.878],[-73.533,40.878],[-73.54,40.877],[-73.544,40.88],[-73.546,40.884],[-73.547,40.888],[-73.549,40.894],[-73.548,40.901],[-73.554,40.901],[-73.56,40.899],[-73.566,40.897],[-73.567,40.892],[-73.564,40.888],[-73.567,40.889],[-73.568,40.89],[-73.57,40.892],[-73.574,40.896],[-73.574,40.9],[-73.578,40.901],[-73.575,40.903],[-73.569,40.9],[-73.561,40.901],[-73.558,40.904],[-73.551,40.905],[-73.546,40.904],[-73.543,40.904],[-73.535,40.908],[-73.53,40.912],[-73.526,40.912],[-73.522,40.906],[-73.524,40.898],[-73.529,40.892],[-73.534,40.889],[-73.531,40.886],[-73.522,40.886],[-73.521,40.891],[-73.519,40.897],[-73.512,40.903],[-73.508,40.904],[-73.512,40.91],[-73.519,40.914]]],[[[-73.484,40.947],[-73.486,40.946],[-73.479,40.943],[-73.483,40.946],[-73.484,40.947]]],[[[-73.117,40.829],[-73.128,40.831],[-73.139,40.83],[-73.146,40.829],[-73.151,40.822],[-73.155,40.816],[-73.159,40.81],[-73.167,40.802],[-73.17,40.798],[-73.168,40.794],[-73.168,40.787],[-73.17,40.779],[-73.179,40.771],[-73.187,40.765],[-73.187,40.758],[-73.195,40.758],[-73.199,40.754],[-73.201,40.742],[-73.208,40.736],[-73.228,40.732],[-73.235,40.729],[-73.245,40.727],[-73.254,40.724],[-73.262,40.721],[-73.27,40.72],[-73.27,40.726],[-73.268,40.731],[-73.274,40.73],[-73.281,40.729],[-73.287,40.726],[-73.291,40.725],[-73.297,40.724],[-73.302,40.721],[-73.313,40.718],[-73.314,40.713],[-73.327,40.711],[-73.335,40.714],[-73.342,40.714],[-73.348,40.713],[-73.359,40.71],[-73.367,40.711],[-73.372,40.706],[-73.377,40.702],[-73.381,40.699],[-73.378,40.697],[-73.379,40.693],[-73.381,40.69],[-73.387,40.683],[-73.399,40.681],[-73.413,40.681],[-73.425,40.68],[-73.427,40.687],[-73.428,40.696],[-73.43,40.703],[-73.431,40.71],[-73.432,40.717],[-73.434,40.724],[-73.44,40.722],[-73.442,40.724],[-73.451,40.725],[-73.458,40.723],[-73.462,40.728],[-73.466,40.728],[-73.472,40.727],[-73.478,40.726],[-73.484,40.724],[-73.489,40.721],[-73.487,40.713],[-73.485,40.708],[-73.484,40.701],[-73.483,40.695],[-73.481,40.684],[-73.482,40.673],[-73.482,40.666],[-73.485,40.661],[-73.486,40.655],[-73.485,40.651],[-73.481,40.65],[-73.476,40.65],[-73.472,40.655],[-73.471,40.66],[-73.471,40.657],[-73.469,40.654],[-73.466,40.648],[-73.459,40.647],[-73.457,40.65],[-73.454,40.653],[-73.451,40.655],[-73.447,40.658],[-73.446,40.662],[-73.447,40.659],[-73.448,40.655],[-73.444,40.653],[-73.438,40.652],[-73.432,40.651],[-73.431,40.654],[-73.433,40.658],[-73.433,40.663],[-73.432,40.669],[-73.433,40.664],[-73.431,40.661],[-73.427,40.656],[-73.425,40.66],[-73.424,40.662],[-73.422,40.657],[-73.419,40.656],[-73.415,40.657],[-73.414,40.663],[-73.414,40.668],[-73.413,40.666],[-73.412,40.658],[-73.407,40.656],[-73.405,40.66],[-73.404,40.662],[-73.405,40.668],[-73.404,40.662],[-73.404,40.657],[-73.4,40.656],[-73.395,40.656],[-73.392,40.66],[-73.387,40.657],[-73.381,40.658],[-73.385,40.66],[-73.382,40.661],[-73.385,40.665],[-73.388,40.668],[-73.388,40.669],[-73.386,40.666],[-73.382,40.662],[-73.378,40.661],[-73.374,40.661],[-73.369,40.662],[-73.368,40.667],[-73.371,40.667],[-73.367,40.667],[-73.363,40.667],[-73.361,40.666],[-73.358,40.668],[-73.357,40.67],[-73.351,40.669],[-73.347,40.672],[-73.348,40.676],[-73.347,40.674],[-73.342,40.671],[-73.338,40.675],[-73.334,40.676],[-73.33,40.679],[-73.33,40.684],[-73.328,40.685],[-73.329,40.691],[-73.328,40.691],[-73.326,40.687],[-73.328,40.683],[-73.321,40.681],[-73.315,40.682],[-73.315,40.685],[-73.32,40.688],[-73.319,40.695],[-73.318,40.695],[-73.318,40.691],[-73.315,40.687],[-73.309,40.688],[-73.302,40.687],[-73.302,40.691],[-73.301,40.695],[-73.301,40.689],[-73.298,40.685],[-73.291,40.685],[-73.285,40.685],[-73.28,40.685],[-73.274,40.688],[-73.27,40.692],[-73.264,40.695],[-73.258,40.7],[-73.251,40.702],[-73.249,40.707],[-73.249,40.711],[-73.252,40.713],[-73.251,40.713],[-73.246,40.709],[-73.237,40.712],[-73.243,40.711],[-73.239,40.713],[-73.239,40.716],[-73.242,40.721],[-73.238,40.717],[-73.234,40.714],[-73.233,40.722],[-73.231,40.723],[-73.233,40.718],[-73.225,40.719],[-73.223,40.725],[-73.223,40.72],[-73.224,40.713],[-73.223,40.707],[-73.217,40.706],[-73.211,40.708],[-73.206,40.713],[-73.204,40.717],[-73.203,40.723],[-73.203,40.722],[-73.203,40.718],[-73.202,40.715],[-73.203,40.711],[-73.199,40.708],[-73.196,40.706],[-73.191,40.706],[-73.187,40.708],[-73.191,40.711],[-73.188,40.71],[-73.186,40.713],[-73.185,40.713],[-73.186,40.71],[-73.182,40.711],[-73.187,40.709],[-73.185,40.706],[-73.178,40.702],[-73.173,40.706],[-73.175,40.703],[-73.168,40.699],[-73.158,40.698],[-73.148,40.699],[-73.146,40.707],[-73.147,40.713],[-73.144,40.713],[-73.141,40.715],[-73.135,40.718],[-73.14,40.719],[-73.139,40.721],[-73.144,40.723],[-73.151,40.724],[-73.156,40.727],[-73.159,40.73],[-73.16,40.735],[-73.158,40.739],[-73.156,40.744],[-73.15,40.744],[-73.149,40.745],[-73.149,40.743],[-73.155,40.739],[-73.157,40.734],[-73.156,40.729],[-73.15,40.727],[-73.145,40.728],[-73.141,40.727],[-73.136,40.727],[-73.132,40.726],[-73.126,40.725],[-73.123,40.728],[-73.118,40.725],[-73.111,40.721],[-73.103,40.719],[-73.097,40.721],[-73.093,40.722],[-73.089,40.722],[-73.082,40.722],[-73.078,40.723],[-73.072,40.724],[-73.069,40.725],[-73.064,40.727],[-73.058,40.728],[-73.052,40.729],[-73.045,40.73],[-73.039,40.731],[-73.039,40.734],[-73.042,40.74],[-73.042,40.751],[-73.042,40.767],[-73.042,40.777],[-73.043,40.791],[-73.046,40.797],[-73.049,40.791],[-73.05,40.798],[-73.052,40.803],[-73.056,40.812],[-73.065,40.809],[-73.072,40.807],[-73.075,40.803],[-73.078,40.808],[-73.098,40.809],[-73.118,40.807],[-73.119,40.812],[-73.118,40.819],[-73.117,40.829]]],[[[-73.473,40.613],[-73.48,40.612],[-73.482,40.607],[-73.478,40.609],[-73.474,40.613],[-73.473,40.613]]],[[[-73.431,40.615],[-73.436,40.615],[-73.435,40.613],[-73.431,40.614],[-73.431,40.615]]],[[[-73.462,40.615],[-73.465,40.615],[-73.462,40.615]]],[[[-73.454,40.616],[-73.459,40.616],[-73.46,40.614],[-73.454,40.616]]],[[[-73.428,40.615],[-73.428,40.617],[-73.428,40.615]]],[[[-73.45,40.618],[-73.453,40.616],[-73.45,40.618]]],[[[-73.421,40.618],[-73.424,40.617],[-73.421,40.618]]],[[[-73.462,40.619],[-73.465,40.617],[-73.462,40.619]]],[[[-73.456,40.617],[-73.456,40.618],[-73.456,40.617]]],[[[-73.437,40.62],[-73.443,40.62],[-73.448,40.617],[-73.439,40.617],[-73.437,40.62]]],[[[-73.471,40.624],[-73.474,40.624],[-73.481,40.622],[-73.485,40.614],[-73.479,40.617],[-73.475,40.621],[-73.471,40.624]]],[[[-73.416,40.623],[-73.421,40.624],[-73.428,40.622],[-73.431,40.62],[-73.429,40.618],[-73.422,40.62],[-73.417,40.621],[-73.416,40.623]]],[[[-73.484,40.626],[-73.482,40.622],[-73.479,40.625],[-73.484,40.626]]],[[[-73.436,40.625],[-73.438,40.626],[-73.444,40.626],[-73.447,40.623],[-73.444,40.621],[-73.437,40.621],[-73.435,40.618],[-73.436,40.622],[-73.436,40.625]]],[[[-73.423,40.627],[-73.427,40.627],[-73.428,40.626],[-73.426,40.624],[-73.421,40.624],[-73.419,40.627],[-73.423,40.627]]],[[[-73.383,40.627],[-73.387,40.626],[-73.383,40.627]]],[[[-73.433,40.63],[-73.437,40.628],[-73.433,40.624],[-73.434,40.62],[-73.429,40.623],[-73.43,40.627],[-73.431,40.63],[-73.433,40.63]]],[[[-73.388,40.627],[-73.381,40.629],[-73.387,40.629],[-73.388,40.627]]],[[[-73.416,40.631],[-73.421,40.629],[-73.42,40.628],[-73.416,40.63],[-73.416,40.631]]],[[[-73.425,40.631],[-73.429,40.629],[-73.426,40.628],[-73.422,40.63],[-73.424,40.631],[-73.425,40.631]]],[[[-73.402,40.635],[-73.404,40.633],[-73.398,40.633],[-73.402,40.634],[-73.402,40.635]]],[[[-73.433,40.633],[-73.438,40.634],[-73.433,40.633]]],[[[-73.374,40.631],[-73.374,40.635],[-73.374,40.631]]],[[[-73.413,40.635],[-73.415,40.626],[-73.404,40.628],[-73.404,40.633],[-73.413,40.635]]],[[[-73.43,40.635],[-73.434,40.634],[-73.427,40.634],[-73.43,40.635]]],[[[-73.481,40.633],[-73.485,40.638],[-73.477,40.629],[-73.472,40.632],[-73.477,40.634],[-73.481,40.633]]],[[[-73.419,40.637],[-73.424,40.635],[-73.418,40.633],[-73.419,40.637]]],[[[-73.443,40.633],[-73.44,40.637],[-73.444,40.636],[-73.443,40.633]]],[[[-73.368,40.635],[-73.371,40.633],[-73.369,40.632],[-73.365,40.635],[-73.368,40.635]]],[[[-73.396,40.639],[-73.402,40.637],[-73.394,40.636],[-73.396,40.639]]],[[[-73.379,40.633],[-73.381,40.639],[-73.388,40.639],[-73.385,40.635],[-73.379,40.633]]],[[[-73.349,40.638],[-73.351,40.638],[-73.349,40.637],[-73.349,40.638]]],[[[-73.425,40.64],[-73.43,40.64],[-73.431,40.638],[-73.426,40.637],[-73.423,40.639],[-73.425,40.64]]],[[[-73.365,40.639],[-73.369,40.637],[-73.364,40.636],[-73.363,40.634],[-73.357,40.635],[-73.357,40.637],[-73.359,40.64],[-73.363,40.639],[-73.365,40.639]]],[[[-73.404,40.644],[-73.402,40.642],[-73.404,40.644]]],[[[-73.338,40.641],[-73.338,40.643],[-73.338,40.641]]],[[[-73.479,40.642],[-73.485,40.645],[-73.481,40.64],[-73.479,40.642]]],[[[-73.411,40.638],[-73.406,40.643],[-73.413,40.644],[-73.413,40.637],[-73.411,40.638]]],[[[-73.477,40.646],[-73.478,40.646],[-73.477,40.646]]],[[[-73.391,40.646],[-73.395,40.643],[-73.389,40.64],[-73.382,40.644],[-73.391,40.646]]],[[[-73.335,40.646],[-73.338,40.646],[-73.335,40.644],[-73.336,40.646],[-73.335,40.646]]],[[[-73.319,40.646],[-73.326,40.645],[-73.331,40.641],[-73.333,40.641],[-73.34,40.638],[-73.343,40.636],[-73.348,40.635],[-73.352,40.635],[-73.359,40.633],[-73.367,40.631],[-73.362,40.631],[-73.365,40.628],[-73.37,40.628],[-73.375,40.627],[-73.381,40.628],[-73.382,40.624],[-73.387,40.623],[-73.394,40.625],[-73.399,40.624],[-73.396,40.62],[-73.397,40.619],[-73.402,40.618],[-73.401,40.62],[-73.406,40.622],[-73.412,40.62],[-73.414,40.616],[-73.416,40.618],[-73.421,40.619],[-73.424,40.615],[-73.431,40.612],[-73.437,40.614],[-73.443,40.614],[-73.451,40.614],[-73.458,40.613],[-73.468,40.611],[-73.475,40.608],[-73.483,40.604],[-73.482,40.6],[-73.478,40.598],[-73.456,40.603],[-73.439,40.607],[-73.429,40.609],[-73.414,40.613],[-73.389,40.619],[-73.362,40.626],[-73.338,40.63],[-73.324,40.635],[-73.313,40.634],[-73.31,40.634],[-73.312,40.638],[-73.305,40.639],[-73.298,40.638],[-73.291,40.639],[-73.284,40.639],[-73.278,40.638],[-73.274,40.637],[-73.268,40.636],[-73.26,40.636],[-73.253,40.638],[-73.253,40.642],[-73.262,40.642],[-73.27,40.642],[-73.276,40.643],[-73.28,40.642],[-73.286,40.641],[-73.294,40.641],[-73.3,40.641],[-73.304,40.641],[-73.31,40.643],[-73.311,40.646],[-73.316,40.646],[-73.319,40.646]]],[[[-73.481,40.647],[-73.484,40.649],[-73.481,40.647]]],[[[-73.337,40.648],[-73.344,40.648],[-73.35,40.645],[-73.357,40.647],[-73.361,40.643],[-73.364,40.642],[-73.362,40.641],[-73.357,40.639],[-73.356,40.637],[-73.352,40.638],[-73.346,40.639],[-73.34,40.64],[-73.337,40.648]]],[[[-73.284,40.646],[-73.289,40.648],[-73.284,40.646]]],[[[-73.246,40.644],[-73.247,40.647],[-73.246,40.644]]],[[[-73.349,40.649],[-73.351,40.647],[-73.354,40.647],[-73.349,40.647],[-73.347,40.649],[-73.349,40.649]]],[[[-73.289,40.644],[-73.298,40.648],[-73.301,40.645],[-73.306,40.643],[-73.297,40.641],[-73.289,40.644]]],[[[-73.331,40.647],[-73.332,40.65],[-73.335,40.647],[-73.331,40.647]]],[[[-73.34,40.649],[-73.343,40.651],[-73.34,40.649]]],[[[-73.154,40.65],[-73.161,40.649],[-73.164,40.645],[-73.171,40.643],[-73.176,40.642],[-73.184,40.642],[-73.19,40.639],[-73.193,40.642],[-73.198,40.642],[-73.199,40.641],[-73.203,40.638],[-73.21,40.636],[-73.219,40.633],[-73.229,40.632],[-73.236,40.632],[-73.246,40.629],[-73.252,40.627],[-73.26,40.626],[-73.267,40.626],[-73.273,40.625],[-73.282,40.625],[-73.289,40.625],[-73.298,40.627],[-73.306,40.628],[-73.315,40.624],[-73.306,40.621],[-73.264,40.622],[-73.217,40.63],[-73.161,40.642],[-73.146,40.646],[-73.154,40.65]]],[[[-73.231,40.651],[-73.235,40.651],[-73.229,40.649],[-73.225,40.649],[-73.231,40.651]]],[[[-73.294,40.651],[-73.3,40.653],[-73.3,40.651],[-73.295,40.65],[-73.294,40.651]]],[[[-73.278,40.654],[-73.283,40.653],[-73.288,40.65],[-73.283,40.647],[-73.279,40.649],[-73.277,40.652],[-73.278,40.654]]],[[[-73.232,40.653],[-73.232,40.654],[-73.232,40.653]]],[[[-73.271,40.656],[-73.274,40.654],[-73.269,40.655],[-73.271,40.656]]],[[[-73.249,40.657],[-73.253,40.657],[-73.255,40.655],[-73.256,40.654],[-73.255,40.65],[-73.251,40.647],[-73.246,40.649],[-73.243,40.654],[-73.249,40.657]]],[[[-73.263,40.659],[-73.267,40.659],[-73.269,40.654],[-73.274,40.654],[-73.276,40.653],[-73.279,40.65],[-73.277,40.646],[-73.271,40.645],[-73.265,40.644],[-73.257,40.644],[-73.252,40.647],[-73.257,40.646],[-73.255,40.651],[-73.258,40.653],[-73.262,40.657],[-73.263,40.659]]],[[[-73.196,40.654],[-73.198,40.658],[-73.203,40.656],[-73.196,40.654]]],[[[-73.239,40.66],[-73.24,40.657],[-73.239,40.66]]],[[[-73.178,40.659],[-73.184,40.659],[-73.191,40.66],[-73.189,40.656],[-73.181,40.654],[-73.176,40.655],[-73.178,40.658],[-73.178,40.659]]],[[[-73.132,40.721],[-73.138,40.721],[-73.134,40.719],[-73.132,40.721]]],[[[-73.664,40.734],[-73.668,40.734],[-73.676,40.733],[-73.682,40.732],[-73.689,40.731],[-73.697,40.73],[-73.704,40.728],[-73.71,40.727],[-73.717,40.726],[-73.724,40.725],[-73.729,40.723],[-73.729,40.717],[-73.727,40.711],[-73.727,40.702],[-73.726,40.689],[-73.726,40.682],[-73.727,40.676],[-73.728,40.67],[-73.728,40.663],[-73.725,40.655],[-73.728,40.651],[-73.737,40.649],[-73.742,40.643],[-73.741,40.638],[-73.737,40.637],[-73.737,40.633],[-73.734,40.636],[-73.733,40.635],[-73.738,40.633],[-73.745,40.631],[-73.746,40.629],[-73.751,40.627],[-73.757,40.626],[-73.764,40.623],[-73.767,40.62],[-73.761,40.617],[-73.758,40.617],[-73.763,40.615],[-73.757,40.612],[-73.755,40.61],[-73.747,40.612],[-73.743,40.609],[-73.74,40.604],[-73.738,40.597],[-73.737,40.596],[-73.736,40.602],[-73.731,40.604],[-73.728,40.605],[-73.732,40.602],[-73.735,40.597],[-73.731,40.597],[-73.726,40.594],[-73.715,40.594],[-73.704,40.592],[-73.695,40.593],[-73.686,40.598],[-73.69,40.601],[-73.697,40.605],[-73.699,40.597],[-73.702,40.603],[-73.708,40.604],[-73.705,40.608],[-73.707,40.61],[-73.706,40.614],[-73.706,40.618],[-73.712,40.62],[-73.707,40.619],[-73.705,40.614],[-73.701,40.619],[-73.696,40.623],[-73.692,40.628],[-73.692,40.632],[-73.691,40.638],[-73.692,40.632],[-73.689,40.628],[-73.683,40.627],[-73.681,40.629],[-73.682,40.626],[-73.676,40.63],[-73.677,40.629],[-73.671,40.629],[-73.667,40.628],[-73.665,40.623],[-73.663,40.626],[-73.66,40.633],[-73.659,40.632],[-73.661,40.625],[-73.658,40.624],[-73.654,40.621],[-73.65,40.618],[-73.649,40.617],[-73.642,40.617],[-73.636,40.614],[-73.631,40.613],[-73.626,40.615],[-73.623,40.619],[-73.627,40.623],[-73.627,40.625],[-73.624,40.62],[-73.624,40.628],[-73.632,40.631],[-73.636,40.633],[-73.643,40.637],[-73.65,40.639],[-73.65,40.643],[-73.65,40.647],[-73.655,40.648],[-73.656,40.655],[-73.657,40.661],[-73.66,40.665],[-73.662,40.672],[-73.664,40.679],[-73.668,40.682],[-73.668,40.688],[-73.667,40.695],[-73.665,40.7],[-73.661,40.705],[-73.666,40.709],[-73.666,40.713],[-73.664,40.718],[-73.662,40.723],[-73.664,40.729],[-73.664,40.734]]],[[[-73.73,40.596],[-73.732,40.595],[-73.73,40.596]]],[[[-73.614,40.596],[-73.624,40.595],[-73.633,40.595],[-73.644,40.595],[-73.655,40.595],[-73.66,40.594],[-73.669,40.594],[-73.687,40.589],[-73.695,40.589],[-73.702,40.589],[-73.71,40.589],[-73.713,40.589],[-73.719,40.59],[-73.727,40.59],[-73.733,40.591],[-73.74,40.593],[-73.748,40.591],[-73.755,40.584],[-73.747,40.584],[-73.736,40.586],[-73.728,40.585],[-73.719,40.584],[-73.709,40.584],[-73.695,40.583],[-73.686,40.583],[-73.677,40.583],[-73.669,40.583],[-73.66,40.582],[-73.65,40.582],[-73.641,40.583],[-73.631,40.584],[-73.612,40.585],[-73.594,40.586],[-73.579,40.585],[-73.576,40.591],[-73.578,40.595],[-73.584,40.593],[-73.594,40.594],[-73.602,40.595],[-73.61,40.595],[-73.614,40.596]]],[[[-73.666,40.597],[-73.67,40.6],[-73.666,40.597]]],[[[-73.671,40.604],[-73.676,40.602],[-73.679,40.599],[-73.675,40.597],[-73.672,40.6],[-73.671,40.604]]],[[[-73.664,40.606],[-73.669,40.604],[-73.666,40.599],[-73.663,40.597],[-73.662,40.602],[-73.664,40.606]]],[[[-73.671,40.608],[-73.675,40.606],[-73.675,40.603],[-73.67,40.608],[-73.671,40.608]]],[[[-73.694,40.611],[-73.698,40.609],[-73.701,40.606],[-73.701,40.604],[-73.696,40.606],[-73.692,40.609],[-73.694,40.611]]],[[[-73.634,40.611],[-73.64,40.611],[-73.64,40.608],[-73.643,40.602],[-73.641,40.599],[-73.635,40.604],[-73.635,40.609],[-73.635,40.611],[-73.634,40.611]]],[[[-73.694,40.614],[-73.697,40.613],[-73.694,40.614]]],[[[-73.659,40.608],[-73.662,40.612],[-73.662,40.615],[-73.665,40.608],[-73.659,40.608]]],[[[-73.644,40.617],[-73.651,40.617],[-73.651,40.612],[-73.657,40.607],[-73.662,40.605],[-73.662,40.597],[-73.657,40.597],[-73.655,40.596],[-73.648,40.598],[-73.645,40.601],[-73.646,40.604],[-73.643,40.607],[-73.641,40.608],[-73.642,40.612],[-73.642,40.615],[-73.644,40.617]]],[[[-73.676,40.616],[-73.681,40.616],[-73.684,40.616],[-73.683,40.609],[-73.678,40.609],[-73.677,40.615],[-73.676,40.616]]],[[[-73.676,40.62],[-73.679,40.619],[-73.676,40.62]]],[[[-73.662,40.622],[-73.67,40.618],[-73.67,40.612],[-73.665,40.616],[-73.662,40.621],[-73.662,40.622]]],[[[-73.688,40.62],[-73.696,40.62],[-73.692,40.613],[-73.691,40.605],[-73.682,40.607],[-73.686,40.612],[-73.682,40.619],[-73.688,40.62]]],[[[-73.658,40.622],[-73.66,40.618],[-73.659,40.615],[-73.657,40.61],[-73.654,40.618],[-73.658,40.622]]],[[[-73.673,40.62],[-73.677,40.624],[-73.674,40.619],[-73.673,40.62]]],[[[-73.672,40.622],[-73.675,40.625],[-73.672,40.621],[-73.667,40.622],[-73.672,40.622]]],[[[-73.69,40.628],[-73.692,40.624],[-73.69,40.623],[-73.69,40.628]]],[[[-73.738,40.633],[-73.74,40.634],[-73.738,40.633]]],[[[-73.742,40.635],[-73.742,40.638],[-73.745,40.634],[-73.743,40.631],[-73.741,40.634],[-73.742,40.635]]],[[[-73.798,40.694],[-73.804,40.694],[-73.81,40.694],[-73.813,40.691],[-73.815,40.687],[-73.817,40.68],[-73.821,40.681],[-73.824,40.677],[-73.832,40.678],[-73.839,40.68],[-73.838,40.673],[-73.843,40.671],[-73.845,40.667],[-73.85,40.664],[-73.846,40.658],[-73.843,40.662],[-73.838,40.661],[-73.838,40.656],[-73.836,40.65],[-73.831,40.649],[-73.831,40.654],[-73.829,40.649],[-73.825,40.649],[-73.824,40.653],[-73.823,40.661],[-73.813,40.661],[-73.817,40.661],[-73.823,40.656],[-73.821,40.649],[-73.816,40.645],[-73.804,40.641],[-73.792,40.636],[-73.787,40.632],[-73.785,40.627],[-73.793,40.623],[-73.796,40.618],[-73.8,40.614],[-73.795,40.61],[-73.789,40.609],[-73.782,40.612],[-73.785,40.62],[-73.777,40.627],[-73.771,40.622],[-73.768,40.623],[-73.766,40.628],[-73.752,40.634],[-73.749,40.643],[-73.749,40.645],[-73.747,40.638],[-73.744,40.638],[-73.743,40.635],[-73.741,40.639],[-73.742,40.645],[-73.735,40.65],[-73.727,40.651],[-73.726,40.657],[-73.728,40.664],[-73.734,40.667],[-73.741,40.666],[-73.752,40.666],[-73.759,40.667],[-73.761,40.675],[-73.762,40.678],[-73.766,40.682],[-73.775,40.687],[-73.782,40.69],[-73.789,40.688],[-73.794,40.69],[-73.798,40.694]]],[[[-73.836,40.594],[-73.843,40.595],[-73.838,40.592],[-73.833,40.59],[-73.836,40.594]]],[[[-73.811,40.599],[-73.812,40.603],[-73.815,40.601],[-73.811,40.599]]],[[[-73.834,40.605],[-73.833,40.609],[-73.834,40.605]]],[[[-73.826,40.606],[-73.828,40.61],[-73.826,40.606]]],[[[-73.797,40.604],[-73.798,40.61],[-73.804,40.606],[-73.797,40.604]]],[[[-73.766,40.614],[-73.773,40.614],[-73.769,40.61],[-73.77,40.604],[-73.77,40.599],[-73.773,40.598],[-73.776,40.601],[-73.781,40.598],[-73.779,40.6],[-73.775,40.604],[-73.775,40.609],[-73.781,40.608],[-73.783,40.603],[-73.787,40.599],[-73.791,40.595],[-73.787,40.601],[-73.79,40.601],[-73.797,40.599],[-73.803,40.598],[-73.803,40.594],[-73.804,40.595],[-73.808,40.593],[-73.807,40.592],[-73.809,40.592],[-73.813,40.591],[-73.817,40.589],[-73.823,40.587],[-73.832,40.584],[-73.84,40.582],[-73.852,40.582],[-73.866,40.575],[-73.881,40.569],[-73.885,40.569],[-73.89,40.568],[-73.895,40.566],[-73.901,40.563],[-73.908,40.563],[-73.914,40.564],[-73.922,40.562],[-73.929,40.56],[-73.935,40.557],[-73.941,40.554],[-73.94,40.548],[-73.936,40.545],[-73.909,40.555],[-73.901,40.557],[-73.895,40.558],[-73.888,40.56],[-73.881,40.562],[-73.872,40.565],[-73.863,40.567],[-73.848,40.573],[-73.839,40.575],[-73.831,40.578],[-73.821,40.581],[-73.813,40.583],[-73.806,40.584],[-73.799,40.586],[-73.792,40.587],[-73.782,40.589],[-73.768,40.591],[-73.753,40.591],[-73.744,40.595],[-73.74,40.594],[-73.739,40.596],[-73.739,40.604],[-73.743,40.608],[-73.747,40.611],[-73.754,40.61],[-73.759,40.611],[-73.765,40.613],[-73.766,40.614]]],[[[-73.767,40.62],[-73.77,40.616],[-73.767,40.62]]],[[[-73.8,40.62],[-73.8,40.623],[-73.8,40.62]]],[[[-73.802,40.615],[-73.802,40.621],[-73.8,40.626],[-73.806,40.621],[-73.803,40.615],[-73.802,40.615]]],[[[-73.812,40.623],[-73.813,40.626],[-73.812,40.623]]],[[[-73.823,40.638],[-73.824,40.636],[-73.831,40.638],[-73.832,40.634],[-73.833,40.629],[-73.832,40.624],[-73.834,40.621],[-73.831,40.615],[-73.827,40.613],[-73.823,40.611],[-73.821,40.612],[-73.82,40.608],[-73.823,40.606],[-73.823,40.602],[-73.824,40.6],[-73.827,40.599],[-73.83,40.598],[-73.834,40.597],[-73.832,40.595],[-73.825,40.596],[-73.82,40.596],[-73.82,40.599],[-73.819,40.603],[-73.816,40.606],[-73.816,40.613],[-73.817,40.619],[-73.818,40.623],[-73.821,40.629],[-73.823,40.638]]],[[[-73.814,40.797],[-73.818,40.8],[-73.823,40.799],[-73.827,40.797],[-73.828,40.793],[-73.832,40.791],[-73.836,40.789],[-73.838,40.796],[-73.842,40.796],[-73.849,40.795],[-73.853,40.794],[-73.855,40.79],[-73.856,40.788],[-73.858,40.785],[-73.853,40.782],[-73.85,40.782],[-73.849,40.776],[-73.85,40.771],[-73.848,40.768],[-73.843,40.766],[-73.839,40.767],[-73.833,40.772],[-73.828,40.776],[-73.824,40.779],[-73.819,40.776],[-73.813,40.773],[-73.804,40.771],[-73.8,40.772],[-73.793,40.774],[-73.787,40.776],[-73.778,40.778],[-73.772,40.778],[-73.767,40.775],[-73.762,40.77],[-73.759,40.764],[-73.757,40.761],[-73.751,40.76],[-73.747,40.756],[-73.745,40.753],[-73.752,40.751],[-73.762,40.748],[-73.759,40.745],[-73.763,40.741],[-73.765,40.734],[-73.772,40.731],[-73.779,40.73],[-73.778,40.724],[-73.782,40.72],[-73.791,40.719],[-73.798,40.717],[-73.805,40.716],[-73.813,40.714],[-73.808,40.712],[-73.803,40.708],[-73.796,40.708],[-73.79,40.707],[-73.783,40.707],[-73.785,40.705],[-73.778,40.706],[-73.775,40.709],[-73.769,40.712],[-73.763,40.713],[-73.756,40.714],[-73.748,40.715],[-73.741,40.717],[-73.734,40.719],[-73.728,40.723],[-73.723,40.725],[-73.716,40.727],[-73.709,40.727],[-73.705,40.733],[-73.701,40.738],[-73.701,40.749],[-73.704,40.754],[-73.71,40.758],[-73.717,40.762],[-73.723,40.766],[-73.729,40.769],[-73.734,40.772],[-73.739,40.775],[-73.743,40.778],[-73.748,40.78],[-73.753,40.782],[-73.755,40.776],[-73.754,40.772],[-73.755,40.767],[-73.757,40.767],[-73.761,40.771],[-73.767,40.776],[-73.77,40.782],[-73.775,40.787],[-73.772,40.791],[-73.777,40.797],[-73.781,40.795],[-73.785,40.79],[-73.793,40.789],[-73.794,40.794],[-73.8,40.796],[-73.805,40.796],[-73.81,40.797],[-73.814,40.797]]],[[[-73.904,40.79],[-73.912,40.79],[-73.916,40.786],[-73.919,40.783],[-73.916,40.78],[-73.908,40.781],[-73.906,40.776],[-73.901,40.773],[-73.897,40.77],[-73.895,40.767],[-73.888,40.767],[-73.881,40.769],[-73.876,40.771],[-73.869,40.771],[-73.864,40.767],[-73.858,40.761],[-73.854,40.758],[-73.848,40.759],[-73.844,40.757],[-73.838,40.759],[-73.838,40.765],[-73.844,40.763],[-73.852,40.759],[-73.858,40.761],[-73.861,40.767],[-73.852,40.765],[-73.857,40.77],[-73.865,40.777],[-73.871,40.78],[-73.869,40.786],[-73.879,40.782],[-73.885,40.779],[-73.885,40.774],[-73.89,40.777],[-73.892,40.777],[-73.894,40.782],[-73.9,40.782],[-73.902,40.781],[-73.896,40.785],[-73.901,40.789],[-73.904,40.79]]],[[[-73.887,40.798],[-73.892,40.796],[-73.892,40.791],[-73.889,40.787],[-73.883,40.786],[-73.878,40.786],[-73.872,40.787],[-73.874,40.792],[-73.881,40.795],[-73.886,40.798],[-73.887,40.798]]],[[[-73.888,40.767],[-73.895,40.767],[-73.897,40.77],[-73.901,40.773],[-73.906,40.776],[-73.908,40.781],[-73.916,40.78],[-73.918,40.775],[-73.913,40.77],[-73.915,40.764],[-73.925,40.754],[-73.93,40.752],[-73.937,40.748],[-73.938,40.743],[-73.943,40.741],[-73.952,40.74],[-73.941,40.733],[-73.933,40.729],[-73.927,40.724],[-73.924,40.716],[-73.92,40.712],[-73.913,40.708],[-73.907,40.706],[-73.905,40.701],[-73.905,40.696],[-73.904,40.693],[-73.9,40.693],[-73.893,40.692],[-73.888,40.695],[-73.888,40.7],[-73.884,40.704],[-73.889,40.712],[-73.899,40.714],[-73.898,40.716],[-73.893,40.722],[-73.894,40.725],[-73.888,40.726],[-73.882,40.729],[-73.876,40.731],[-73.87,40.728],[-73.863,40.73],[-73.869,40.733],[-73.87,40.736],[-73.874,40.742],[-73.878,40.743],[-73.883,40.741],[-73.89,40.743],[-73.892,40.747],[-73.896,40.751],[-73.9,40.756],[-73.897,40.763],[-73.893,40.766],[-73.888,40.767]]],[[[-73.843,40.755],[-73.846,40.76],[-73.854,40.758],[-73.859,40.761],[-73.865,40.768],[-73.872,40.772],[-73.879,40.77],[-73.886,40.767],[-73.893,40.766],[-73.897,40.762],[-73.899,40.754],[-73.894,40.753],[-73.892,40.745],[-73.886,40.741],[-73.879,40.744],[-73.874,40.742],[-73.872,40.736],[-73.867,40.733],[-73.859,40.733],[-73.849,40.736],[-73.845,40.735],[-73.846,40.742],[-73.85,40.749],[-73.843,40.755]]],[[[-73.808,40.716],[-73.81,40.723],[-73.811,40.728],[-73.819,40.73],[-73.829,40.732],[-73.835,40.727],[-73.84,40.73],[-73.845,40.735],[-73.845,40.738],[-73.848,40.734],[-73.851,40.73],[-73.849,40.724],[-73.846,40.719],[-73.851,40.715],[-73.849,40.71],[-73.842,40.712],[-73.839,40.709],[-73.836,40.704],[-73.829,40.702],[-73.822,40.703],[-73.814,40.699],[-73.81,40.692],[-73.807,40.694],[-73.8,40.695],[-73.795,40.691],[-73.789,40.688],[-73.781,40.689],[-73.773,40.686],[-73.763,40.681],[-73.764,40.675],[-73.759,40.671],[-73.753,40.666],[-73.741,40.666],[-73.732,40.667],[-73.728,40.672],[-73.726,40.678],[-73.726,40.686],[-73.727,40.699],[-73.727,40.71],[-73.729,40.717],[-73.733,40.72],[-73.741,40.717],[-73.749,40.715],[-73.758,40.714],[-73.766,40.713],[-73.772,40.71],[-73.776,40.705],[-73.784,40.705],[-73.783,40.707],[-73.791,40.707],[-73.798,40.707],[-73.807,40.708],[-73.811,40.712],[-73.808,40.716]]],[[[-73.845,40.735],[-73.853,40.735],[-73.861,40.733],[-73.865,40.73],[-73.871,40.729],[-73.877,40.73],[-73.885,40.728],[-73.89,40.726],[-73.895,40.723],[-73.894,40.721],[-73.899,40.715],[-73.897,40.715],[-73.889,40.708],[-73.884,40.702],[-73.884,40.7],[-73.879,40.701],[-73.871,40.703],[-73.871,40.697],[-73.868,40.688],[-73.866,40.682],[-73.862,40.678],[-73.861,40.673],[-73.857,40.67],[-73.854,40.664],[-73.85,40.664],[-73.845,40.667],[-73.843,40.671],[-73.838,40.673],[-73.839,40.68],[-73.832,40.678],[-73.824,40.677],[-73.821,40.681],[-73.817,40.68],[-73.815,40.687],[-73.813,40.691],[-73.814,40.697],[-73.819,40.702],[-73.825,40.703],[-73.832,40.701],[-73.837,40.703],[-73.84,40.709],[-73.842,40.712],[-73.848,40.711],[-73.849,40.713],[-73.849,40.717],[-73.847,40.721],[-73.851,40.726],[-73.848,40.73],[-73.845,40.735]]],[[[-73.808,40.716],[-73.8,40.717],[-73.794,40.719],[-73.787,40.719],[-73.778,40.722],[-73.781,40.728],[-73.775,40.731],[-73.766,40.733],[-73.763,40.738],[-73.759,40.742],[-73.761,40.746],[-73.758,40.749],[-73.748,40.752],[-73.745,40.755],[-73.749,40.759],[-73.754,40.76],[-73.757,40.763],[-73.76,40.769],[-73.765,40.773],[-73.77,40.777],[-73.776,40.778],[-73.784,40.776],[-73.79,40.775],[-73.797,40.774],[-73.803,40.769],[-73.807,40.772],[-73.815,40.776],[-73.822,40.776],[-73.826,40.78],[-73.831,40.773],[-73.836,40.77],[-73.837,40.764],[-73.838,40.758],[-73.841,40.754],[-73.846,40.755],[-73.849,40.748],[-73.846,40.742],[-73.845,40.735],[-73.841,40.73],[-73.837,40.727],[-73.833,40.729],[-73.824,40.731],[-73.815,40.729],[-73.811,40.726],[-73.81,40.722],[-73.808,40.716]]],[[[-73.975,40.643],[-73.98,40.648],[-73.986,40.658],[-73.996,40.659],[-74.002,40.653],[-74.007,40.648],[-74.006,40.642],[-74.015,40.641],[-74.021,40.639],[-74.023,40.634],[-74.02,40.629],[-74.018,40.625],[-74.012,40.629],[-74.01,40.625],[-74.006,40.622],[-74.005,40.619],[-74.008,40.613],[-74.015,40.609],[-74.013,40.602],[-74.007,40.599],[-74,40.596],[-73.996,40.594],[-73.99,40.589],[-73.987,40.585],[-73.984,40.59],[-73.983,40.594],[-73.977,40.592],[-73.977,40.597],[-73.973,40.598],[-73.972,40.606],[-73.975,40.613],[-73.981,40.617],[-73.997,40.626],[-74.006,40.633],[-74.001,40.637],[-74,40.642],[-73.994,40.643],[-73.988,40.645],[-73.983,40.641],[-73.979,40.637],[-73.975,40.638],[-73.975,40.643]]],[[[-73.887,40.7],[-73.889,40.696],[-73.894,40.693],[-73.899,40.694],[-73.903,40.693],[-73.904,40.696],[-73.904,40.701],[-73.906,40.705],[-73.912,40.709],[-73.919,40.711],[-73.924,40.715],[-73.925,40.722],[-73.932,40.728],[-73.94,40.733],[-73.942,40.728],[-73.937,40.725],[-73.943,40.721],[-73.949,40.718],[-73.954,40.714],[-73.959,40.712],[-73.968,40.714],[-73.97,40.709],[-73.966,40.704],[-73.962,40.7],[-73.957,40.699],[-73.951,40.7],[-73.942,40.701],[-73.936,40.698],[-73.93,40.694],[-73.925,40.691],[-73.919,40.688],[-73.915,40.686],[-73.909,40.682],[-73.904,40.679],[-73.897,40.679],[-73.89,40.678],[-73.884,40.678],[-73.878,40.68],[-73.872,40.682],[-73.867,40.684],[-73.868,40.69],[-73.869,40.699],[-73.873,40.703],[-73.88,40.7],[-73.886,40.7],[-73.887,40.7]]],[[[-73.866,40.682],[-73.872,40.682],[-73.878,40.68],[-73.884,40.678],[-73.89,40.678],[-73.897,40.679],[-73.903,40.675],[-73.901,40.665],[-73.906,40.663],[-73.911,40.661],[-73.917,40.661],[-73.922,40.665],[-73.928,40.665],[-73.925,40.657],[-73.921,40.654],[-73.92,40.646],[-73.92,40.644],[-73.919,40.638],[-73.916,40.632],[-73.903,40.626],[-73.893,40.624],[-73.887,40.629],[-73.884,40.63],[-73.879,40.634],[-73.879,40.639],[-73.885,40.643],[-73.89,40.648],[-73.888,40.647],[-73.884,40.644],[-73.88,40.642],[-73.876,40.637],[-73.87,40.638],[-73.871,40.641],[-73.874,40.647],[-73.878,40.654],[-73.871,40.645],[-73.867,40.64],[-73.858,40.644],[-73.858,40.649],[-73.858,40.652],[-73.862,40.656],[-73.861,40.656],[-73.856,40.652],[-73.85,40.651],[-73.852,40.649],[-73.849,40.645],[-73.843,40.645],[-73.836,40.645],[-73.838,40.654],[-73.842,40.662],[-73.847,40.66],[-73.85,40.662],[-73.856,40.666],[-73.859,40.673],[-73.861,40.674],[-73.864,40.68],[-73.866,40.682]]],[[[-73.857,40.602],[-73.863,40.6],[-73.86,40.597],[-73.855,40.596],[-73.851,40.599],[-73.855,40.602],[-73.857,40.602]]],[[[-73.916,40.605],[-73.912,40.6],[-73.906,40.594],[-73.894,40.584],[-73.887,40.578],[-73.882,40.58],[-73.879,40.587],[-73.881,40.595],[-73.883,40.602],[-73.887,40.605],[-73.892,40.603],[-73.898,40.604],[-73.904,40.602],[-73.91,40.602],[-73.915,40.604],[-73.916,40.605]]],[[[-73.85,40.61],[-73.853,40.61],[-73.855,40.61],[-73.854,40.608],[-73.85,40.61]]],[[[-73.841,40.612],[-73.846,40.613],[-73.847,40.608],[-73.85,40.606],[-73.847,40.604],[-73.844,40.604],[-73.84,40.606],[-73.839,40.609],[-73.839,40.613],[-73.841,40.612]]],[[[-73.893,40.614],[-73.896,40.619],[-73.902,40.621],[-73.901,40.614],[-73.904,40.613],[-73.9,40.609],[-73.9,40.605],[-73.893,40.607],[-73.89,40.611],[-73.892,40.612],[-73.893,40.614]]],[[[-73.834,40.623],[-73.835,40.618],[-73.836,40.615],[-73.834,40.623]]],[[[-73.85,40.621],[-73.851,40.624],[-73.852,40.621],[-73.857,40.621],[-73.852,40.62],[-73.85,40.621]]],[[[-73.867,40.618],[-73.867,40.623],[-73.868,40.628],[-73.879,40.62],[-73.878,40.616],[-73.868,40.618],[-73.867,40.618]]],[[[-73.853,40.633],[-73.858,40.631],[-73.853,40.633]]],[[[-73.847,40.633],[-73.845,40.637],[-73.85,40.634],[-73.847,40.633]]],[[[-73.975,40.679],[-73.977,40.677],[-73.979,40.673],[-73.981,40.668],[-73.985,40.666],[-73.993,40.665],[-73.993,40.658],[-73.982,40.655],[-73.98,40.645],[-73.974,40.645],[-73.97,40.649],[-73.966,40.653],[-73.961,40.65],[-73.95,40.653],[-73.943,40.651],[-73.936,40.651],[-73.929,40.652],[-73.922,40.653],[-73.924,40.656],[-73.93,40.664],[-73.923,40.667],[-73.922,40.673],[-73.924,40.678],[-73.934,40.68],[-73.943,40.68],[-73.95,40.68],[-73.956,40.678],[-73.964,40.678],[-73.975,40.679]]],[[[-73.961,40.651],[-73.965,40.652],[-73.971,40.648],[-73.974,40.643],[-73.977,40.636],[-73.972,40.632],[-73.969,40.627],[-73.962,40.628],[-73.956,40.626],[-73.95,40.624],[-73.946,40.616],[-73.942,40.612],[-73.936,40.612],[-73.927,40.61],[-73.922,40.61],[-73.918,40.611],[-73.915,40.615],[-73.916,40.611],[-73.917,40.607],[-73.911,40.604],[-73.91,40.606],[-73.905,40.605],[-73.903,40.611],[-73.907,40.615],[-73.907,40.617],[-73.903,40.614],[-73.901,40.618],[-73.903,40.623],[-73.916,40.63],[-73.919,40.634],[-73.919,40.64],[-73.922,40.643],[-73.921,40.65],[-73.925,40.653],[-73.932,40.652],[-73.939,40.651],[-73.946,40.651],[-73.955,40.651],[-73.961,40.651]]],[[[-73.984,40.642],[-73.99,40.644],[-73.995,40.642],[-73.998,40.64],[-74.001,40.636],[-74.006,40.632],[-73.993,40.624],[-73.977,40.615],[-73.975,40.611],[-73.971,40.604],[-73.972,40.597],[-73.977,40.595],[-73.975,40.592],[-73.969,40.591],[-73.963,40.59],[-73.959,40.587],[-73.951,40.588],[-73.942,40.589],[-73.941,40.598],[-73.935,40.595],[-73.934,40.588],[-73.932,40.584],[-73.928,40.583],[-73.921,40.583],[-73.915,40.581],[-73.912,40.584],[-73.916,40.586],[-73.923,40.585],[-73.929,40.587],[-73.931,40.59],[-73.932,40.595],[-73.93,40.592],[-73.928,40.589],[-73.927,40.588],[-73.922,40.586],[-73.917,40.588],[-73.917,40.592],[-73.922,40.595],[-73.926,40.599],[-73.932,40.602],[-73.929,40.602],[-73.924,40.6],[-73.918,40.6],[-73.914,40.597],[-73.912,40.591],[-73.91,40.586],[-73.903,40.587],[-73.898,40.587],[-73.897,40.582],[-73.895,40.577],[-73.889,40.578],[-73.894,40.584],[-73.906,40.594],[-73.912,40.6],[-73.922,40.61],[-73.927,40.61],[-73.936,40.612],[-73.942,40.612],[-73.946,40.616],[-73.95,40.624],[-73.956,40.626],[-73.962,40.628],[-73.969,40.627],[-73.972,40.632],[-73.977,40.636],[-73.98,40.639],[-73.984,40.642]]],[[[-73.914,40.592],[-73.915,40.597],[-73.921,40.599],[-73.919,40.595],[-73.914,40.592]]],[[[-74.082,40.648],[-74.088,40.648],[-74.093,40.646],[-74.1,40.645],[-74.106,40.645],[-74.109,40.646],[-74.114,40.644],[-74.119,40.642],[-74.123,40.641],[-74.127,40.64],[-74.13,40.641],[-74.134,40.642],[-74.14,40.641],[-74.144,40.639],[-74.15,40.637],[-74.153,40.639],[-74.156,40.638],[-74.16,40.639],[-74.165,40.64],[-74.17,40.642],[-74.172,40.643],[-74.176,40.643],[-74.179,40.644],[-74.183,40.645],[-74.186,40.644],[-74.194,40.637],[-74.183,40.629],[-74.175,40.623],[-74.165,40.62],[-74.156,40.614],[-74.152,40.617],[-74.144,40.625],[-74.138,40.627],[-74.132,40.63],[-74.131,40.627],[-74.124,40.627],[-74.113,40.629],[-74.105,40.631],[-74.098,40.634],[-74.091,40.636],[-74.087,40.632],[-74.084,40.626],[-74.086,40.618],[-74.088,40.612],[-74.09,40.61],[-74.086,40.607],[-74.086,40.604],[-74.093,40.606],[-74.093,40.598],[-74.097,40.595],[-74.101,40.591],[-74.103,40.584],[-74.095,40.584],[-74.088,40.585],[-74.078,40.579],[-74.073,40.582],[-74.066,40.588],[-74.057,40.597],[-74.053,40.601],[-74.055,40.606],[-74.059,40.611],[-74.062,40.615],[-74.065,40.618],[-74.069,40.62],[-74.072,40.625],[-74.073,40.63],[-74.073,40.635],[-74.072,40.641],[-74.07,40.642],[-74.072,40.645],[-74.077,40.647],[-74.081,40.648],[-74.082,40.648]]],[[[-74.03,40.614],[-74.035,40.61],[-74.032,40.606],[-74.024,40.604],[-74.016,40.602],[-74.01,40.6],[-74.004,40.596],[-73.999,40.593],[-73.997,40.592],[-73.999,40.589],[-74.001,40.587],[-73.994,40.589],[-73.999,40.586],[-73.999,40.583],[-73.993,40.583],[-73.992,40.581],[-73.987,40.581],[-73.981,40.582],[-73.976,40.582],[-73.979,40.58],[-73.984,40.583],[-73.989,40.579],[-73.997,40.581],[-74.004,40.581],[-74.01,40.58],[-74.012,40.575],[-74.002,40.572],[-73.991,40.571],[-73.976,40.572],[-73.961,40.574],[-73.951,40.575],[-73.945,40.575],[-73.94,40.575],[-73.935,40.576],[-73.932,40.58],[-73.953,40.582],[-73.941,40.583],[-73.934,40.583],[-73.932,40.586],[-73.933,40.593],[-73.938,40.599],[-73.94,40.592],[-73.947,40.589],[-73.956,40.588],[-73.962,40.589],[-73.966,40.591],[-73.973,40.59],[-73.978,40.593],[-73.985,40.594],[-73.984,40.587],[-73.989,40.586],[-73.992,40.59],[-73.998,40.596],[-74.002,40.597],[-74.009,40.6],[-74.015,40.603],[-74.02,40.607],[-74.027,40.612],[-74.03,40.614]]],[[[-74.091,40.636],[-74.098,40.634],[-74.105,40.631],[-74.113,40.629],[-74.124,40.627],[-74.131,40.627],[-74.132,40.63],[-74.138,40.627],[-74.144,40.625],[-74.152,40.617],[-74.156,40.614],[-74.165,40.62],[-74.175,40.623],[-74.183,40.629],[-74.198,40.633],[-74.201,40.629],[-74.202,40.623],[-74.2,40.618],[-74.197,40.616],[-74.196,40.612],[-74.198,40.607],[-74.197,40.603],[-74.197,40.599],[-74.2,40.593],[-74.204,40.589],[-74.205,40.582],[-74.203,40.58],[-74.196,40.58],[-74.19,40.578],[-74.183,40.578],[-74.183,40.577],[-74.188,40.577],[-74.193,40.577],[-74.198,40.576],[-74.203,40.572],[-74.208,40.57],[-74.211,40.563],[-74.213,40.558],[-74.216,40.556],[-74.222,40.555],[-74.225,40.556],[-74.23,40.555],[-74.235,40.553],[-74.238,40.55],[-74.243,40.547],[-74.246,40.542],[-74.244,40.537],[-74.241,40.533],[-74.242,40.529],[-74.243,40.524],[-74.24,40.52],[-74.243,40.518],[-74.247,40.517],[-74.249,40.515],[-74.253,40.513],[-74.256,40.508],[-74.253,40.5],[-74.249,40.496],[-74.244,40.498],[-74.238,40.499],[-74.232,40.502],[-74.225,40.502],[-74.218,40.503],[-74.212,40.508],[-74.207,40.512],[-74.199,40.513],[-74.201,40.516],[-74.198,40.514],[-74.2,40.511],[-74.194,40.511],[-74.189,40.516],[-74.184,40.52],[-74.178,40.52],[-74.174,40.523],[-74.169,40.524],[-74.164,40.527],[-74.159,40.528],[-74.154,40.53],[-74.149,40.534],[-74.144,40.536],[-74.142,40.541],[-74.139,40.545],[-74.134,40.547],[-74.128,40.543],[-74.133,40.536],[-74.141,40.535],[-74.137,40.53],[-74.131,40.535],[-74.127,40.54],[-74.121,40.546],[-74.116,40.548],[-74.111,40.551],[-74.106,40.553],[-74.102,40.556],[-74.099,40.559],[-74.094,40.563],[-74.089,40.567],[-74.084,40.572],[-74.076,40.578],[-74.084,40.583],[-74.093,40.585],[-74.098,40.581],[-74.102,40.589],[-74.099,40.594],[-74.093,40.597],[-74.093,40.603],[-74.09,40.605],[-74.086,40.606],[-74.091,40.609],[-74.09,40.613],[-74.087,40.616],[-74.085,40.623],[-74.085,40.63],[-74.091,40.633],[-74.091,40.636]]],[[[-74.203,40.58],[-74.207,40.575],[-74.201,40.575],[-74.203,40.58]]],[[[-74.198,40.614],[-74.203,40.613],[-74.203,40.609],[-74.201,40.604],[-74.199,40.604],[-74.201,40.608],[-74.199,40.611],[-74.198,40.614]]],[[[-73.969,40.707],[-73.971,40.707],[-73.974,40.708],[-73.972,40.703],[-73.973,40.702],[-73.976,40.702],[-73.979,40.705],[-73.981,40.702],[-73.981,40.698],[-73.982,40.694],[-73.978,40.69],[-73.973,40.688],[-73.972,40.685],[-73.979,40.684],[-73.969,40.678],[-73.956,40.676],[-73.95,40.679],[-73.943,40.68],[-73.933,40.679],[-73.922,40.678],[-73.922,40.67],[-73.922,40.665],[-73.916,40.661],[-73.909,40.661],[-73.903,40.663],[-73.902,40.671],[-73.898,40.678],[-73.906,40.68],[-73.913,40.684],[-73.917,40.689],[-73.924,40.691],[-73.93,40.694],[-73.937,40.698],[-73.945,40.7],[-73.953,40.699],[-73.961,40.698],[-73.965,40.703],[-73.969,40.707]]],[[[-73.98,40.706],[-73.987,40.705],[-73.993,40.705],[-73.995,40.704],[-73.997,40.7],[-74.001,40.699],[-74,40.695],[-74.002,40.692],[-74.003,40.69],[-74.007,40.689],[-74.006,40.686],[-74.011,40.684],[-74.015,40.682],[-74.019,40.678],[-74.019,40.676],[-74.018,40.672],[-74.013,40.673],[-74.011,40.67],[-74.017,40.665],[-74.018,40.666],[-74.01,40.669],[-74.006,40.67],[-74.003,40.667],[-74,40.67],[-73.999,40.668],[-74.002,40.667],[-74.005,40.665],[-74.006,40.664],[-74.009,40.663],[-74.009,40.66],[-74.012,40.659],[-74.015,40.657],[-74.016,40.656],[-74.017,40.656],[-74.02,40.654],[-74.021,40.651],[-74.025,40.651],[-74.024,40.647],[-74.028,40.644],[-74.033,40.644],[-74.037,40.642],[-74.037,40.639],[-74.041,40.63],[-74.042,40.623],[-74.041,40.616],[-74.038,40.612],[-74.035,40.61],[-74.03,40.614],[-74.025,40.61],[-74.017,40.608],[-74.009,40.612],[-74.006,40.618],[-74.005,40.623],[-74.011,40.624],[-74.011,40.628],[-74.017,40.625],[-74.02,40.628],[-74.021,40.634],[-74.021,40.638],[-74.016,40.64],[-74.008,40.644],[-74.005,40.647],[-74.003,40.652],[-73.996,40.658],[-73.994,40.664],[-73.986,40.666],[-73.983,40.669],[-73.98,40.673],[-73.979,40.678],[-73.978,40.68],[-73.978,40.684],[-73.972,40.685],[-73.973,40.687],[-73.976,40.69],[-73.979,40.694],[-73.981,40.696],[-73.983,40.699],[-73.98,40.703],[-73.98,40.706]]],[[[-74.044,40.688],[-74.046,40.691],[-74.044,40.688]]],[[[-74.017,40.693],[-74.026,40.687],[-74.024,40.684],[-74.02,40.685],[-74.012,40.691],[-74.015,40.693],[-74.017,40.693]]],[[[-74.004,40.736],[-74.01,40.736],[-74.011,40.73],[-74.015,40.726],[-74.016,40.722],[-74.015,40.719],[-74.017,40.713],[-74.019,40.705],[-74.016,40.701],[-74.01,40.702],[-74.007,40.704],[-74.005,40.705],[-74.002,40.706],[-73.996,40.709],[-73.989,40.709],[-73.977,40.711],[-73.973,40.722],[-73.983,40.731],[-73.991,40.735],[-74.001,40.734],[-74.004,40.736]]],[[[-73.949,40.785],[-73.957,40.787],[-73.961,40.781],[-73.966,40.778],[-73.972,40.782],[-73.977,40.776],[-73.98,40.77],[-73.983,40.767],[-73.987,40.761],[-73.991,40.755],[-73.992,40.751],[-73.996,40.748],[-73.993,40.743],[-74.001,40.742],[-73.997,40.737],[-73.988,40.738],[-73.982,40.743],[-73.978,40.747],[-73.975,40.75],[-73.967,40.753],[-73.961,40.755],[-73.956,40.761],[-73.948,40.77],[-73.943,40.774],[-73.943,40.777],[-73.952,40.78],[-73.952,40.785],[-73.949,40.785]]],[[[-73.943,40.768],[-73.94,40.773],[-73.945,40.77],[-73.951,40.763],[-73.955,40.758],[-73.96,40.752],[-73.961,40.75],[-73.956,40.754],[-73.951,40.759],[-73.945,40.766],[-73.943,40.768]]],[[[-73.924,40.845],[-73.929,40.845],[-73.931,40.84],[-73.933,40.828],[-73.932,40.822],[-73.933,40.813],[-73.931,40.807],[-73.927,40.804],[-73.924,40.803],[-73.92,40.8],[-73.916,40.797],[-73.908,40.799],[-73.907,40.801],[-73.902,40.805],[-73.897,40.806],[-73.894,40.806],[-73.888,40.805],[-73.881,40.803],[-73.875,40.801],[-73.87,40.81],[-73.88,40.817],[-73.885,40.822],[-73.888,40.822],[-73.896,40.814],[-73.901,40.817],[-73.907,40.819],[-73.913,40.818],[-73.913,40.821],[-73.916,40.825],[-73.922,40.825],[-73.921,40.831],[-73.915,40.835],[-73.919,40.839],[-73.915,40.843],[-73.918,40.845],[-73.924,40.845]]],[[[-73.916,40.791],[-73.915,40.796],[-73.921,40.8],[-73.926,40.802],[-73.927,40.794],[-73.93,40.791],[-73.936,40.786],[-73.929,40.781],[-73.923,40.784],[-73.917,40.791],[-73.916,40.791]]],[[[-73.898,40.802],[-73.899,40.799],[-73.898,40.802]]],[[[-73.935,40.804],[-73.938,40.801],[-73.942,40.795],[-73.951,40.799],[-73.952,40.794],[-73.956,40.788],[-73.948,40.784],[-73.952,40.782],[-73.946,40.777],[-73.943,40.778],[-73.944,40.782],[-73.938,40.787],[-73.935,40.791],[-73.929,40.797],[-73.93,40.804],[-73.935,40.804]]],[[[-73.873,40.824],[-73.882,40.823],[-73.88,40.818],[-73.87,40.814],[-73.864,40.81],[-73.858,40.808],[-73.855,40.805],[-73.85,40.805],[-73.85,40.809],[-73.856,40.811],[-73.863,40.813],[-73.87,40.816],[-73.873,40.824]]],[[[-73.935,40.832],[-73.936,40.835],[-73.94,40.831],[-73.949,40.834],[-73.953,40.831],[-73.956,40.828],[-73.96,40.823],[-73.962,40.818],[-73.967,40.812],[-73.97,40.807],[-73.974,40.801],[-73.971,40.798],[-73.965,40.795],[-73.963,40.792],[-73.958,40.79],[-73.953,40.791],[-73.949,40.797],[-73.947,40.797],[-73.939,40.799],[-73.934,40.802],[-73.931,40.803],[-73.933,40.807],[-73.934,40.813],[-73.934,40.82],[-73.934,40.827],[-73.935,40.832]]],[[[-73.932,40.814],[-73.933,40.822],[-73.932,40.821],[-73.932,40.814]]],[[[-73.933,40.828],[-73.933,40.836],[-73.933,40.831],[-73.933,40.828]]],[[[-73.925,40.877],[-73.93,40.874],[-73.932,40.868],[-73.936,40.863],[-73.94,40.857],[-73.943,40.852],[-73.947,40.85],[-73.946,40.845],[-73.949,40.839],[-73.948,40.834],[-73.939,40.832],[-73.934,40.837],[-73.93,40.846],[-73.923,40.855],[-73.921,40.86],[-73.916,40.862],[-73.914,40.865],[-73.911,40.87],[-73.914,40.874],[-73.919,40.875],[-73.922,40.874],[-73.925,40.877]]],[[[-73.933,40.836],[-73.931,40.84],[-73.933,40.836]]],[[[-73.902,40.887],[-73.907,40.886],[-73.912,40.881],[-73.911,40.88],[-73.913,40.877],[-73.922,40.878],[-73.92,40.876],[-73.913,40.875],[-73.909,40.872],[-73.911,40.866],[-73.915,40.861],[-73.919,40.858],[-73.921,40.855],[-73.926,40.849],[-73.926,40.845],[-73.918,40.845],[-73.913,40.848],[-73.91,40.855],[-73.906,40.859],[-73.901,40.863],[-73.897,40.867],[-73.891,40.879],[-73.888,40.884],[-73.893,40.885],[-73.9,40.887],[-73.902,40.887]]],[[[-73.873,40.838],[-73.876,40.842],[-73.881,40.847],[-73.889,40.851],[-73.892,40.853],[-73.899,40.854],[-73.901,40.856],[-73.905,40.85],[-73.909,40.847],[-73.915,40.844],[-73.918,40.84],[-73.915,40.836],[-73.92,40.832],[-73.922,40.826],[-73.917,40.825],[-73.914,40.821],[-73.914,40.818],[-73.908,40.819],[-73.903,40.816],[-73.897,40.813],[-73.889,40.821],[-73.885,40.823],[-73.884,40.827],[-73.881,40.823],[-73.873,40.824],[-73.877,40.834],[-73.873,40.838]]],[[[-73.868,40.903],[-73.877,40.906],[-73.885,40.908],[-73.898,40.912],[-73.908,40.915],[-73.912,40.91],[-73.915,40.901],[-73.921,40.887],[-73.922,40.878],[-73.912,40.878],[-73.913,40.879],[-73.91,40.884],[-73.904,40.888],[-73.897,40.886],[-73.889,40.885],[-73.89,40.88],[-73.897,40.869],[-73.901,40.863],[-73.907,40.859],[-73.913,40.852],[-73.913,40.846],[-73.908,40.847],[-73.904,40.852],[-73.898,40.857],[-73.895,40.855],[-73.89,40.852],[-73.882,40.847],[-73.876,40.842],[-73.872,40.838],[-73.864,40.841],[-73.856,40.843],[-73.853,40.848],[-73.854,40.854],[-73.858,40.861],[-73.862,40.863],[-73.866,40.863],[-73.872,40.866],[-73.871,40.874],[-73.868,40.886],[-73.87,40.897],[-73.875,40.898],[-73.868,40.903]]],[[[-73.822,40.859],[-73.82,40.862],[-73.829,40.861],[-73.835,40.858],[-73.842,40.858],[-73.85,40.859],[-73.856,40.858],[-73.856,40.853],[-73.853,40.845],[-73.854,40.843],[-73.865,40.841],[-73.872,40.838],[-73.876,40.834],[-73.874,40.824],[-73.87,40.817],[-73.865,40.814],[-73.859,40.811],[-73.853,40.81],[-73.85,40.81],[-73.851,40.814],[-73.849,40.813],[-73.845,40.813],[-73.842,40.818],[-73.841,40.823],[-73.843,40.83],[-73.84,40.834],[-73.84,40.839],[-73.839,40.833],[-73.842,40.828],[-73.839,40.823],[-73.84,40.818],[-73.84,40.812],[-73.834,40.805],[-73.832,40.81],[-73.826,40.811],[-73.821,40.813],[-73.816,40.814],[-73.809,40.813],[-73.803,40.809],[-73.797,40.806],[-73.792,40.804],[-73.791,40.807],[-73.801,40.811],[-73.805,40.813],[-73.806,40.816],[-73.802,40.813],[-73.798,40.816],[-73.804,40.818],[-73.807,40.824],[-73.812,40.824],[-73.814,40.826],[-73.811,40.828],[-73.816,40.832],[-73.816,40.839],[-73.817,40.843],[-73.814,40.843],[-73.814,40.846],[-73.816,40.849],[-73.817,40.853],[-73.816,40.861],[-73.821,40.859],[-73.822,40.859]]],[[[-73.789,40.857],[-73.792,40.857],[-73.79,40.853],[-73.791,40.849],[-73.79,40.844],[-73.787,40.84],[-73.784,40.837],[-73.781,40.839],[-73.782,40.843],[-73.782,40.846],[-73.783,40.848],[-73.784,40.852],[-73.787,40.854],[-73.789,40.857]]],[[[-73.768,40.854],[-73.768,40.857],[-73.772,40.858],[-73.771,40.85],[-73.768,40.846],[-73.769,40.851],[-73.768,40.854]]],[[[-73.784,40.861],[-73.787,40.859],[-73.784,40.861]]],[[[-73.761,40.878],[-73.763,40.877],[-73.761,40.878]]],[[[-73.769,40.888],[-73.773,40.884],[-73.771,40.88],[-73.768,40.881],[-73.768,40.884],[-73.769,40.887],[-73.769,40.888]]],[[[-73.78,40.889],[-73.786,40.885],[-73.783,40.881],[-73.781,40.884],[-73.781,40.886],[-73.78,40.889]]],[[[-73.755,40.889],[-73.758,40.888],[-73.758,40.887],[-73.754,40.887],[-73.755,40.888],[-73.755,40.889]]],[[[-73.793,40.927],[-73.798,40.926],[-73.805,40.925],[-73.807,40.926],[-73.81,40.922],[-73.812,40.916],[-73.814,40.911],[-73.814,40.904],[-73.818,40.9],[-73.82,40.896],[-73.823,40.89],[-73.822,40.887],[-73.819,40.883],[-73.82,40.878],[-73.819,40.873],[-73.821,40.87],[-73.817,40.869],[-73.815,40.867],[-73.815,40.864],[-73.81,40.862],[-73.806,40.861],[-73.804,40.857],[-73.803,40.852],[-73.8,40.848],[-73.798,40.853],[-73.796,40.856],[-73.794,40.86],[-73.793,40.865],[-73.787,40.87],[-73.783,40.871],[-73.784,40.873],[-73.788,40.871],[-73.785,40.876],[-73.787,40.879],[-73.79,40.881],[-73.794,40.878],[-73.794,40.874],[-73.798,40.872],[-73.802,40.866],[-73.806,40.868],[-73.809,40.871],[-73.804,40.869],[-73.8,40.873],[-73.797,40.877],[-73.796,40.881],[-73.793,40.884],[-73.787,40.887],[-73.788,40.888],[-73.786,40.891],[-73.786,40.889],[-73.782,40.89],[-73.781,40.893],[-73.777,40.897],[-73.774,40.901],[-73.776,40.896],[-73.779,40.891],[-73.779,40.89],[-73.776,40.89],[-73.773,40.892],[-73.769,40.895],[-73.767,40.897],[-73.765,40.901],[-73.766,40.903],[-73.768,40.907],[-73.771,40.908],[-73.773,40.908],[-73.777,40.913],[-73.782,40.916],[-73.786,40.918],[-73.79,40.922],[-73.792,40.925],[-73.793,40.927]]],[[[-73.746,41.14],[-73.757,41.145],[-73.769,41.15],[-73.775,41.151],[-73.78,41.156],[-73.788,41.159],[-73.796,41.163],[-73.809,41.17],[-73.815,41.168],[-73.819,41.162],[-73.824,41.155],[-73.826,41.151],[-73.824,41.148],[-73.822,41.143],[-73.818,41.136],[-73.82,41.13],[-73.824,41.126],[-73.827,41.122],[-73.831,41.124],[-73.835,41.121],[-73.857,41.124],[-73.865,41.125],[-73.891,41.111],[-73.895,41.079],[-73.89,41.046],[-73.894,40.997],[-73.886,40.993],[-73.887,40.988],[-73.886,40.983],[-73.889,40.977],[-73.889,40.975],[-73.891,40.968],[-73.893,40.962],[-73.897,40.957],[-73.899,40.955],[-73.9,40.949],[-73.902,40.945],[-73.902,40.94],[-73.903,40.936],[-73.905,40.933],[-73.906,40.929],[-73.907,40.923],[-73.911,40.919],[-73.908,40.915],[-73.899,40.912],[-73.888,40.909],[-73.88,40.907],[-73.874,40.905],[-73.865,40.902],[-73.859,40.901],[-73.857,40.903],[-73.855,40.906],[-73.853,40.91],[-73.847,40.915],[-73.846,40.918],[-73.846,40.921],[-73.846,40.924],[-73.849,40.927],[-73.85,40.93],[-73.857,40.933],[-73.861,40.936],[-73.861,40.937],[-73.856,40.937],[-73.852,40.943],[-73.851,40.948],[-73.847,40.954],[-73.842,40.956],[-73.84,40.963],[-73.836,40.971],[-73.832,40.977],[-73.831,40.982],[-73.83,40.986],[-73.821,40.987],[-73.814,40.988],[-73.809,40.99],[-73.806,40.995],[-73.802,41.002],[-73.798,41.008],[-73.793,41.013],[-73.788,41.019],[-73.785,41.023],[-73.789,41.027],[-73.785,41.035],[-73.779,41.038],[-73.777,41.041],[-73.775,41.046],[-73.773,41.052],[-73.772,41.056],[-73.773,41.062],[-73.774,41.066],[-73.772,41.069],[-73.768,41.071],[-73.766,41.076],[-73.765,41.082],[-73.761,41.089],[-73.756,41.092],[-73.752,41.099],[-73.75,41.107],[-73.745,41.114],[-73.74,41.118],[-73.742,41.124],[-73.745,41.128],[-73.746,41.132],[-73.745,41.138],[-73.746,41.14]]],[[[-73.835,40.935],[-73.838,40.93],[-73.841,40.928],[-73.842,40.924],[-73.845,40.922],[-73.846,40.92],[-73.846,40.917],[-73.85,40.914],[-73.855,40.908],[-73.857,40.905],[-73.859,40.902],[-73.861,40.901],[-73.868,40.903],[-73.875,40.898],[-73.871,40.897],[-73.867,40.889],[-73.871,40.879],[-73.872,40.871],[-73.87,40.865],[-73.865,40.864],[-73.861,40.863],[-73.858,40.861],[-73.853,40.858],[-73.846,40.858],[-73.838,40.858],[-73.832,40.859],[-73.826,40.86],[-73.82,40.864],[-73.824,40.87],[-73.823,40.876],[-73.821,40.883],[-73.824,40.887],[-73.825,40.889],[-73.823,40.892],[-73.819,40.897],[-73.817,40.901],[-73.814,40.906],[-73.813,40.912],[-73.811,40.917],[-73.809,40.923],[-73.806,40.925],[-73.809,40.928],[-73.815,40.929],[-73.821,40.931],[-73.83,40.934],[-73.835,40.935]]],[[[-73.624,41.148],[-73.565,41.175],[-73.525,41.193],[-73.517,41.197],[-73.52,41.209],[-73.526,41.216],[-73.534,41.226],[-73.547,41.241],[-73.555,41.249],[-73.564,41.26],[-73.577,41.259],[-73.607,41.256],[-73.619,41.255],[-73.613,41.241],[-73.606,41.226],[-73.6,41.212],[-73.592,41.196],[-73.614,41.189],[-73.628,41.185],[-73.636,41.183],[-73.647,41.18],[-73.657,41.178],[-73.686,41.17],[-73.703,41.166],[-73.71,41.162],[-73.729,41.15],[-73.738,41.145],[-73.743,41.141],[-73.746,41.137],[-73.746,41.13],[-73.745,41.126],[-73.741,41.123],[-73.74,41.116],[-73.747,41.113],[-73.75,41.104],[-73.753,41.097],[-73.757,41.091],[-73.763,41.087],[-73.765,41.08],[-73.766,41.074],[-73.768,41.071],[-73.773,41.068],[-73.774,41.066],[-73.773,41.06],[-73.772,41.054],[-73.773,41.05],[-73.775,41.044],[-73.776,41.04],[-73.781,41.038],[-73.787,41.033],[-73.787,41.026],[-73.785,41.021],[-73.789,41.017],[-73.795,41.012],[-73.799,41.006],[-73.803,41],[-73.807,40.994],[-73.81,40.989],[-73.816,40.988],[-73.824,40.986],[-73.832,40.985],[-73.831,40.98],[-73.833,40.976],[-73.837,40.969],[-73.841,40.961],[-73.842,40.954],[-73.848,40.953],[-73.85,40.946],[-73.853,40.941],[-73.857,40.937],[-73.862,40.936],[-73.859,40.935],[-73.857,40.931],[-73.848,40.93],[-73.847,40.927],[-73.844,40.924],[-73.841,40.926],[-73.84,40.93],[-73.836,40.932],[-73.831,40.934],[-73.823,40.932],[-73.815,40.93],[-73.81,40.928],[-73.805,40.925],[-73.798,40.926],[-73.793,40.927],[-73.789,40.922],[-73.786,40.919],[-73.782,40.917],[-73.777,40.914],[-73.772,40.909],[-73.771,40.907],[-73.771,40.908],[-73.771,40.911],[-73.772,40.913],[-73.771,40.915],[-73.768,40.913],[-73.763,40.913],[-73.766,40.915],[-73.763,40.914],[-73.761,40.911],[-73.76,40.913],[-73.757,40.917],[-73.754,40.915],[-73.759,40.912],[-73.761,40.908],[-73.759,40.911],[-73.754,40.913],[-73.75,40.914],[-73.748,40.917],[-73.746,40.917],[-73.743,40.919],[-73.744,40.921],[-73.744,40.924],[-73.743,40.926],[-73.743,40.927],[-73.746,40.927],[-73.746,40.93],[-73.743,40.932],[-73.744,40.928],[-73.739,40.93],[-73.737,40.931],[-73.735,40.932],[-73.736,40.931],[-73.737,40.928],[-73.732,40.931],[-73.732,40.928],[-73.735,40.926],[-73.734,40.923],[-73.731,40.928],[-73.725,40.928],[-73.723,40.93],[-73.724,40.931],[-73.723,40.934],[-73.723,40.937],[-73.722,40.939],[-73.726,40.941],[-73.731,40.941],[-73.734,40.943],[-73.735,40.945],[-73.729,40.946],[-73.732,40.949],[-73.727,40.949],[-73.728,40.948],[-73.727,40.942],[-73.722,40.942],[-73.719,40.943],[-73.715,40.945],[-73.711,40.944],[-73.706,40.945],[-73.703,40.949],[-73.701,40.946],[-73.697,40.951],[-73.694,40.956],[-73.69,40.957],[-73.691,40.955],[-73.692,40.953],[-73.694,40.947],[-73.696,40.944],[-73.698,40.939],[-73.694,40.94],[-73.693,40.942],[-73.691,40.945],[-73.688,40.944],[-73.685,40.944],[-73.684,40.944],[-73.685,40.948],[-73.686,40.95],[-73.682,40.949],[-73.682,40.954],[-73.684,40.952],[-73.684,40.955],[-73.681,40.957],[-73.677,40.961],[-73.675,40.964],[-73.671,40.966],[-73.668,40.965],[-73.663,40.966],[-73.66,40.971],[-73.659,40.975],[-73.656,40.98],[-73.662,40.983],[-73.66,40.982],[-73.66,40.977],[-73.663,40.977],[-73.664,40.98],[-73.665,40.984],[-73.664,40.986],[-73.661,40.989],[-73.658,40.991],[-73.66,40.996],[-73.659,41.004],[-73.66,41.018],[-73.665,41.023],[-73.67,41.03],[-73.675,41.036],[-73.68,41.042],[-73.688,41.052],[-73.693,41.058],[-73.703,41.069],[-73.71,41.078],[-73.719,41.089],[-73.726,41.099],[-73.713,41.108],[-73.701,41.113],[-73.686,41.12],[-73.666,41.13],[-73.654,41.135],[-73.635,41.143],[-73.624,41.148]]],[[[-73.765,40.911],[-73.766,40.909],[-73.765,40.911]]],[[[-73.699,40.937],[-73.7,40.935],[-73.699,40.937]]],[[[-73.702,40.945],[-73.704,40.944],[-73.708,40.941],[-73.706,40.938],[-73.706,40.939],[-73.706,40.942],[-73.702,40.945]]],[[[-73.888,41.129],[-73.895,41.154],[-73.922,41.186],[-73.931,41.205],[-73.965,41.221],[-73.968,41.218],[-73.973,41.218],[-73.986,41.214],[-74.011,41.219],[-74.022,41.219],[-74.029,41.22],[-74.036,41.22],[-74.043,41.22],[-74.049,41.223],[-74.054,41.226],[-74.059,41.229],[-74.065,41.23],[-74.072,41.229],[-74.079,41.23],[-74.106,41.236],[-74.124,41.223],[-74.141,41.21],[-74.182,41.182],[-74.194,41.172],[-74.214,41.158],[-74.221,41.153],[-74.213,41.134],[-74.158,41.111],[-74.114,41.091],[-74.092,41.082],[-74.025,41.052],[-73.952,41.02],[-73.912,41.001],[-73.889,41.034],[-73.895,41.07],[-73.894,41.093],[-73.888,41.129]]],[[[-73.521,41.62],[-73.543,41.618],[-73.556,41.616],[-73.575,41.614],[-73.584,41.613],[-73.613,41.61],[-73.628,41.608],[-73.629,41.62],[-73.63,41.636],[-73.631,41.648],[-73.633,41.675],[-73.634,41.685],[-73.635,41.694],[-73.636,41.701],[-73.635,41.707],[-73.634,41.715],[-73.631,41.725],[-73.63,41.745],[-73.639,41.744],[-73.658,41.741],[-73.708,41.735],[-73.728,41.733],[-73.761,41.73],[-73.792,41.726],[-73.821,41.724],[-73.839,41.725],[-73.852,41.734],[-73.879,41.736],[-73.903,41.737],[-73.922,41.737],[-73.934,41.736],[-73.942,41.727],[-73.947,41.699],[-73.943,41.684],[-73.947,41.669],[-73.948,41.653],[-73.952,41.614],[-73.957,41.59],[-73.981,41.587],[-74.004,41.585],[-74.041,41.582],[-74.054,41.583],[-74.058,41.591],[-74.063,41.599],[-74.081,41.601],[-74.094,41.604],[-74.125,41.613],[-74.132,41.604],[-74.126,41.583],[-74.146,41.586],[-74.172,41.592],[-74.185,41.594],[-74.208,41.595],[-74.239,41.602],[-74.245,41.6],[-74.245,41.595],[-74.244,41.59],[-74.249,41.582],[-74.253,41.577],[-74.266,41.558],[-74.275,41.538],[-74.282,41.53],[-74.304,41.502],[-74.284,41.491],[-74.275,41.489],[-74.266,41.49],[-74.26,41.491],[-74.253,41.495],[-74.229,41.485],[-74.219,41.481],[-74.212,41.478],[-74.203,41.475],[-74.185,41.495],[-74.167,41.513],[-74.158,41.514],[-74.132,41.509],[-74.118,41.506],[-74.09,41.5],[-74.077,41.497],[-74.042,41.49],[-74.027,41.492],[-74.02,41.491],[-74.015,41.489],[-74.009,41.488],[-73.998,41.475],[-74,41.455],[-73.981,41.437],[-73.972,41.424],[-73.969,41.42],[-73.965,41.413],[-73.963,41.406],[-73.959,41.4],[-73.95,41.398],[-73.948,41.392],[-73.951,41.386],[-73.954,41.378],[-73.957,41.37],[-73.96,41.354],[-73.963,41.345],[-73.98,41.322],[-73.959,41.324],[-73.927,41.328],[-73.914,41.329],[-73.902,41.33],[-73.883,41.332],[-73.873,41.333],[-73.846,41.336],[-73.83,41.338],[-73.805,41.34],[-73.797,41.343],[-73.796,41.355],[-73.794,41.389],[-73.791,41.404],[-73.789,41.407],[-73.784,41.41],[-73.78,41.413],[-73.777,41.418],[-73.772,41.421],[-73.768,41.424],[-73.765,41.428],[-73.788,41.429],[-73.79,41.448],[-73.79,41.476],[-73.795,41.478],[-73.803,41.476],[-73.81,41.474],[-73.818,41.468],[-73.825,41.466],[-73.829,41.462],[-73.832,41.456],[-73.838,41.453],[-73.838,41.457],[-73.837,41.498],[-73.817,41.5],[-73.808,41.501],[-73.795,41.502],[-73.765,41.505],[-73.755,41.506],[-73.716,41.51],[-73.692,41.512],[-73.683,41.513],[-73.671,41.515],[-73.645,41.519],[-73.625,41.522],[-73.613,41.523],[-73.588,41.526],[-73.572,41.526],[-73.537,41.527],[-73.527,41.561],[-73.524,41.598],[-73.522,41.611],[-73.522,41.619],[-73.521,41.62]]],[[[-73.513,41.199],[-73.494,41.208],[-73.486,41.217],[-73.501,41.236],[-73.507,41.242],[-73.532,41.273],[-73.55,41.307],[-73.548,41.334],[-73.546,41.355],[-73.545,41.367],[-73.543,41.379],[-73.541,41.404],[-73.54,41.415],[-73.538,41.43],[-73.537,41.438],[-73.536,41.447],[-73.536,41.458],[-73.535,41.466],[-73.535,41.473],[-73.534,41.48],[-73.532,41.517],[-73.537,41.527],[-73.572,41.526],[-73.588,41.526],[-73.613,41.523],[-73.625,41.522],[-73.645,41.519],[-73.671,41.515],[-73.683,41.513],[-73.692,41.512],[-73.716,41.51],[-73.755,41.506],[-73.765,41.505],[-73.795,41.502],[-73.808,41.501],[-73.817,41.5],[-73.837,41.498],[-73.838,41.457],[-73.838,41.453],[-73.832,41.456],[-73.829,41.462],[-73.825,41.466],[-73.818,41.468],[-73.81,41.474],[-73.803,41.476],[-73.795,41.478],[-73.79,41.476],[-73.79,41.448],[-73.788,41.429],[-73.765,41.428],[-73.768,41.424],[-73.772,41.421],[-73.777,41.418],[-73.78,41.413],[-73.784,41.41],[-73.789,41.407],[-73.791,41.404],[-73.794,41.389],[-73.796,41.355],[-73.797,41.343],[-73.805,41.34],[-73.83,41.338],[-73.846,41.336],[-73.873,41.333],[-73.883,41.332],[-73.902,41.33],[-73.914,41.329],[-73.927,41.328],[-73.959,41.324],[-73.98,41.322],[-73.988,41.32],[-73.998,41.313],[-74.01,41.305],[-74.026,41.293],[-74.077,41.257],[-74.078,41.23],[-74.07,41.229],[-74.064,41.231],[-74.058,41.229],[-74.054,41.225],[-74.048,41.222],[-74.042,41.22],[-74.035,41.22],[-74.028,41.22],[-74.021,41.219],[-74.006,41.218],[-73.986,41.215],[-73.973,41.219],[-73.968,41.219],[-73.964,41.221],[-73.93,41.203],[-73.917,41.178],[-73.892,41.151],[-73.887,41.129],[-73.862,41.125],[-73.848,41.123],[-73.833,41.122],[-73.829,41.122],[-73.826,41.124],[-73.822,41.127],[-73.819,41.133],[-73.82,41.138],[-73.822,41.146],[-73.825,41.148],[-73.826,41.153],[-73.822,41.159],[-73.817,41.164],[-73.813,41.171],[-73.799,41.165],[-73.792,41.162],[-73.784,41.157],[-73.777,41.154],[-73.774,41.152],[-73.766,41.149],[-73.754,41.143],[-73.743,41.142],[-73.735,41.147],[-73.727,41.151],[-73.709,41.163],[-73.699,41.167],[-73.684,41.171],[-73.656,41.178],[-73.646,41.181],[-73.635,41.183],[-73.626,41.186],[-73.613,41.189],[-73.593,41.198],[-73.6,41.214],[-73.607,41.228],[-73.613,41.242],[-73.62,41.255],[-73.602,41.257],[-73.576,41.259],[-73.561,41.257],[-73.554,41.248],[-73.546,41.24],[-73.532,41.223],[-73.526,41.215],[-73.519,41.208],[-73.513,41.199]]],[[[-73.521,41.62],[-73.521,41.632],[-73.52,41.644],[-73.518,41.669],[-73.517,41.688],[-73.516,41.696],[-73.514,41.721],[-73.512,41.739],[-73.511,41.753],[-73.51,41.768],[-73.509,41.779],[-73.508,41.797],[-73.506,41.813],[-73.505,41.822],[-73.504,41.836],[-73.503,41.847],[-73.502,41.857],[-73.501,41.868],[-73.5,41.882],[-73.499,41.892],[-73.498,41.911],[-73.496,41.928],[-73.495,41.941],[-73.492,41.975],[-73.491,41.991],[-73.49,42.001],[-73.489,42.013],[-73.489,42.025],[-73.494,42.05],[-73.508,42.085],[-73.501,42.108],[-73.495,42.123],[-73.489,42.139],[-73.48,42.163],[-73.477,42.173],[-73.463,42.209],[-73.455,42.231],[-73.448,42.252],[-73.432,42.295],[-73.414,42.342],[-73.406,42.364],[-73.402,42.376],[-73.389,42.412],[-73.379,42.437],[-73.369,42.465],[-73.359,42.491],[-73.353,42.507],[-73.379,42.508],[-73.442,42.501],[-73.463,42.499],[-73.493,42.496],[-73.51,42.494],[-73.523,42.492],[-73.536,42.49],[-73.554,42.488],[-73.576,42.485],[-73.59,42.484],[-73.616,42.481],[-73.633,42.48],[-73.658,42.477],[-73.69,42.474],[-73.729,42.47],[-73.761,42.466],[-73.771,42.465],[-73.779,42.465],[-73.8,42.462],[-73.837,42.459],[-73.872,42.453],[-73.886,42.452],[-73.901,42.449],[-73.919,42.447],[-73.933,42.445],[-73.959,42.442],[-73.976,42.44],[-73.996,42.438],[-74.029,42.434],[-74.076,42.429],[-74.117,42.424],[-74.138,42.422],[-74.165,42.418],[-74.202,42.414],[-74.245,42.409],[-74.248,42.387],[-74.248,42.379],[-74.258,42.379],[-74.265,42.375],[-74.27,42.368],[-74.281,42.363],[-74.29,42.361],[-74.3,42.362],[-74.31,42.359],[-74.32,42.361],[-74.329,42.357],[-74.338,42.358],[-74.347,42.356],[-74.355,42.361],[-74.363,42.367],[-74.375,42.37],[-74.419,42.362],[-74.444,42.355],[-74.436,42.339],[-74.443,42.329],[-74.472,42.29],[-74.486,42.271],[-74.51,42.238],[-74.516,42.23],[-74.504,42.188],[-74.466,42.175],[-74.479,42.156],[-74.492,42.151],[-74.504,42.145],[-74.54,42.137],[-74.546,42.126],[-74.5,42.106],[-74.475,42.072],[-74.496,42.035],[-74.392,41.98],[-74.325,41.981],[-74.296,42.01],[-74.269,42.02],[-74.264,42.021],[-74.259,42.019],[-74.254,42.02],[-74.249,42.012],[-74.186,41.997],[-74.176,41.981],[-74.166,41.949],[-74.132,41.93],[-74.091,41.907],[-74.085,41.891],[-74.107,41.858],[-74.121,41.834],[-74.125,41.826],[-74.121,41.814],[-74.117,41.798],[-74.125,41.789],[-74.135,41.78],[-74.14,41.776],[-74.157,41.761],[-74.169,41.749],[-74.148,41.736],[-74.123,41.721],[-74.111,41.715],[-74.097,41.703],[-74.095,41.684],[-74.113,41.691],[-74.129,41.669],[-74.142,41.643],[-74.139,41.637],[-74.127,41.63],[-74.135,41.616],[-74.108,41.609],[-74.092,41.602],[-74.074,41.604],[-74.06,41.595],[-74.055,41.587],[-74.051,41.581],[-74.035,41.582],[-73.991,41.586],[-73.978,41.587],[-73.953,41.595],[-73.951,41.633],[-73.947,41.66],[-73.945,41.677],[-73.943,41.688],[-73.945,41.711],[-73.936,41.736],[-73.929,41.737],[-73.909,41.737],[-73.898,41.737],[-73.87,41.736],[-73.848,41.732],[-73.84,41.723],[-73.81,41.724],[-73.781,41.727],[-73.747,41.731],[-73.718,41.734],[-73.694,41.737],[-73.645,41.743],[-73.636,41.744],[-73.63,41.732],[-73.633,41.719],[-73.634,41.712],[-73.636,41.705],[-73.635,41.698],[-73.635,41.691],[-73.634,41.68],[-73.632,41.663],[-73.63,41.643],[-73.629,41.625],[-73.629,41.615],[-73.623,41.609],[-73.608,41.611],[-73.581,41.614],[-73.57,41.615],[-73.552,41.617],[-73.534,41.618],[-73.521,41.62]]],[[[-74.245,41.604],[-74.251,41.615],[-74.264,41.633],[-74.269,41.629],[-74.275,41.626],[-74.281,41.625],[-74.288,41.621],[-74.292,41.618],[-74.297,41.619],[-74.305,41.616],[-74.305,41.611],[-74.309,41.61],[-74.314,41.61],[-74.317,41.605],[-74.324,41.603],[-74.33,41.601],[-74.334,41.597],[-74.34,41.595],[-74.343,41.597],[-74.351,41.599],[-74.352,41.595],[-74.354,41.592],[-74.36,41.592],[-74.367,41.591],[-74.373,41.588],[-74.379,41.586],[-74.385,41.584],[-74.389,41.585],[-74.391,41.582],[-74.396,41.579],[-74.399,41.575],[-74.405,41.573],[-74.409,41.575],[-74.408,41.571],[-74.412,41.569],[-74.416,41.57],[-74.419,41.565],[-74.422,41.563],[-74.426,41.559],[-74.429,41.557],[-74.43,41.556],[-74.434,41.554],[-74.435,41.548],[-74.439,41.547],[-74.439,41.543],[-74.444,41.544],[-74.444,41.541],[-74.447,41.536],[-74.452,41.533],[-74.456,41.531],[-74.458,41.528],[-74.46,41.525],[-74.466,41.523],[-74.466,41.517],[-74.471,41.514],[-74.473,41.511],[-74.474,41.508],[-74.476,41.506],[-74.479,41.504],[-74.486,41.504],[-74.493,41.504],[-74.504,41.504],[-74.531,41.502],[-74.556,41.501],[-74.593,41.499],[-74.621,41.498],[-74.665,41.497],[-74.74,41.494],[-74.755,41.491],[-74.761,41.49],[-74.76,41.484],[-74.756,41.48],[-74.754,41.475],[-74.753,41.47],[-74.751,41.465],[-74.756,41.461],[-74.76,41.458],[-74.76,41.452],[-74.762,41.444],[-74.756,41.435],[-74.754,41.43],[-74.754,41.425],[-74.746,41.43],[-74.739,41.431],[-74.735,41.426],[-74.736,41.42],[-74.739,41.414],[-74.742,41.409],[-74.74,41.403],[-74.736,41.398],[-74.73,41.396],[-74.722,41.395],[-74.717,41.393],[-74.712,41.388],[-74.71,41.381],[-74.705,41.376],[-74.696,41.371],[-74.69,41.366],[-74.692,41.36],[-74.691,41.356],[-74.671,41.346],[-74.617,41.322],[-74.564,41.298],[-74.537,41.285],[-74.468,41.253],[-74.45,41.245],[-74.419,41.23],[-74.368,41.203],[-74.314,41.178],[-74.251,41.15],[-74.227,41.148],[-74.214,41.157],[-74.201,41.167],[-74.182,41.181],[-74.142,41.21],[-74.125,41.222],[-74.108,41.234],[-74.076,41.257],[-74.026,41.294],[-74.008,41.306],[-73.996,41.315],[-73.987,41.321],[-73.965,41.343],[-73.96,41.351],[-73.959,41.364],[-73.955,41.377],[-73.952,41.383],[-73.949,41.39],[-73.948,41.397],[-73.957,41.4],[-73.963,41.404],[-73.963,41.411],[-73.968,41.419],[-73.971,41.423],[-73.975,41.429],[-73.995,41.45],[-73.999,41.462],[-74,41.487],[-74.013,41.488],[-74.018,41.491],[-74.025,41.492],[-74.034,41.494],[-74.069,41.496],[-74.085,41.499],[-74.116,41.506],[-74.125,41.507],[-74.145,41.511],[-74.163,41.515],[-74.178,41.504],[-74.196,41.483],[-74.209,41.477],[-74.218,41.481],[-74.225,41.483],[-74.243,41.49],[-74.258,41.493],[-74.264,41.49],[-74.273,41.489],[-74.278,41.488],[-74.303,41.501],[-74.286,41.524],[-74.276,41.532],[-74.271,41.552],[-74.253,41.577],[-74.25,41.581],[-74.247,41.587],[-74.245,41.593],[-74.243,41.6],[-74.245,41.604]]],[[[-73.353,42.51],[-73.344,42.534],[-73.326,42.582],[-73.312,42.62],[-73.294,42.667],[-73.278,42.71],[-73.265,42.745],[-73.281,42.764],[-73.29,42.8],[-73.286,42.809],[-73.284,42.815],[-73.285,42.834],[-73.278,42.84],[-73.277,42.87],[-73.276,42.899],[-73.275,42.931],[-73.274,42.944],[-73.273,42.961],[-73.273,42.974],[-73.272,43],[-73.27,43.03],[-73.266,43.084],[-73.264,43.115],[-73.263,43.145],[-73.26,43.19],[-73.259,43.229],[-73.257,43.25],[-73.255,43.288],[-73.255,43.316],[-73.254,43.336],[-73.253,43.358],[-73.252,43.375],[-73.251,43.4],[-73.25,43.426],[-73.249,43.455],[-73.248,43.495],[-73.248,43.517],[-73.247,43.522],[-73.245,43.527],[-73.242,43.532],[-73.244,43.536],[-73.247,43.541],[-73.249,43.545],[-73.249,43.549],[-73.25,43.552],[-73.254,43.557],[-73.256,43.562],[-73.26,43.566],[-73.264,43.568],[-73.267,43.569],[-73.268,43.57],[-73.269,43.572],[-73.276,43.573],[-73.279,43.574],[-73.282,43.578],[-73.29,43.578],[-73.296,43.578],[-73.293,43.583],[-73.297,43.587],[-73.293,43.592],[-73.292,43.599],[-73.293,43.604],[-73.298,43.609],[-73.302,43.609],[-73.3,43.618],[-73.302,43.623],[-73.307,43.628],[-73.313,43.625],[-73.319,43.628],[-73.325,43.627],[-73.32,43.588],[-73.311,43.538],[-73.307,43.487],[-73.334,43.484],[-73.365,43.481],[-73.374,43.474],[-73.368,43.444],[-73.372,43.418],[-73.41,43.414],[-73.456,43.409],[-73.47,43.407],[-73.485,43.404],[-73.487,43.399],[-73.486,43.395],[-73.481,43.366],[-73.477,43.345],[-73.474,43.324],[-73.479,43.303],[-73.51,43.3],[-73.522,43.299],[-73.535,43.297],[-73.566,43.294],[-73.582,43.292],[-73.591,43.291],[-73.599,43.282],[-73.6,43.268],[-73.588,43.261],[-73.592,43.249],[-73.597,43.243],[-73.594,43.233],[-73.586,43.227],[-73.582,43.219],[-73.58,43.212],[-73.582,43.204],[-73.586,43.193],[-73.582,43.188],[-73.582,43.182],[-73.589,43.173],[-73.587,43.166],[-73.584,43.163],[-73.58,43.156],[-73.584,43.149],[-73.588,43.143],[-73.591,43.136],[-73.588,43.129],[-73.585,43.123],[-73.576,43.117],[-73.576,43.108],[-73.573,43.099],[-73.578,43.09],[-73.576,43.08],[-73.582,43.072],[-73.578,43.059],[-73.584,43.051],[-73.587,43.042],[-73.591,43.029],[-73.593,43.015],[-73.599,43.006],[-73.608,42.995],[-73.612,42.98],[-73.631,42.971],[-73.629,42.961],[-73.631,42.947],[-73.636,42.941],[-73.649,42.939],[-73.66,42.933],[-73.663,42.927],[-73.667,42.923],[-73.679,42.911],[-73.684,42.899],[-73.684,42.892],[-73.681,42.884],[-73.676,42.879],[-73.674,42.867],[-73.672,42.85],[-73.666,42.833],[-73.66,42.819],[-73.665,42.8],[-73.674,42.789],[-73.68,42.784],[-73.685,42.778],[-73.691,42.776],[-73.709,42.787],[-73.714,42.797],[-73.72,42.805],[-73.721,42.812],[-73.727,42.823],[-73.739,42.817],[-73.766,42.787],[-73.782,42.792],[-73.808,42.779],[-73.813,42.775],[-73.834,42.772],[-73.868,42.768],[-73.88,42.767],[-73.893,42.765],[-73.909,42.763],[-73.933,42.76],[-73.923,42.754],[-73.903,42.743],[-73.893,42.737],[-73.865,42.721],[-73.834,42.703],[-73.823,42.696],[-73.805,42.689],[-73.792,42.688],[-73.782,42.683],[-73.773,42.683],[-73.765,42.676],[-73.759,42.682],[-73.745,42.68],[-73.732,42.676],[-73.729,42.665],[-73.747,42.646],[-73.752,42.632],[-73.762,42.604],[-73.752,42.568],[-73.757,42.544],[-73.764,42.521],[-73.777,42.504],[-73.785,42.487],[-73.786,42.473],[-73.781,42.464],[-73.772,42.465],[-73.761,42.466],[-73.719,42.471],[-73.688,42.474],[-73.652,42.477],[-73.629,42.48],[-73.595,42.483],[-73.577,42.485],[-73.554,42.488],[-73.534,42.491],[-73.52,42.492],[-73.502,42.495],[-73.468,42.498],[-73.446,42.501],[-73.397,42.506],[-73.353,42.51]]],[[[-73.595,43.291],[-73.589,43.298],[-73.596,43.306],[-73.616,43.305],[-73.624,43.304],[-73.635,43.307],[-73.642,43.305],[-73.652,43.29],[-73.668,43.292],[-73.669,43.28],[-73.676,43.264],[-73.693,43.283],[-73.697,43.278],[-73.706,43.279],[-73.711,43.274],[-73.721,43.273],[-73.728,43.271],[-73.736,43.268],[-73.74,43.262],[-73.738,43.254],[-73.742,43.248],[-73.747,43.24],[-73.754,43.235],[-73.76,43.232],[-73.763,43.225],[-73.77,43.223],[-73.776,43.228],[-73.781,43.236],[-73.793,43.246],[-73.806,43.251],[-73.814,43.251],[-73.82,43.249],[-73.827,43.246],[-73.834,43.249],[-73.835,43.264],[-73.825,43.279],[-73.827,43.289],[-73.825,43.297],[-73.827,43.306],[-73.837,43.307],[-73.841,43.314],[-73.843,43.319],[-73.853,43.325],[-73.859,43.33],[-73.854,43.336],[-73.865,43.346],[-73.866,43.355],[-73.875,43.361],[-73.873,43.368],[-73.872,43.375],[-73.873,43.381],[-73.876,43.386],[-73.879,43.39],[-73.882,43.395],[-73.905,43.396],[-73.976,43.389],[-74.022,43.385],[-74.073,43.38],[-74.157,43.351],[-74.146,43.29],[-74.141,43.261],[-74.138,43.243],[-74.136,43.229],[-74.133,43.21],[-74.13,43.191],[-74.128,43.177],[-74.127,43.168],[-74.124,43.152],[-74.12,43.126],[-74.117,43.107],[-74.114,43.09],[-74.112,43.075],[-74.108,43.051],[-74.105,43.029],[-74.103,43.016],[-74.101,43.008],[-74.099,42.995],[-74.097,42.976],[-74.095,42.965],[-74.087,42.955],[-74.057,42.953],[-74.043,42.949],[-74.024,42.941],[-74.017,42.938],[-74.008,42.935],[-73.999,42.93],[-73.993,42.926],[-73.977,42.916],[-73.964,42.902],[-73.95,42.899],[-73.938,42.904],[-73.926,42.908],[-73.904,42.911],[-73.902,42.897],[-73.901,42.888],[-73.899,42.873],[-73.896,42.851],[-73.911,42.846],[-73.921,42.841],[-73.936,42.827],[-73.949,42.82],[-73.953,42.812],[-73.965,42.807],[-73.974,42.809],[-73.974,42.794],[-73.963,42.79],[-73.952,42.789],[-73.944,42.788],[-73.931,42.789],[-73.923,42.789],[-73.92,42.783],[-73.912,42.768],[-73.895,42.765],[-73.883,42.766],[-73.873,42.767],[-73.852,42.77],[-73.827,42.773],[-73.81,42.775],[-73.8,42.779],[-73.782,42.792],[-73.767,42.786],[-73.75,42.801],[-73.732,42.821],[-73.724,42.821],[-73.717,42.809],[-73.721,42.803],[-73.712,42.796],[-73.709,42.787],[-73.694,42.777],[-73.687,42.777],[-73.681,42.782],[-73.676,42.785],[-73.673,42.795],[-73.662,42.802],[-73.661,42.822],[-73.666,42.833],[-73.672,42.846],[-73.675,42.862],[-73.673,42.876],[-73.679,42.882],[-73.682,42.887],[-73.684,42.893],[-73.684,42.901],[-73.679,42.911],[-73.668,42.923],[-73.664,42.926],[-73.661,42.931],[-73.653,42.937],[-73.644,42.939],[-73.635,42.942],[-73.63,42.949],[-73.629,42.961],[-73.631,42.97],[-73.62,42.977],[-73.609,42.983],[-73.605,43.001],[-73.596,43.009],[-73.591,43.021],[-73.592,43.032],[-73.587,43.042],[-73.586,43.05],[-73.578,43.056],[-73.581,43.067],[-73.578,43.077],[-73.576,43.084],[-73.578,43.092],[-73.573,43.1],[-73.576,43.108],[-73.576,43.116],[-73.583,43.121],[-73.586,43.128],[-73.59,43.133],[-73.591,43.139],[-73.587,43.145],[-73.583,43.149],[-73.58,43.156],[-73.584,43.162],[-73.585,43.167],[-73.59,43.17],[-73.584,43.176],[-73.581,43.184],[-73.582,43.19],[-73.585,43.194],[-73.582,43.204],[-73.58,43.211],[-73.581,43.217],[-73.585,43.224],[-73.591,43.231],[-73.597,43.239],[-73.597,43.245],[-73.591,43.25],[-73.588,43.261],[-73.6,43.269],[-73.6,43.279],[-73.595,43.291]]],[[[-73.351,45.006],[-73.352,45.011],[-73.371,45.01],[-73.414,45.01],[-73.446,45.009],[-73.484,45.008],[-73.517,45.007],[-73.553,45.006],[-73.588,45.005],[-73.619,45.004],[-73.657,45.003],[-73.706,45.003],[-73.746,45.003],[-73.781,45.003],[-73.815,45.002],[-73.893,45.001],[-73.939,44.999],[-73.968,44.998],[-74.007,44.996],[-74.04,44.995],[-74.086,44.994],[-74.144,44.992],[-74.154,44.991],[-74.175,44.992],[-74.208,44.992],[-74.243,44.992],[-74.302,44.992],[-74.32,44.992],[-74.344,44.992],[-74.372,44.994],[-74.412,44.995],[-74.441,44.996],[-74.462,44.997],[-74.493,44.998],[-74.511,44.998],[-74.539,44.998],[-74.552,44.999],[-74.58,44.999],[-74.6,44.999],[-74.62,44.999],[-74.652,44.999],[-74.665,44.997],[-74.67,44.994],[-74.677,44.995],[-74.683,44.993],[-74.692,44.991],[-74.697,44.993],[-74.703,44.993],[-74.709,44.996],[-74.714,44.996],[-74.723,44.993],[-74.727,44.99],[-74.728,44.989],[-74.735,44.988],[-74.742,44.986],[-74.747,44.986],[-74.752,44.986],[-74.759,44.986],[-74.763,44.986],[-74.769,44.986],[-74.767,44.99],[-74.767,44.995],[-74.764,45.002],[-74.771,45.002],[-74.777,45],[-74.783,45],[-74.789,45.001],[-74.794,44.999],[-74.8,44.999],[-74.803,44.997],[-74.809,44.997],[-74.815,44.996],[-74.819,44.992],[-74.823,44.988],[-74.829,44.988],[-74.834,44.993],[-74.839,44.996],[-74.846,44.995],[-74.852,44.993],[-74.856,44.993],[-74.862,44.993],[-74.866,44.99],[-74.871,44.988],[-74.873,44.985],[-74.872,44.978],[-74.868,44.981],[-74.863,44.985],[-74.859,44.982],[-74.858,44.981],[-74.855,44.981],[-74.854,44.979],[-74.856,44.976],[-74.864,44.974],[-74.873,44.969],[-74.883,44.968],[-74.892,44.971],[-74.9,44.97],[-74.903,44.967],[-74.91,44.969],[-74.917,44.966],[-74.921,44.963],[-74.924,44.96],[-74.925,44.956],[-74.926,44.958],[-74.929,44.955],[-74.931,44.956],[-74.931,44.952],[-74.936,44.951],[-74.942,44.949],[-74.946,44.946],[-74.954,44.949],[-74.956,44.953],[-74.961,44.951],[-74.964,44.953],[-74.966,44.951],[-74.966,44.955],[-74.966,44.958],[-74.971,44.957],[-74.976,44.954],[-74.98,44.952],[-74.985,44.95],[-74.988,44.943],[-74.991,44.938],[-74.996,44.938],[-75.001,44.937],[-75.004,44.931],[-75.008,44.93],[-75.014,44.932],[-75.013,44.935],[-75.012,44.937],[-75.017,44.938],[-75.022,44.94],[-75.025,44.938],[-75.031,44.939],[-75.036,44.934],[-75.04,44.933],[-75.045,44.93],[-75.048,44.93],[-75.054,44.931],[-75.057,44.927],[-75.059,44.924],[-75.064,44.924],[-75.065,44.92],[-75.075,44.921],[-75.08,44.925],[-75.084,44.921],[-75.088,44.918],[-75.091,44.916],[-75.098,44.914],[-75.103,44.912],[-75.107,44.908],[-75.11,44.907],[-75.109,44.901],[-75.105,44.898],[-75.104,44.897],[-75.11,44.899],[-75.113,44.897],[-75.113,44.892],[-75.118,44.889],[-75.121,44.89],[-75.117,44.891],[-75.12,44.895],[-75.126,44.896],[-75.13,44.895],[-75.135,44.892],[-75.135,44.894],[-75.14,44.893],[-75.144,44.89],[-75.148,44.891],[-75.149,44.887],[-75.153,44.885],[-75.156,44.885],[-75.162,44.882],[-75.158,44.882],[-75.159,44.878],[-75.16,44.875],[-75.163,44.87],[-75.163,44.866],[-75.164,44.869],[-75.163,44.875],[-75.162,44.876],[-75.163,44.88],[-75.17,44.879],[-75.178,44.875],[-75.184,44.873],[-75.187,44.873],[-75.192,44.873],[-75.192,44.869],[-75.194,44.868],[-75.2,44.868],[-75.206,44.865],[-75.212,44.863],[-75.218,44.861],[-75.224,44.859],[-75.232,44.856],[-75.238,44.855],[-75.242,44.856],[-75.25,44.856],[-75.248,44.854],[-75.243,44.854],[-75.248,44.852],[-75.254,44.851],[-75.26,44.852],[-75.263,44.848],[-75.266,44.843],[-75.269,44.839],[-75.272,44.834],[-75.275,44.833],[-75.281,44.832],[-75.281,44.834],[-75.281,44.834],[-75.275,44.837],[-75.271,44.843],[-75.267,44.847],[-75.267,44.85],[-75.278,44.847],[-75.282,44.842],[-75.289,44.84],[-75.295,44.838],[-75.299,44.835],[-75.299,44.828],[-75.294,44.829],[-75.292,44.827],[-75.291,44.825],[-75.297,44.823],[-75.302,44.819],[-75.307,44.816],[-75.311,44.813],[-75.31,44.815],[-75.315,44.815],[-75.32,44.812],[-75.32,44.807],[-75.325,44.805],[-75.328,44.803],[-75.331,44.802],[-75.334,44.801],[-75.34,44.802],[-75.348,44.797],[-75.356,44.789],[-75.358,44.782],[-75.363,44.778],[-75.367,44.776],[-75.371,44.771],[-75.374,44.767],[-75.379,44.765],[-75.384,44.763],[-75.387,44.76],[-75.392,44.757],[-75.394,44.757],[-75.4,44.755],[-75.409,44.749],[-75.413,44.746],[-75.417,44.743],[-75.421,44.74],[-75.427,44.735],[-75.431,44.733],[-75.434,44.73],[-75.432,44.724],[-75.429,44.714],[-75.445,44.711],[-75.419,44.68],[-75.388,44.649],[-75.375,44.636],[-75.366,44.626],[-75.357,44.617],[-75.349,44.608],[-75.341,44.599],[-75.323,44.58],[-75.289,44.544],[-75.254,44.507],[-75.229,44.48],[-75.202,44.488],[-75.195,44.491],[-75.179,44.499],[-75.163,44.507],[-75.152,44.513],[-75.142,44.517],[-75.135,44.521],[-75.118,44.529],[-75.089,44.497],[-75.085,44.467],[-75.037,44.462],[-75,44.463],[-74.941,44.459],[-74.931,44.379],[-74.927,44.357],[-74.921,44.308],[-74.921,44.263],[-74.969,44.26],[-75.049,44.255],[-75.043,44.226],[-75.038,44.195],[-75.031,44.159],[-75.007,44.155],[-74.982,44.156],[-74.92,44.159],[-74.897,44.15],[-74.892,44.097],[-74.86,44.07],[-74.768,44.078],[-74.707,44.083],[-74.691,44.084],[-74.635,44.09],[-74.583,44.095],[-74.525,44.1],[-74.481,44.103],[-74.418,44.109],[-74.342,44.115],[-74.324,44.117],[-74.303,44.119],[-74.293,44.12],[-74.278,44.097],[-74.276,44.085],[-74.272,44.06],[-74.267,44.035],[-74.264,44.018],[-74.262,44.002],[-74.26,43.995],[-74.258,43.983],[-74.303,43.944],[-74.304,43.894],[-74.275,43.868],[-74.25,43.844],[-74.223,43.82],[-74.21,43.813],[-74.205,43.818],[-74.194,43.822],[-74.178,43.824],[-74.16,43.828],[-74.148,43.829],[-74.139,43.819],[-74.133,43.818],[-74.124,43.813],[-74.116,43.809],[-74.103,43.805],[-74.096,43.806],[-74.089,43.805],[-74.083,43.808],[-74.073,43.803],[-74.052,43.798],[-74.048,43.793],[-74.051,43.787],[-74.046,43.781],[-74.05,43.775],[-74.055,43.761],[-74.058,43.752],[-74.057,43.745],[-74.125,43.738],[-74.2,43.73],[-74.212,43.714],[-74.208,43.685],[-74.204,43.657],[-74.199,43.63],[-74.182,43.514],[-74.175,43.474],[-74.171,43.445],[-74.164,43.399],[-74.16,43.374],[-74.027,43.384],[-74.001,43.387],[-73.939,43.393],[-73.884,43.398],[-73.88,43.393],[-73.878,43.388],[-73.874,43.384],[-73.873,43.378],[-73.871,43.371],[-73.875,43.365],[-73.871,43.358],[-73.864,43.352],[-73.859,43.343],[-73.857,43.334],[-73.857,43.327],[-73.85,43.324],[-73.842,43.317],[-73.84,43.312],[-73.834,43.305],[-73.825,43.304],[-73.826,43.293],[-73.828,43.285],[-73.826,43.276],[-73.836,43.254],[-73.831,43.248],[-73.824,43.246],[-73.819,43.251],[-73.811,43.251],[-73.803,43.25],[-73.788,43.243],[-73.778,43.233],[-73.773,43.225],[-73.766,43.222],[-73.763,43.228],[-73.758,43.233],[-73.751,43.237],[-73.744,43.243],[-73.74,43.25],[-73.738,43.257],[-73.74,43.265],[-73.732,43.27],[-73.725,43.272],[-73.716,43.273],[-73.708,43.276],[-73.703,43.279],[-73.695,43.28],[-73.682,43.27],[-73.662,43.272],[-73.676,43.287],[-73.66,43.291],[-73.642,43.294],[-73.639,43.306],[-73.632,43.306],[-73.621,43.305],[-73.604,43.307],[-73.593,43.305],[-73.591,43.296],[-73.591,43.291],[-73.584,43.292],[-73.574,43.293],[-73.544,43.296],[-73.53,43.298],[-73.518,43.299],[-73.507,43.3],[-73.474,43.303],[-73.474,43.324],[-73.476,43.34],[-73.48,43.358],[-73.486,43.39],[-73.484,43.398],[-73.488,43.401],[-73.485,43.404],[-73.468,43.407],[-73.456,43.409],[-73.411,43.413],[-73.395,43.415],[-73.366,43.429],[-73.37,43.456],[-73.375,43.478],[-73.355,43.482],[-73.324,43.485],[-73.307,43.487],[-73.311,43.537],[-73.319,43.585],[-73.329,43.626],[-73.334,43.627],[-73.34,43.625],[-73.346,43.625],[-73.35,43.622],[-73.355,43.626],[-73.364,43.624],[-73.372,43.624],[-73.374,43.615],[-73.375,43.61],[-73.373,43.605],[-73.377,43.6],[-73.381,43.598],[-73.383,43.596],[-73.383,43.591],[-73.387,43.589],[-73.383,43.586],[-73.383,43.579],[-73.387,43.575],[-73.391,43.572],[-73.396,43.568],[-73.399,43.567],[-73.398,43.561],[-73.401,43.559],[-73.403,43.564],[-73.404,43.57],[-73.411,43.574],[-73.419,43.579],[-73.426,43.582],[-73.423,43.578],[-73.427,43.574],[-73.427,43.569],[-73.43,43.562],[-73.435,43.557],[-73.44,43.555],[-73.443,43.553],[-73.447,43.548],[-73.452,43.548],[-73.457,43.546],[-73.464,43.542],[-73.468,43.539],[-73.471,43.537],[-73.471,43.535],[-73.476,43.535],[-73.481,43.534],[-73.486,43.532],[-73.484,43.535],[-73.479,43.538],[-73.475,43.542],[-73.472,43.544],[-73.466,43.547],[-73.461,43.549],[-73.455,43.551],[-73.452,43.556],[-73.454,43.557],[-73.453,43.56],[-73.451,43.559],[-73.446,43.56],[-73.445,43.564],[-73.44,43.565],[-73.441,43.566],[-73.437,43.57],[-73.442,43.571],[-73.44,43.573],[-73.438,43.573],[-73.433,43.574],[-73.435,43.577],[-73.435,43.578],[-73.435,43.581],[-73.436,43.582],[-73.432,43.583],[-73.428,43.583],[-73.432,43.59],[-73.426,43.599],[-73.422,43.616],[-73.425,43.63],[-73.424,43.626],[-73.43,43.631],[-73.429,43.636],[-73.432,43.64],[-73.431,43.644],[-73.426,43.649],[-73.42,43.653],[-73.416,43.659],[-73.42,43.656],[-73.414,43.661],[-73.411,43.666],[-73.412,43.669],[-73.409,43.674],[-73.406,43.683],[-73.405,43.691],[-73.4,43.694],[-73.397,43.698],[-73.395,43.703],[-73.393,43.709],[-73.391,43.714],[-73.384,43.716],[-73.379,43.72],[-73.375,43.725],[-73.371,43.728],[-73.374,43.733],[-73.374,43.74],[-73.371,43.746],[-73.369,43.751],[-73.367,43.756],[-73.365,43.762],[-73.362,43.77],[-73.364,43.776],[-73.365,43.782],[-73.367,43.788],[-73.372,43.791],[-73.375,43.796],[-73.379,43.799],[-73.382,43.803],[-73.385,43.806],[-73.388,43.809],[-73.394,43.811],[-73.4,43.816],[-73.399,43.822],[-73.4,43.828],[-73.399,43.832],[-73.396,43.835],[-73.398,43.837],[-73.398,43.841],[-73.394,43.835],[-73.389,43.84],[-73.384,43.84],[-73.382,43.843],[-73.379,43.848],[-73.381,43.849],[-73.385,43.852],[-73.385,43.854],[-73.387,43.859],[-73.387,43.864],[-73.387,43.869],[-73.386,43.873],[-73.387,43.877],[-73.391,43.881],[-73.388,43.887],[-73.39,43.892],[-73.396,43.894],[-73.398,43.899],[-73.401,43.903],[-73.411,43.904],[-73.415,43.91],[-73.411,43.915],[-73.413,43.921],[-73.417,43.926],[-73.417,43.931],[-73.413,43.935],[-73.416,43.94],[-73.414,43.945],[-73.413,43.947],[-73.413,43.948],[-73.41,43.951],[-73.413,43.956],[-73.411,43.959],[-73.412,43.964],[-73.414,43.967],[-73.416,43.971],[-73.42,43.976],[-73.419,43.981],[-73.418,43.983],[-73.421,43.986],[-73.42,43.99],[-73.418,43.995],[-73.414,43.998],[-73.416,44.001],[-73.415,44.005],[-73.417,44.01],[-73.418,44.015],[-73.418,44.022],[-73.418,44.026],[-73.421,44.03],[-73.426,44.03],[-73.432,44.031],[-73.435,44.03],[-73.442,44.03],[-73.436,44.026],[-73.436,44.021],[-73.435,44.017],[-73.435,44.009],[-73.442,44.004],[-73.444,44.003],[-73.451,44.001],[-73.451,44.007],[-73.451,44.012],[-73.456,44.016],[-73.456,44.023],[-73.46,44.03],[-73.458,44.034],[-73.458,44.039],[-73.456,44.043],[-73.455,44.048],[-73.451,44.05],[-73.453,44.053],[-73.45,44.059],[-73.45,44.065],[-73.449,44.071],[-73.446,44.077],[-73.445,44.083],[-73.445,44.089],[-73.444,44.095],[-73.446,44.1],[-73.441,44.103],[-73.435,44.107],[-73.432,44.112],[-73.429,44.113],[-73.427,44.118],[-73.426,44.124],[-73.426,44.131],[-73.427,44.137],[-73.426,44.14],[-73.424,44.142],[-73.42,44.143],[-73.417,44.144],[-73.413,44.144],[-73.411,44.149],[-73.407,44.153],[-73.404,44.155],[-73.406,44.158],[-73.405,44.16],[-73.403,44.164],[-73.409,44.168],[-73.415,44.169],[-73.421,44.173],[-73.425,44.177],[-73.429,44.181],[-73.433,44.186],[-73.433,44.191],[-73.428,44.193],[-73.424,44.194],[-73.42,44.197],[-73.413,44.197],[-73.408,44.198],[-73.402,44.197],[-73.399,44.2],[-73.394,44.199],[-73.392,44.2],[-73.388,44.201],[-73.384,44.204],[-73.383,44.206],[-73.377,44.206],[-73.374,44.21],[-73.372,44.211],[-73.367,44.215],[-73.364,44.219],[-73.36,44.223],[-73.363,44.228],[-73.358,44.231],[-73.358,44.236],[-73.353,44.237],[-73.352,44.241],[-73.347,44.242],[-73.343,44.246],[-73.339,44.249],[-73.334,44.251],[-73.33,44.256],[-73.327,44.259],[-73.324,44.261],[-73.323,44.265],[-73.322,44.269],[-73.325,44.269],[-73.333,44.268],[-73.342,44.268],[-73.35,44.273],[-73.349,44.279],[-73.347,44.285],[-73.346,44.29],[-73.349,44.295],[-73.35,44.299],[-73.348,44.305],[-73.349,44.308],[-73.351,44.311],[-73.348,44.314],[-73.346,44.32],[-73.347,44.327],[-73.35,44.333],[-73.355,44.338],[-73.358,44.342],[-73.359,44.349],[-73.356,44.354],[-73.358,44.357],[-73.355,44.359],[-73.358,44.364],[-73.361,44.367],[-73.361,44.372],[-73.364,44.376],[-73.37,44.377],[-73.373,44.382],[-73.376,44.387],[-73.376,44.394],[-73.38,44.398],[-73.381,44.402],[-73.376,44.403],[-73.373,44.408],[-73.369,44.412],[-73.364,44.414],[-73.369,44.416],[-73.372,44.422],[-73.372,44.429],[-73.373,44.434],[-73.376,44.439],[-73.376,44.442],[-73.375,44.446],[-73.378,44.447],[-73.383,44.443],[-73.386,44.438],[-73.389,44.431],[-73.393,44.427],[-73.391,44.42],[-73.39,44.414],[-73.394,44.412],[-73.397,44.41],[-73.397,44.406],[-73.393,44.402],[-73.388,44.399],[-73.394,44.394],[-73.4,44.395],[-73.404,44.392],[-73.407,44.395],[-73.413,44.398],[-73.414,44.404],[-73.418,44.408],[-73.415,44.412],[-73.414,44.419],[-73.412,44.424],[-73.409,44.428],[-73.407,44.433],[-73.402,44.438],[-73.4,44.444],[-73.398,44.45],[-73.398,44.456],[-73.397,44.461],[-73.397,44.464],[-73.399,44.468],[-73.402,44.468],[-73.407,44.471],[-73.412,44.475],[-73.415,44.481],[-73.417,44.486],[-73.414,44.489],[-73.409,44.492],[-73.405,44.496],[-73.399,44.5],[-73.393,44.504],[-73.388,44.507],[-73.385,44.512],[-73.386,44.517],[-73.388,44.52],[-73.394,44.522],[-73.402,44.523],[-73.403,44.527],[-73.408,44.532],[-73.414,44.537],[-73.42,44.544],[-73.427,44.55],[-73.424,44.556],[-73.424,44.559],[-73.424,44.564],[-73.421,44.567],[-73.422,44.571],[-73.426,44.572],[-73.434,44.575],[-73.438,44.58],[-73.439,44.586],[-73.44,44.593],[-73.438,44.597],[-73.439,44.604],[-73.44,44.607],[-73.437,44.611],[-73.438,44.617],[-73.443,44.619],[-73.447,44.623],[-73.445,44.628],[-73.446,44.633],[-73.441,44.636],[-73.437,44.639],[-73.434,44.644],[-73.435,44.646],[-73.437,44.652],[-73.439,44.656],[-73.44,44.662],[-73.442,44.669],[-73.442,44.676],[-73.443,44.682],[-73.444,44.687],[-73.444,44.693],[-73.442,44.696],[-73.445,44.698],[-73.446,44.701],[-73.443,44.706],[-73.444,44.708],[-73.448,44.709],[-73.447,44.713],[-73.442,44.716],[-73.436,44.719],[-73.43,44.721],[-73.422,44.723],[-73.416,44.722],[-73.414,44.719],[-73.41,44.716],[-73.408,44.713],[-73.405,44.708],[-73.401,44.703],[-73.397,44.698],[-73.393,44.694],[-73.387,44.691],[-73.383,44.694],[-73.381,44.697],[-73.381,44.701],[-73.382,44.706],[-73.38,44.71],[-73.378,44.716],[-73.379,44.72],[-73.384,44.722],[-73.388,44.727],[-73.389,44.73],[-73.394,44.732],[-73.399,44.733],[-73.404,44.736],[-73.406,44.741],[-73.409,44.743],[-73.414,44.746],[-73.417,44.748],[-73.412,44.748],[-73.41,44.756],[-73.408,44.766],[-73.404,44.773],[-73.394,44.775],[-73.389,44.773],[-73.388,44.774],[-73.387,44.771],[-73.384,44.775],[-73.379,44.779],[-73.38,44.776],[-73.384,44.768],[-73.382,44.767],[-73.38,44.768],[-73.377,44.772],[-73.375,44.776],[-73.374,44.781],[-73.37,44.785],[-73.366,44.785],[-73.368,44.787],[-73.365,44.791],[-73.362,44.797],[-73.361,44.801],[-73.365,44.804],[-73.366,44.809],[-73.37,44.813],[-73.371,44.817],[-73.373,44.821],[-73.378,44.819],[-73.379,44.817],[-73.385,44.814],[-73.39,44.811],[-73.394,44.815],[-73.4,44.818],[-73.401,44.825],[-73.404,44.83],[-73.408,44.834],[-73.409,44.839],[-73.402,44.843],[-73.398,44.842],[-73.395,44.844],[-73.395,44.846],[-73.392,44.85],[-73.387,44.853],[-73.387,44.857],[-73.391,44.858],[-73.394,44.862],[-73.395,44.866],[-73.394,44.87],[-73.388,44.873],[-73.383,44.876],[-73.379,44.877],[-73.379,44.88],[-73.378,44.884],[-73.378,44.889],[-73.379,44.893],[-73.38,44.897],[-73.379,44.901],[-73.38,44.904],[-73.376,44.906],[-73.375,44.91],[-73.376,44.915],[-73.379,44.92],[-73.383,44.923],[-73.386,44.928],[-73.386,44.932],[-73.386,44.938],[-73.382,44.944],[-73.379,44.949],[-73.373,44.951],[-73.368,44.949],[-73.363,44.947],[-73.364,44.941],[-73.362,44.935],[-73.356,44.935],[-73.353,44.939],[-73.351,44.944],[-73.354,44.95],[-73.355,44.957],[-73.36,44.959],[-73.359,44.965],[-73.356,44.971],[-73.363,44.975],[-73.363,44.982],[-73.363,44.983],[-73.364,44.988],[-73.362,44.991],[-73.362,44.995],[-73.36,44.995],[-73.358,44.999],[-73.353,44.999],[-73.354,45.004],[-73.349,45.005],[-73.349,45.008],[-73.351,45.006]]],[[[-73.4,43.561],[-73.401,43.566],[-73.403,43.567],[-73.4,43.561]]],[[[-73.429,43.638],[-73.425,43.646],[-73.418,43.652],[-73.425,43.648],[-73.429,43.642],[-73.429,43.638]]],[[[-73.373,44.495],[-73.373,44.502],[-73.379,44.501],[-73.373,44.495]]],[[[-73.415,44.636],[-73.421,44.636],[-73.426,44.633],[-73.424,44.628],[-73.428,44.626],[-73.43,44.624],[-73.429,44.621],[-73.424,44.621],[-73.425,44.617],[-73.423,44.611],[-73.419,44.608],[-73.413,44.609],[-73.409,44.61],[-73.41,44.615],[-73.409,44.618],[-73.405,44.621],[-73.409,44.622],[-73.405,44.625],[-73.405,44.628],[-73.409,44.63],[-73.411,44.633],[-73.413,44.636],[-73.415,44.636]]],[[[-73.418,44.659],[-73.415,44.663],[-73.418,44.662],[-73.418,44.659]]],[[[-75.441,44.74],[-75.44,44.742],[-75.441,44.74]]],[[[-75.384,44.772],[-75.384,44.769],[-75.384,44.772]]],[[[-75.412,44.767],[-75.406,44.772],[-75.415,44.769],[-75.417,44.764],[-75.413,44.766],[-75.412,44.767]]],[[[-75.365,44.78],[-75.366,44.784],[-75.374,44.78],[-75.385,44.776],[-75.396,44.771],[-75.403,44.768],[-75.411,44.761],[-75.419,44.755],[-75.418,44.75],[-75.419,44.751],[-75.415,44.755],[-75.41,44.758],[-75.415,44.753],[-75.409,44.758],[-75.403,44.761],[-75.397,44.763],[-75.394,44.763],[-75.389,44.764],[-75.389,44.769],[-75.388,44.772],[-75.384,44.773],[-75.382,44.773],[-75.38,44.775],[-75.375,44.778],[-75.374,44.776],[-75.365,44.78]]],[[[-75.202,44.872],[-75.196,44.879],[-75.202,44.876],[-75.209,44.872],[-75.216,44.876],[-75.225,44.868],[-75.235,44.866],[-75.241,44.863],[-75.234,44.861],[-75.223,44.865],[-75.216,44.868],[-75.204,44.871],[-75.202,44.872]]],[[[-75.165,44.891],[-75.167,44.889],[-75.165,44.891]]],[[[-75.127,44.897],[-75.129,44.896],[-75.127,44.897]]],[[[-75.001,44.942],[-75.001,44.94],[-75.001,44.942]]],[[[-74.995,44.952],[-74.996,44.945],[-74.993,44.941],[-74.989,44.946],[-74.992,44.948],[-74.993,44.948],[-74.993,44.951],[-74.995,44.952]]],[[[-74.963,44.956],[-74.963,44.959],[-74.963,44.956]]],[[[-74.923,44.965],[-74.926,44.965],[-74.929,44.965],[-74.923,44.965]]],[[[-74.965,44.971],[-74.969,44.969],[-74.966,44.968],[-74.965,44.971]]],[[[-74.908,44.971],[-74.911,44.971],[-74.908,44.971]]],[[[-74.958,44.974],[-74.961,44.973],[-74.961,44.969],[-74.957,44.967],[-74.954,44.968],[-74.956,44.974],[-74.958,44.974]]],[[[-74.89,44.975],[-74.894,44.974],[-74.896,44.973],[-74.89,44.975]]],[[[-74.962,44.982],[-74.967,44.98],[-74.97,44.98],[-74.975,44.98],[-74.98,44.978],[-74.984,44.975],[-74.99,44.971],[-74.996,44.972],[-74.995,44.968],[-74.993,44.963],[-74.987,44.963],[-74.981,44.966],[-74.976,44.971],[-74.969,44.973],[-74.963,44.978],[-74.962,44.982]]],[[[-74.886,44.984],[-74.888,44.985],[-74.886,44.984]]],[[[-74.896,44.986],[-74.899,44.981],[-74.904,44.982],[-74.91,44.981],[-74.914,44.978],[-74.92,44.976],[-74.925,44.974],[-74.929,44.975],[-74.93,44.969],[-74.931,44.972],[-74.93,44.977],[-74.934,44.976],[-74.938,44.975],[-74.938,44.971],[-74.94,44.967],[-74.94,44.966],[-74.934,44.967],[-74.924,44.968],[-74.917,44.97],[-74.913,44.973],[-74.908,44.975],[-74.902,44.977],[-74.899,44.977],[-74.897,44.98],[-74.894,44.984],[-74.895,44.986],[-74.896,44.986]]],[[[-74.876,44.986],[-74.878,44.985],[-74.877,44.984],[-74.876,44.985],[-74.876,44.986]]],[[[-74.885,44.99],[-74.885,44.984],[-74.883,44.985],[-74.885,44.99]]],[[[-74.888,44.991],[-74.894,44.992],[-74.896,44.988],[-74.892,44.986],[-74.889,44.99],[-74.888,44.991]]],[[[-74.872,44.997],[-74.873,44.994],[-74.872,44.996],[-74.872,44.996],[-74.872,44.997]]],[[[-74.883,44.999],[-74.888,44.998],[-74.89,44.996],[-74.889,44.994],[-74.882,44.993],[-74.876,44.993],[-74.875,44.993],[-74.877,44.996],[-74.883,44.998],[-74.883,44.999]]],[[[-74.834,45.013],[-74.838,45.01],[-74.843,45.008],[-74.848,45.003],[-74.853,45.001],[-74.858,45.001],[-74.86,45.002],[-74.861,44.998],[-74.857,44.995],[-74.85,44.996],[-74.846,44.997],[-74.842,44.999],[-74.838,44.999],[-74.834,44.998],[-74.833,44.997],[-74.827,44.992],[-74.822,44.995],[-74.816,44.999],[-74.809,45.001],[-74.801,45.001],[-74.802,45.005],[-74.811,45.006],[-74.824,45.008],[-74.829,45.01],[-74.833,45.013],[-74.834,45.013]]],[[[-74.097,42.983],[-74.13,42.983],[-74.147,42.983],[-74.17,42.983],[-74.19,42.983],[-74.234,42.984],[-74.276,42.984],[-74.29,42.984],[-74.308,42.984],[-74.332,42.984],[-74.345,42.985],[-74.406,42.985],[-74.427,42.985],[-74.473,42.985],[-74.5,42.985],[-74.521,42.985],[-74.534,42.985],[-74.561,42.991],[-74.587,42.998],[-74.621,43.008],[-74.637,43.012],[-74.676,43.023],[-74.727,43.038],[-74.75,43.045],[-74.759,43.044],[-74.754,43.04],[-74.749,43.036],[-74.744,43.031],[-74.742,43.025],[-74.741,43.019],[-74.741,43.011],[-74.742,43.003],[-74.74,42.998],[-74.742,42.989],[-74.745,42.966],[-74.747,42.954],[-74.751,42.929],[-74.754,42.911],[-74.758,42.89],[-74.761,42.876],[-74.749,42.859],[-74.711,42.848],[-74.689,42.841],[-74.649,42.83],[-74.608,42.822],[-74.583,42.817],[-74.576,42.815],[-74.556,42.811],[-74.536,42.803],[-74.522,42.798],[-74.499,42.79],[-74.484,42.784],[-74.458,42.774],[-74.426,42.775],[-74.401,42.777],[-74.388,42.778],[-74.363,42.78],[-74.321,42.783],[-74.289,42.784],[-74.263,42.796],[-74.256,42.796],[-74.253,42.79],[-74.248,42.785],[-74.252,42.781],[-74.255,42.774],[-74.252,42.767],[-74.255,42.761],[-74.26,42.757],[-74.266,42.756],[-74.274,42.757],[-74.287,42.757],[-74.298,42.754],[-74.306,42.751],[-74.301,42.743],[-74.282,42.724],[-74.271,42.719],[-74.269,42.715],[-74.243,42.717],[-74.219,42.715],[-74.193,42.712],[-74.179,42.729],[-74.166,42.718],[-74.169,42.694],[-74.168,42.674],[-74.171,42.665],[-74.174,42.658],[-74.178,42.649],[-74.182,42.642],[-74.187,42.636],[-74.194,42.619],[-74.205,42.607],[-74.218,42.594],[-74.22,42.585],[-74.234,42.576],[-74.24,42.553],[-74.233,42.536],[-74.226,42.519],[-74.225,42.508],[-74.227,42.497],[-74.234,42.488],[-74.25,42.455],[-74.254,42.443],[-74.259,42.431],[-74.265,42.42],[-74.263,42.407],[-74.226,42.411],[-74.195,42.415],[-74.156,42.419],[-74.13,42.423],[-74.096,42.426],[-74.061,42.43],[-74.018,42.436],[-73.989,42.439],[-73.968,42.441],[-73.947,42.443],[-73.93,42.445],[-73.908,42.448],[-73.894,42.45],[-73.879,42.453],[-73.853,42.456],[-73.817,42.461],[-73.784,42.464],[-73.786,42.475],[-73.785,42.487],[-73.779,42.5],[-73.766,42.519],[-73.758,42.535],[-73.754,42.557],[-73.754,42.583],[-73.761,42.608],[-73.751,42.636],[-73.747,42.646],[-73.73,42.664],[-73.725,42.673],[-73.741,42.679],[-73.76,42.685],[-73.761,42.68],[-73.77,42.679],[-73.778,42.686],[-73.782,42.683],[-73.787,42.687],[-73.8,42.689],[-73.817,42.693],[-73.829,42.7],[-73.848,42.711],[-73.871,42.724],[-73.894,42.737],[-73.903,42.743],[-73.922,42.754],[-73.931,42.759],[-73.93,42.761],[-73.912,42.768],[-73.92,42.783],[-73.923,42.789],[-73.931,42.789],[-73.944,42.788],[-73.952,42.789],[-73.963,42.79],[-73.974,42.794],[-73.974,42.809],[-73.965,42.807],[-73.953,42.812],[-73.949,42.82],[-73.936,42.827],[-73.921,42.841],[-73.911,42.846],[-73.896,42.851],[-73.899,42.873],[-73.901,42.888],[-73.902,42.897],[-73.904,42.911],[-73.926,42.908],[-73.938,42.904],[-73.95,42.899],[-73.964,42.902],[-73.977,42.916],[-73.993,42.926],[-73.999,42.93],[-74.008,42.935],[-74.017,42.938],[-74.024,42.941],[-74.043,42.949],[-74.057,42.953],[-74.087,42.955],[-74.095,42.965],[-74.097,42.976],[-74.097,42.983]]],[[[-73.956,40.788],[-73.961,40.791],[-73.964,40.793],[-73.969,40.797],[-73.973,40.8],[-73.979,40.795],[-73.984,40.788],[-73.988,40.781],[-73.989,40.78],[-73.993,40.775],[-73.994,40.773],[-73.995,40.772],[-73.999,40.771],[-73.997,40.767],[-73.998,40.766],[-74.003,40.765],[-74.005,40.763],[-74.004,40.759],[-74.008,40.755],[-74.009,40.752],[-74.009,40.75],[-74.009,40.747],[-74.01,40.745],[-74.009,40.743],[-74.01,40.742],[-74.011,40.738],[-74.008,40.738],[-74.003,40.735],[-73.999,40.735],[-73.999,40.74],[-73.997,40.743],[-73.995,40.746],[-73.993,40.75],[-73.993,40.754],[-73.988,40.759],[-73.985,40.764],[-73.982,40.768],[-73.978,40.774],[-73.974,40.779],[-73.97,40.779],[-73.962,40.779],[-73.959,40.784],[-73.956,40.788]]],[[[-75,42.866],[-75.024,42.876],[-75.077,42.898],[-75.106,42.902],[-75.12,42.885],[-75.128,42.875],[-75.177,42.858],[-75.211,42.857],[-75.214,42.88],[-75.242,42.877],[-75.245,42.874],[-75.248,42.87],[-75.245,42.868],[-75.247,42.865],[-75.245,42.864],[-75.244,42.862],[-75.244,42.86],[-75.246,42.857],[-75.247,42.855],[-75.245,42.852],[-75.246,42.85],[-75.246,42.849],[-75.247,42.847],[-75.247,42.844],[-75.243,42.843],[-75.241,42.838],[-75.241,42.835],[-75.243,42.832],[-75.245,42.831],[-75.25,42.824],[-75.248,42.821],[-75.246,42.817],[-75.244,42.815],[-75.249,42.812],[-75.249,42.809],[-75.25,42.807],[-75.251,42.803],[-75.252,42.799],[-75.252,42.796],[-75.25,42.793],[-75.253,42.788],[-75.254,42.784],[-75.257,42.782],[-75.259,42.781],[-75.258,42.777],[-75.263,42.777],[-75.266,42.775],[-75.273,42.773],[-75.275,42.768],[-75.275,42.765],[-75.28,42.764],[-75.28,42.759],[-75.282,42.754],[-75.287,42.751],[-75.291,42.752],[-75.293,42.748],[-75.296,42.742],[-75.293,42.737],[-75.296,42.733],[-75.3,42.729],[-75.296,42.728],[-75.296,42.723],[-75.297,42.719],[-75.299,42.717],[-75.301,42.714],[-75.303,42.71],[-75.307,42.705],[-75.31,42.698],[-75.313,42.693],[-75.316,42.687],[-75.32,42.684],[-75.325,42.681],[-75.327,42.678],[-75.329,42.674],[-75.328,42.672],[-75.331,42.666],[-75.331,42.662],[-75.328,42.655],[-75.328,42.651],[-75.325,42.647],[-75.324,42.642],[-75.324,42.637],[-75.326,42.634],[-75.33,42.631],[-75.328,42.627],[-75.323,42.624],[-75.326,42.62],[-75.332,42.616],[-75.338,42.61],[-75.338,42.604],[-75.337,42.599],[-75.336,42.594],[-75.332,42.593],[-75.33,42.59],[-75.325,42.588],[-75.327,42.585],[-75.327,42.581],[-75.327,42.577],[-75.331,42.574],[-75.332,42.569],[-75.333,42.566],[-75.338,42.564],[-75.342,42.561],[-75.347,42.56],[-75.35,42.558],[-75.354,42.555],[-75.358,42.554],[-75.362,42.553],[-75.365,42.555],[-75.367,42.551],[-75.369,42.545],[-75.37,42.54],[-75.373,42.536],[-75.377,42.535],[-75.381,42.532],[-75.387,42.524],[-75.385,42.518],[-75.389,42.514],[-75.394,42.511],[-75.403,42.51],[-75.408,42.517],[-75.422,42.517],[-75.44,42.516],[-75.45,42.541],[-75.452,42.562],[-75.496,42.56],[-75.512,42.559],[-75.539,42.558],[-75.564,42.551],[-75.561,42.519],[-75.559,42.494],[-75.557,42.463],[-75.601,42.461],[-75.649,42.458],[-75.66,42.43],[-75.672,42.383],[-75.704,42.382],[-75.754,42.38],[-75.789,42.384],[-75.824,42.383],[-75.859,42.381],[-75.854,42.354],[-75.851,42.33],[-75.888,42.325],[-75.949,42.323],[-75.966,42.322],[-75.982,42.309],[-75.979,42.264],[-75.978,42.234],[-75.953,42.235],[-75.921,42.236],[-75.903,42.237],[-75.879,42.239],[-75.845,42.238],[-75.846,42.232],[-75.849,42.225],[-75.849,42.219],[-75.845,42.212],[-75.842,42.205],[-75.834,42.198],[-75.832,42.185],[-75.83,42.177],[-75.838,42.167],[-75.844,42.162],[-75.858,42.163],[-75.884,42.164],[-75.897,42.143],[-75.884,42.144],[-75.876,42.124],[-75.869,42.116],[-75.858,42.108],[-75.862,42.102],[-75.867,42.099],[-75.861,42.081],[-75.865,42.062],[-75.878,42.043],[-75.871,42.006],[-75.849,41.998],[-75.767,41.998],[-75.752,41.998],[-75.715,41.998],[-75.656,41.999],[-75.585,41.999],[-75.516,41.999],[-75.476,41.999],[-75.399,41.999],[-75.356,41.998],[-75.348,41.996],[-75.342,41.994],[-75.339,41.989],[-75.338,41.982],[-75.341,41.977],[-75.341,41.972],[-75.335,41.971],[-75.329,41.969],[-75.324,41.964],[-75.32,41.96],[-75.318,41.954],[-75.314,41.951],[-75.308,41.949],[-75.302,41.948],[-75.301,41.953],[-75.295,41.955],[-75.291,41.952],[-75.291,41.946],[-75.288,41.942],[-75.282,41.94],[-75.279,41.936],[-75.277,41.931],[-75.277,41.925],[-75.275,41.92],[-75.272,41.915],[-75.269,41.91],[-75.267,41.904],[-75.271,41.898],[-75.272,41.892],[-75.27,41.887],[-75.264,41.885],[-75.259,41.882],[-75.257,41.876],[-75.263,41.872],[-75.262,41.866],[-75.257,41.862],[-75.25,41.862],[-75.244,41.867],[-75.239,41.865],[-75.232,41.86],[-75.226,41.858],[-75.219,41.862],[-75.214,41.868],[-75.206,41.87],[-75.2,41.869],[-75.194,41.867],[-75.19,41.863],[-75.185,41.86],[-75.181,41.864],[-75.179,41.87],[-75.173,41.873],[-75.168,41.869],[-75.168,41.862],[-75.166,41.856],[-75.163,41.851],[-75.156,41.849],[-75.148,41.85],[-75.142,41.852],[-75.136,41.849],[-75.13,41.845],[-75.124,41.846],[-75.117,41.846],[-75.113,41.84],[-75.114,41.834],[-75.115,41.827],[-75.112,41.822],[-75.105,41.82],[-75.1,41.818],[-75.095,41.814],[-75.085,41.812],[-75.079,41.815],[-75.072,41.814],[-75.072,41.807],[-75.075,41.801],[-75.08,41.797],[-75.087,41.797],[-75.093,41.797],[-75.097,41.792],[-75.102,41.787],[-75.104,41.782],[-75.104,41.775],[-75.102,41.77],[-75.096,41.769],[-75.087,41.769],[-75.08,41.771],[-75.074,41.771],[-75.069,41.767],[-75.062,41.765],[-75.059,41.761],[-75.055,41.756],[-75.053,41.75],[-75.053,41.743],[-75.055,41.737],[-75.054,41.73],[-75.052,41.723],[-75.05,41.717],[-75.052,41.712],[-75.06,41.713],[-75.067,41.713],[-75.069,41.708],[-75.063,41.702],[-75.057,41.696],[-75.054,41.69],[-75.052,41.685],[-75.052,41.68],[-75.057,41.676],[-75.059,41.672],[-75.055,41.669],[-75.05,41.663],[-75.049,41.656],[-75.049,41.649],[-75.049,41.644],[-75.049,41.637],[-75.047,41.63],[-75.044,41.624],[-75.044,41.617],[-75.05,41.617],[-75.057,41.618],[-75.061,41.614],[-75.061,41.61],[-75.067,41.61],[-75.074,41.609],[-75.073,41.605],[-75.068,41.6],[-75.062,41.593],[-75.058,41.59],[-75.052,41.587],[-75.046,41.583],[-75.044,41.576],[-75.04,41.57],[-75.034,41.565],[-75.028,41.564],[-75.022,41.556],[-75.018,41.551],[-75.016,41.545],[-75.022,41.542],[-75.025,41.536],[-75.02,41.533],[-75.013,41.53],[-75.007,41.526],[-75.001,41.521],[-75.003,41.514],[-75.002,41.508],[-74.994,41.509],[-74.987,41.509],[-74.983,41.504],[-74.983,41.497],[-74.985,41.49],[-74.985,41.484],[-74.981,41.48],[-74.973,41.478],[-74.966,41.477],[-74.956,41.477],[-74.948,41.481],[-74.943,41.484],[-74.935,41.483],[-74.928,41.479],[-74.922,41.477],[-74.914,41.476],[-74.909,41.473],[-74.908,41.466],[-74.906,41.461],[-74.897,41.459],[-74.891,41.456],[-74.89,41.45],[-74.896,41.445],[-74.895,41.439],[-74.888,41.438],[-74.878,41.44],[-74.871,41.442],[-74.861,41.444],[-74.854,41.443],[-74.847,41.439],[-74.842,41.435],[-74.836,41.431],[-74.828,41.431],[-74.823,41.436],[-74.818,41.441],[-74.808,41.443],[-74.801,41.439],[-74.799,41.431],[-74.795,41.424],[-74.789,41.421],[-74.781,41.424],[-74.774,41.426],[-74.768,41.425],[-74.759,41.423],[-74.756,41.428],[-74.754,41.433],[-74.759,41.441],[-74.761,41.45],[-74.759,41.455],[-74.759,41.461],[-74.751,41.464],[-74.753,41.467],[-74.753,41.473],[-74.754,41.479],[-74.759,41.481],[-74.762,41.488],[-74.758,41.491],[-74.752,41.493],[-74.717,41.495],[-74.645,41.498],[-74.611,41.499],[-74.56,41.501],[-74.549,41.502],[-74.519,41.503],[-74.496,41.504],[-74.489,41.504],[-74.482,41.504],[-74.476,41.505],[-74.475,41.507],[-74.476,41.511],[-74.473,41.513],[-74.468,41.516],[-74.465,41.52],[-74.462,41.524],[-74.458,41.527],[-74.456,41.53],[-74.453,41.533],[-74.448,41.534],[-74.444,41.538],[-74.446,41.543],[-74.441,41.544],[-74.439,41.546],[-74.436,41.546],[-74.436,41.551],[-74.43,41.554],[-74.426,41.556],[-74.429,41.559],[-74.423,41.561],[-74.42,41.563],[-74.418,41.569],[-74.414,41.568],[-74.408,41.568],[-74.41,41.572],[-74.407,41.572],[-74.402,41.575],[-74.396,41.576],[-74.394,41.582],[-74.391,41.586],[-74.387,41.583],[-74.381,41.586],[-74.375,41.587],[-74.37,41.59],[-74.363,41.592],[-74.357,41.591],[-74.353,41.593],[-74.352,41.597],[-74.346,41.598],[-74.341,41.595],[-74.336,41.596],[-74.33,41.598],[-74.327,41.602],[-74.32,41.603],[-74.315,41.608],[-74.311,41.611],[-74.306,41.609],[-74.305,41.613],[-74.3,41.616],[-74.295,41.619],[-74.29,41.62],[-74.284,41.623],[-74.278,41.626],[-74.272,41.629],[-74.266,41.63],[-74.25,41.625],[-74.25,41.605],[-74.237,41.602],[-74.202,41.594],[-74.184,41.594],[-74.171,41.591],[-74.144,41.586],[-74.127,41.587],[-74.132,41.605],[-74.129,41.626],[-74.131,41.634],[-74.143,41.639],[-74.137,41.653],[-74.121,41.676],[-74.098,41.686],[-74.091,41.697],[-74.109,41.713],[-74.12,41.72],[-74.139,41.731],[-74.16,41.744],[-74.159,41.759],[-74.141,41.774],[-74.136,41.779],[-74.126,41.788],[-74.118,41.796],[-74.12,41.81],[-74.124,41.824],[-74.124,41.831],[-74.11,41.852],[-74.09,41.885],[-74.088,41.906],[-74.118,41.922],[-74.154,41.942],[-74.17,41.971],[-74.182,41.991],[-74.242,42.009],[-74.252,42.02],[-74.258,42.02],[-74.262,42.021],[-74.267,42.019],[-74.273,42.019],[-74.319,41.996],[-74.365,41.965],[-74.437,42.003],[-74.5,42.049],[-74.49,42.102],[-74.543,42.125],[-74.543,42.133],[-74.509,42.145],[-74.494,42.15],[-74.481,42.156],[-74.456,42.171],[-74.498,42.187],[-74.537,42.201],[-74.512,42.236],[-74.5,42.252],[-74.476,42.284],[-74.446,42.325],[-74.438,42.335],[-74.44,42.354],[-74.424,42.361],[-74.378,42.372],[-74.367,42.368],[-74.356,42.363],[-74.348,42.358],[-74.34,42.358],[-74.332,42.357],[-74.323,42.36],[-74.313,42.357],[-74.302,42.362],[-74.295,42.361],[-74.283,42.362],[-74.271,42.367],[-74.266,42.373],[-74.26,42.378],[-74.251,42.379],[-74.245,42.379],[-74.263,42.407],[-74.265,42.42],[-74.259,42.431],[-74.254,42.443],[-74.25,42.455],[-74.234,42.488],[-74.227,42.497],[-74.225,42.508],[-74.226,42.519],[-74.233,42.536],[-74.24,42.553],[-74.234,42.576],[-74.22,42.585],[-74.218,42.594],[-74.205,42.607],[-74.194,42.619],[-74.187,42.636],[-74.182,42.642],[-74.178,42.649],[-74.174,42.658],[-74.171,42.665],[-74.168,42.674],[-74.169,42.694],[-74.166,42.718],[-74.179,42.729],[-74.193,42.712],[-74.219,42.715],[-74.243,42.717],[-74.269,42.715],[-74.271,42.719],[-74.282,42.724],[-74.301,42.743],[-74.306,42.751],[-74.298,42.754],[-74.287,42.757],[-74.274,42.757],[-74.266,42.756],[-74.26,42.757],[-74.255,42.761],[-74.252,42.767],[-74.255,42.774],[-74.252,42.781],[-74.248,42.785],[-74.253,42.79],[-74.256,42.796],[-74.263,42.796],[-74.289,42.784],[-74.321,42.783],[-74.363,42.78],[-74.388,42.778],[-74.401,42.777],[-74.426,42.775],[-74.458,42.774],[-74.484,42.784],[-74.499,42.79],[-74.522,42.798],[-74.536,42.803],[-74.556,42.811],[-74.576,42.815],[-74.583,42.817],[-74.608,42.822],[-74.649,42.83],[-74.689,42.841],[-74.711,42.848],[-74.749,42.859],[-74.795,42.873],[-74.83,42.884],[-74.864,42.894],[-74.882,42.883],[-74.885,42.864],[-74.898,42.83],[-74.919,42.831],[-74.962,42.849],[-74.981,42.858],[-74.993,42.863],[-75,42.866]]],[[[-73.916,40.776],[-73.919,40.781],[-73.922,40.781],[-73.928,40.777],[-73.934,40.778],[-73.938,40.774],[-73.936,40.769],[-73.941,40.767],[-73.946,40.761],[-73.952,40.754],[-73.955,40.75],[-73.957,40.749],[-73.96,40.744],[-73.962,40.74],[-73.962,40.733],[-73.961,40.727],[-73.958,40.725],[-73.962,40.723],[-73.964,40.72],[-73.967,40.718],[-73.967,40.714],[-73.959,40.713],[-73.953,40.714],[-73.948,40.718],[-73.942,40.722],[-73.937,40.726],[-73.943,40.728],[-73.941,40.733],[-73.952,40.74],[-73.943,40.741],[-73.938,40.743],[-73.937,40.748],[-73.93,40.752],[-73.925,40.754],[-73.915,40.764],[-73.913,40.77],[-73.918,40.775],[-73.916,40.776]]],[[[-73.965,40.752],[-73.974,40.752],[-73.978,40.746],[-73.982,40.743],[-73.989,40.737],[-73.987,40.733],[-73.972,40.727],[-73.973,40.735],[-73.972,40.74],[-73.97,40.745],[-73.965,40.752]]]]}}]}